band,d,dfloor,rss
2.4,3.3722037663439206,0,-44
2.4,2.9102724523478085,0,-37
2.4,2.4632525757714996,0,-41
2.4,2.040965643315764,0,-38
2.4,1.733171301780541,0,-35
2.4,1.414853443458387,0,-34
2.4,3.228520369634753,0,-49
2.4,2.7424936248416194,0,-45
2.4,2.2625646482360073,0,-45
2.4,1.793634938497165,0,-43
2.4,1.4336904466160239,0,-36
2.4,1.0263507206936888,0,-44
2.4,3.158311148786472,0,-46
2.4,2.659484314242016,0,-43
2.4,2.161199741543971,0,-44
2.4,1.6639446589355453,0,-42
2.4,1.2676962696641705,0,-41
2.4,0.7778054623560146,0,-49
2.4,3.1664672504150935,0,-55
2.4,2.6691651041293274,0,-43
2.4,2.173101437635189,0,-40
2.4,1.679374098705386,0,-40
2.4,1.2878817366213609,0,-47
2.4,0.8102881417577655,0,-45
2.4,3.2523991734339317,0,-42
2.4,2.7705645432842965,0,-39
2.4,2.296509393330348,0,-47
2.4,1.8362687436224923,0,-45
2.4,1.486682515847029,0,-41
2.4,1.0991598646582998,0,-41
2.4,3.4102325314787727,0,-44
2.4,2.9542534461190906,0,-47
2.4,2.5150628081733712,0,-41
2.4,2.103204325358648,0,-36
2.4,1.8060482934649478,0,-35
2.4,1.5032424766078327,0,-38
2.4,3.6306020787410067,0,-39
2.4,3.1510128295880415,0,-49
2.4,2.743503117800094,0,-40
2.4,2.3716527702278087,0,-36
2.4,2.1126000252413055,0,-40
2.4,1.8603780185220329,0,-41
2.4,1.1995452361943737,0,-37
2.4,1.3177335769635308,0,-32
2.4,1.6594983537315044,0,-37
2.4,2.119303610202667,0,-37
2.4,2.5474252290044666,0,-41
2.4,3.089803926392247,0,-46
2.4,3.650260444095659,0,-54
2.4,0.6003306732040049,0,-35
2.4,0.8113719383488551,0,-35
2.4,1.2945413969898572,0,-31
2.4,1.847525489594375,0,-43
2.4,2.3262153683292817,0,-52
2.4,2.910118716827859,0,-38
2.4,3.499471953339863,0,-42
2.4,0.04795372428137699,0,-37
2.4,0.5479297991739991,0,-36
2.4,1.1479286001330098,0,-37
2.4,1.7479282242654632,0,-48
2.4,2.3479280404996024,0,-43
2.4,2.847927946510358,0,-40
2.4,3.447927869705977,0,-44
2.4,0.6034916752991163,0,-38
2.4,0.8137135290172696,0,-35
2.4,1.2960103060879613,0,-42
2.4,1.8485550356066478,0,-40
2.4,2.423771591104901,0,-37
2.4,2.910772445760332,0,-37
2.4,3.5000156052763645,0,-43
2.4,1.1026276513663775,0,-37
2.4,1.2303313548423198,0,-37
2.4,1.5909834219402197,0,-40
2.4,2.0660932348442302,0,-44
2.4,2.593502315643767,0,-37
2.4,3.0535523192504797,0,-40
2.4,3.619626330518176,0,-40
2.4,1.702260373750328,0,-40
2.4,1.7876291240609756,0,-39
2.4,2.0525912626169593,0,-41
2.4,2.4393941660895986,0,-41
2.4,2.899682207369017,0,-41
2.4,3.317541922701634,0,-38
2.4,3.844944396875376,0,-36
2.4,7.338542669766701,0,-55
2.4,6.900488777806281,0,-52
2.4,6.531407369723179,0,-49
2.4,6.213866444734597,0,-47
2.4,6.031141935789806,0,-43
2.4,5.951235998201235,0,-45
2.4,5.989162201010302,0,-39
2.4,6.134541606889174,0,-34
2.4,6.377706294844429,0,-46
2.4,6.754849483668941,0,-52
2.4,7.168718742123058,0,-63
2.4,7.644152357214647,0,-64
2.4,6.6300783560012215,0,-52
2.4,6.141699753599138,0,-56
2.4,5.81227995033219,0,-46
2.4,5.4530222982083885,0,-55
2.4,5.243852499966196,0,-48
2.4,5.151749789930172,0,-39
2.4,5.1955153605556665,0,-40
2.4,5.362454355834996,0,-40
2.4,5.639011755179941,0,-47
2.4,6.062285669512933,0,-52
2.4,6.520264135403236,0,-58
2.4,7.039629340531329,0,-62
2.4,6.043281806971704,0,-60
2.4,5.503071129389391,0,-58
2.4,5.032527070147051,0,-68
2.4,4.612936448238496,0,-53
2.4,4.363681877970829,0,-44
2.4,4.252558804857948,0,-36
2.4,4.3054744631107935,0,-36
2.4,4.505512979577688,0,-41
2.4,4.831374966382433,0,-47
2.4,5.319308040479623,0,-64
2.4,5.835886812315246,0,-64
2.4,6.410936884948942,0,-67
2.4,8.811836135600707,0,-68
2.4,10.131329967040188,0,-72
2.4,10.789179012218233,0,-74
2.4,11.465117557806995,0,-74
2.4,12.24343802116295,0,-82
2.4,12.948525454070142,0,-81
2.4,13.664071439045767,0,-82
2.4,14.479630598018394,0,-81
2.4,15.951952105255275,0,-87
2.4,16.790402911546895,0,-83
2.4,17.54081431372918,0,-81
2.4,18.29542849034617,0,-84
2.4,19.05374610154166,0,-80
2.4,19.91075323702593,0,-79
2.4,20.67560473897637,0,-82
2.4,21.47097467932129,0,-82
2.4,22.335971159629047,0,-83
2.4,23.107101603196025,0,-85
2.4,23.880131518839423,0,-84
2.4,24.751839029065952,0,-83
2.4,27.963440415200136,0,-83
2.4,28.745026295188737,0,-81
2.4,29.625485492643268,0,-85
2.4,30.409076400500233,0,-87
2.4,31.19350035485123,0,-83
2.4,32.076896956405065,0,-83
2.4,32.86289480871203,0,-83
2.4,33.64955262800853,0,-82
2.4,34.43682518644482,0,-89
2.4,35.32319044035354,0,-88
2.4,36.11163690200332,0,-90
2.4,36.90058070815109,0,-92
2.4,37.78869818560168,0,-92
2.4,38.57859830811819,0,-89
2.4,39.36890631292396,0,-89
2.4,41.840993199884686,0,-91
2.4,42.73173956108644,0,-92
2.4,43.523833732486885,0,-91
2.4,44.31621192780141,0,-91
2.4,45.20795829932526,0,-90
2.4,46.00089162668671,0,-90
2.4,46.79406551376808,0,-87
2.4,47.68665873460358,0,-84
2.4,48.48030484771303,0,-83
2.4,49.27415646141323,0,-91
2.4,50.0682038008203,0,-90
2.4,50.961729619433044,0,-88
2.4,51.75616313697184,0,-89
2.4,8.292874777327684,0,-77
2.4,8.9338854329503,0,-75
2.4,9.683344612932343,0,-73
2.4,10.369652826852484,0,-72
2.4,11.071234646871755,0,-77
2.4,11.875398543620244,0,-78
2.4,12.60109627875534,0,-79
2.4,13.335297682583075,0,-80
2.4,14.16979245602524,0,-78
2.4,14.917960822561298,0,-78
2.4,16.523950675423894,0,-80
2.4,17.285933089668195,0,-80
2.4,19.68657945041489,0,-83
2.4,20.459812983361836,0,-83
2.4,21.235029648455527,0,-83
2.4,23.66821522311721,0,-85
2.4,24.547449273020646,0,-85
2.4,26.11402572421206,0,-85
2.4,26.99694785505454,0,-79
2.4,27.782687601187497,0,-81
2.4,28.569218876297988,0,-82
2.4,29.45493373215336,0,-82
2.4,30.242943937754962,0,-87
2.4,31.031567715454422,0,-89
2.4,31.935726613678103,0,-89
2.4,32.72511529697384,0,-90
2.4,33.515007206576506,0,-90
2.4,35.19504366920495,0,-87
2.4,35.9862978886949,0,-86
2.4,36.77793050989318,0,-86
2.4,37.668939811922705,0,-91
2.4,38.46129955436892,0,-91
2.4,39.25396922946192,0,-88
2.4,40.14607022152065,0,-85
2.4,40.93933916281394,0,-82
2.4,42.62587103987764,0,-96
2.4,43.4198965770869,0,-93
2.4,44.21413750851155,0,-81
2.4,45.10790185305997,0,-84
2.4,45.90256361513957,0,-86
2.4,46.697407672145765,0,-93
2.4,47.591813763107446,0,-89
2.4,48.38701555292439,0,-88
2.4,49.1823729701566,0,-88
2.4,51.6687888250983,0,-93
2.4,7.766305592955185,0,-75
2.4,8.498095370189779,0,-71
2.4,9.282805550293793,0,-73
2.4,9.996650226011166,0,-74
2.4,10.722665368174694,0,-75
2.4,11.551121441729249,0,-78
2.4,12.29597265035268,0,-79
2.4,13.899148687548788,0,-83
2.4,14.66113471376732,0,-83
2.4,16.292460278165517,0,-81
2.4,17.06478241209788,0,-85
2.4,17.83954415417863,0,-86
2.4,23.507184600448362,0,-83
2.4,24.392223797827068,0,-83
2.4,26.855884075567,0,-87
2.4,27.645633404516833,0,-87
2.4,29.325695851203687,0,-87
2.4,30.117087741246642,0,-87
2.4,32.592896491274914,0,-93
2.4,33.38591676961416,0,-90
2.4,34.278452306242315,0,-89
2.4,35.07213750782767,0,-85
2.4,35.866103304159154,0,-86
2.4,36.66033146442161,0,-86
2.4,40.03836516045575,0,-87
2.4,40.83372652083863,0,-85
2.4,41.62926564852285,0,-88
2.4,42.53478809045648,0,-84
2.4,43.330482743176105,0,-90
2.4,44.126333085962706,0,-89
2.4,45.021840539643094,0,-87
2.4,48.30679652089037,0,-92
2.4,49.10345331,0,-91
2.4,49.99981980898606,0,-91
2.4,51.593672622176854,0,-94
2.4,6.756174518228549,1,-78
2.4,7.17626282158653,1,-83
2.4,7.67929697616972,1,-84
2.4,8.250118545326103,1,-82
2.4,5.9489179361872235,1,-82
2.4,6.422030720513128,1,-82
2.4,7.603169503744014,1,-88
2.4,5.172364556198581,1,-82
2.4,5.710184678794868,1,-80
2.4,8.803805590117125,1,-88
2.4,10.81828256483764,1,-90
2.4,11.570137925556217,1,-87
2.4,12.255228617738561,1,-92
2.4,13.041605822779742,1,-92
2.4,13.841832841083107,1,-91
2.4,14.562928045456058,1,-95
2.4,8.910868494318112,1,-87
2.4,9.569018454349171,1,-88
2.4,11.118085361568495,1,-94
2.4,11.829385400931338,1,-91
2.4,8.464448789778961,1,-86
2.4,19.028734230496912,1,-97
2.4,10.01802972732348,2,-85
2.4,9.405520778262433,2,-87
2.4,8.806061696531309,2,-88
2.4,8.304770291641749,2,-93
2.4,13.646821256628366,2,-93
2.4,10.443649906777846,2,-93
2.4,13.458378437238535,2,-91
2.4,12.78087835998436,2,-91
2.4,8.145622266115867,2,-91
2.4,7.600897913803479,2,-91
2.4,7.921683201487261,2,-93
2.4,7.360404318958637,2,-93
2.4,12.50859600613765,2,-93
2.4,11.818116412421741,2,-93
2.4,7.480602040366475,2,-91
2.4,6.883450724756774,2,-92
2.4,13.047927601484574,2,-92
2.4,9.647927635433431,2,-93
2.4,8.84792764721319,2,-93
2.4,7.447927673916982,2,-91
2.4,6.847927688703928,2,-91
2.4,10.365399597133417,2,-92
2.4,9.666664900628499,2,-90
2.4,8.868355331897927,2,-89
2.4,13.112686112525886,2,-92
2.4,12.41633756702912,2,-92
2.4,11.025027962050594,2,-90
2.4,10.42946444252134,2,-90
2.4,7.560803464443753,2,-93
2.4,6.970526237075947,2,-93
2.4,12.493491954649887,2,-92
2.4,11.802128736532696,2,-92
2.4,11.111847020476855,2,-91
2.4,10.521199133192939,2,-90
2.4,9.833541208185851,2,-95
2.4,9.049964015665955,2,-95
2.4,6.343745931675711,2,-92
2.4,5.166051338623264,2,-85
2.4,4.484527614596729,2,-85
2.4,6.267775928360476,2,-87
2.4,5.669876725463661,2,-86
2.4,5.0724736643746215,2,-86
2.4,4.349114071974474,2,-90
2.4,6.299137836258328,2,-86
2.4,5.7045266652020095,2,-91
2.4,4.4212003981509085,2,-88
2.4,6.403205456852383,2,-87
2.4,5.8192376748577335,2,-88
2.4,5.238894359528852,2,-85
2.4,4.568250825326104,2,-85
2.4,6.5607120623562665,2,-85
2.4,5.430277778602683,2,-86
2.4,4.786524652143297,2,-89
2.4,7.817397047019862,2,-88
2.4,7.346712433774332,2,-87
2.4,6.896134466379984,2,-89
2.4,6.469865344210299,2,-89
2.4,7.417810751179773,2,-87
2.4,4.87624030000434,2,-83
2.4,6.073025981010863,2,-88
2.4,5.655488136210912,2,-89
2.4,5.297871983316682,2,-88
2.4,5.048755742302389,2,-86
2.4,4.836614108880383,2,-86
2.4,4.719717950366338,2,-91
2.4,4.705171519062792,2,-91
2.4,4.79390660282291,2,-90
2.4,4.9481337401497765,2,-89
2.4,5.210271490354227,2,-90
2.4,5.548858485849813,2,-90
2.4,4.688247785812435,2,-85
2.4,4.404787656061835,2,-85
2.4,4.023426062521044,2,-87
2.4,4.006352302701677,2,-87
2.4,4.289084664584272,2,-90
2.4,4.5890248150082416,2,-87
2.4,4.970115717521156,2,-88
2.4,5.068144045423302,2,-90
2.4,4.559494002403018,2,-93
2.4,3.7807901349530186,2,-90
2.4,3.492459811844296,2,-87
2.4,3.308032424709041,2,-88
2.4,3.4330715133413414,2,-88
2.4,3.9939164365726,2,-90
2.4,4.426541538844314,2,-88
2.4,4.699785815081635,2,-88
2.4,4.146189600154818,2,-92
2.4,3.643321244856324,2,-91
2.4,3.2705162722483045,2,-90
2.4,2.9324355371994755,2,-90
2.4,2.735339041621682,2,-89
2.4,2.7101625717674684,2,-89
2.4,2.8614476507877424,2,-88
2.4,3.112935857356879,2,-89
2.4,3.5147220579738105,2,-91
2.4,3.9995215510854636,2,-91
2.4,4.335920485572345,2,-91
2.4,3.728687161722653,2,-90
2.4,3.16006478458667,2,-90
2.4,2.721855329844756,2,-90
2.4,2.3046470292419485,2,-89
2.4,2.047998882368636,2,-88
2.4,2.014249466916305,2,-86
2.4,2.21361749355259,2,-85
2.4,2.5303338518032694,2,-86
2.4,3.010895364234868,2,-90
2.4,3.564883222093037,2,-93
2.4,4.0610868258102135,2,-88
2.4,3.405191286779451,2,-90
2.4,2.7709617811056426,2,-91
2.4,2.258476518843547,2,-91
2.4,1.733094826879677,2,-90
2.4,1.3735061600686553,2,-88
2.4,1.3226566691836472,2,-85
2.4,1.610068991479996,2,-83
2.4,2.0235634784075667,2,-84
2.4,2.599559701936922,2,-88
2.4,3.2249980056929948,2,-91
2.4,3.894181037950422,2,-86
2.4,3.2043013979839734,2,-89
2.4,2.520009710678018,2,-90
2.4,1.9424046786730669,2,-90
2.4,1.2945413969898572,2,-92
2.4,0.7474884088130707,2,-93
2.4,0.6493384434170928,2,-78
2.4,1.124518522252419,2,-84
2.4,1.6634388779598375,2,-85
2.4,2.330221103993724,2,-84
2.4,3.0121141887861995,2,-88
2.4,2.447928018630121,2,-90
2.4,1.8479281853508,2,-90
2.4,0.44793031131279426,2,-86
2.4,0.25207748130726326,2,-87
2.4,0.9520738150855977,2,-87
2.4,1.552073304709273,2,-87
2.4,2.252073052984874,2,-88
2.4,3.9113640010076876,2,-86
2.4,3.225161986810629,2,-86
2.4,1.9766280195770922,2,-82
2.4,1.3453474720557095,2,-82
2.4,0.8323829127007194,2,-85
2.4,0.7454950074585144,2,-85
2.4,1.1826513852082539,2,-87
2.4,1.703276634241931,2,-89
2.4,2.3588244499207582,2,-89
2.4,4.095239687483778,2,-89
2.4,3.4458510691455673,2,-90
2.4,2.8207784534629994,2,-86
2.4,1.8116786608364224,2,-84
2.4,1.4714214429997607,2,-83
2.4,1.4240725247363404,2,-82
2.4,1.6943683331844839,2,-84
2.4,2.091260634717224,2,-88
2.4,3.2262998671984087,2,-83
2.4,2.798481342961568,2,-83
2.4,2.394660585488768,2,-83
2.4,2.1487905464430113,2,-81
2.4,2.116648838440683,2,-81
2.4,2.307185254387199,2,-83
2.4,2.6125831645865825,2,-88
2.4,3.0803396378761048,2,-89
2.4,3.623726504230156,2,-89
2.4,4.759771800944762,2,-91
2.4,3.3561462388381313,2,-90
2.4,3.0276424936337456,2,-85
2.4,2.837167700726591,2,-83
2.4,2.812902780907234,2,-83
2.4,2.9589395985090805,2,-85
2.4,3.202781688071261,2,-90
2.4,3.594539196369132,2,-92
2.4,4.069841953568155,2,-91
2.4,5.135886509605895,2,-97
2.4,4.190839202967672,2,-91
2.4,3.871126479327461,2,-87
2.4,3.5900587337451255,2,-89
2.4,3.4309507726764457,2,-89
2.4,3.4109125901023227,2,-89
2.4,3.5323117345596735,2,-88
2.4,3.7389454641552993,2,-88
2.4,5.624015468427801,2,-96
2.4,4.125971758760893,2,-85
2.4,4.109324086377454,2,-85
2.4,6.15319183340472,2,-89
2.4,5.38958001371697,2,-89
2.4,5.144906191377733,2,-89
2.4,4.9368979340134596,2,-88
2.4,4.822433276226413,2,-88
2.4,4.808197603722755,2,-90
2.4,4.895065442793863,2,-90
2.4,5.303494524918796,2,-91
2.4,5.6364843358811045,2,-91
2.4,6.632018725935674,2,-77
2.4,6.251925613277149,2,-82
2.4,5.930385768796185,2,-82
2.4,5.7089370604833105,2,-80
2.4,5.522215484146671,2,-78
2.4,5.420125952977357,2,-78
2.4,5.407463993308522,2,-79
2.4,5.484848979845988,2,-82
2.4,5.620147269025705,2,-85
2.4,5.852260829656052,2,-84
2.4,6.155636304324351,2,-79
5,3.3722037663439206,0,-48
5,2.9102724523478085,0,-50
5,2.4632525757714996,0,-51
5,2.040965643315764,0,-50
5,1.733171301780541,0,-57
5,1.414853443458387,0,-54
5,3.228520369634753,0,-51
5,2.7424936248416194,0,-53
5,2.2625646482360073,0,-49
5,1.793634938497165,0,-47
5,1.4336904466160239,0,-47
5,1.0263507206936888,0,-50
5,3.158311148786472,0,-48
5,2.659484314242016,0,-49
5,2.161199741543971,0,-50
5,1.6639446589355453,0,-48
5,1.2676962696641705,0,-50
5,0.7778054623560146,0,-52
5,3.1664672504150935,0,-51
5,2.6691651041293274,0,-50
5,2.173101437635189,0,-51
5,1.679374098705386,0,-52
5,1.2878817366213609,0,-62
5,0.8102881417577655,0,-54
5,3.2523991734339317,0,-50
5,2.7705645432842965,0,-50
5,2.296509393330348,0,-48
5,1.8362687436224923,0,-54
5,1.486682515847029,0,-52
5,1.0991598646582998,0,-51
5,3.4102325314787727,0,-50
5,2.9542534461190906,0,-46
5,2.5150628081733712,0,-44
5,2.103204325358648,0,-48
5,1.8060482934649478,0,-50
5,1.5032424766078327,0,-52
5,3.6306020787410067,0,-46
5,3.1510128295880415,0,-43
5,2.743503117800094,0,-50
5,2.3716527702278087,0,-49
5,2.1126000252413055,0,-47
5,1.8603780185220329,0,-45
5,1.1995452361943737,0,-45
5,1.3177335769635308,0,-44
5,1.6594983537315044,0,-52
5,2.119303610202667,0,-47
5,2.5474252290044666,0,-48
5,3.089803926392247,0,-50
5,3.650260444095659,0,-47
5,0.6003306732040049,0,-49
5,0.8113719383488551,0,-44
5,1.2945413969898572,0,-47
5,1.847525489594375,0,-48
5,2.3262153683292817,0,-46
5,2.910118716827859,0,-48
5,3.499471953339863,0,-52
5,0.04795372428137699,0,-49
5,0.5479297991739991,0,-46
5,1.1479286001330098,0,-49
5,1.7479282242654632,0,-47
5,2.3479280404996024,0,-46
5,2.847927946510358,0,-47
5,3.447927869705977,0,-48
5,0.6034916752991163,0,-53
5,0.8137135290172696,0,-55
5,1.2960103060879613,0,-46
5,1.8485550356066478,0,-47
5,2.423771591104901,0,-48
5,2.910772445760332,0,-48
5,3.5000156052763645,0,-48
5,1.1026276513663775,0,-50
5,1.2303313548423198,0,-49
5,1.5909834219402197,0,-47
5,2.0660932348442302,0,-46
5,2.593502315643767,0,-45
5,3.0535523192504797,0,-51
5,3.619626330518176,0,-49
5,1.702260373750328,0,-56
5,1.7876291240609756,0,-54
5,2.0525912626169593,0,-60
5,2.4393941660895986,0,-57
5,2.899682207369017,0,-51
5,3.317541922701634,0,-45
5,3.844944396875376,0,-45
5,7.338542669766701,0,-64
5,6.900488777806281,0,-57
5,6.531407369723179,0,-60
5,6.213866444734597,0,-56
5,6.031141935789806,0,-49
5,5.951235998201235,0,-53
5,5.989162201010302,0,-50
5,6.134541606889174,0,-49
5,6.377706294844429,0,-66
5,6.754849483668941,0,-65
5,7.168718742123058,0,-71
5,7.644152357214647,0,-76
5,6.6300783560012215,0,-67
5,6.141699753599138,0,-60
5,5.81227995033219,0,-57
5,5.4530222982083885,0,-56
5,5.243852499966196,0,-52
5,5.151749789930172,0,-52
5,5.1955153605556665,0,-49
5,5.362454355834996,0,-53
5,5.639011755179941,0,-60
5,6.062285669512933,0,-72
5,6.520264135403236,0,-75
5,7.039629340531329,0,-76
5,6.043281806971704,0,-63
5,5.503071129389391,0,-64
5,5.032527070147051,0,-60
5,4.612936448238496,0,-56
5,4.363681877970829,0,-44
5,4.252558804857948,0,-44
5,4.3054744631107935,0,-48
5,4.505512979577688,0,-50
5,4.831374966382433,0,-62
5,5.319308040479623,0,-69
5,5.835886812315246,0,-79
5,6.410936884948942,0,-82
5,8.811836135600707,0,-86
5,9.417589550268277,0,-87
5,10.131329967040188,0,-87
5,10.789179012218233,0,-90
5,11.465117557806995,0,-87
5,12.24343802116295,0,-86
5,12.948525454070142,0,-87
5,13.664071439045767,0,-87
5,28.745026295188737,0,-91
5,29.625485492643268,0,-90
5,30.409076400500233,0,-89
5,35.32319044035354,0,-98
5,8.292874777327684,0,-88
5,8.9338854329503,0,-87
5,9.683344612932343,0,-86
5,10.369652826852484,0,-87
5,11.071234646871755,0,-87
5,12.60109627875534,0,-90
5,13.335297682583075,0,-90
5,7.766305592955185,0,-85
5,8.498095370189779,0,-87
5,9.282805550293793,0,-87
5,9.996650226011166,0,-84
5,10.722665368174694,0,-87
5,11.551121441729249,0,-88
5,12.29597265035268,0,-88
5,20.273314068151286,0,-90
5,21.05539836152583,0,-90
5,25.968166194719423,0,-85
5,26.855884075567,0,-85
2.4,11.312746406225205,0,-71
2.4,10.952133639225938,0,-72
2.4,10.602840716117898,0,-68
2.4,10.266023146831035,0,-67
2.4,10.006399514870125,0,-63
2.4,9.695309755293854,0,-62
2.4,10.97810235202624,0,-66
2.4,10.606117633303299,0,-69
2.4,10.24503446804208,0,-67
2.4,9.896046243387982,0,-74
2.4,9.626449566231358,0,-74
2.4,9.302662589339622,0,-70
2.4,10.656417374125644,0,-68
2.4,10.272790820973139,0,-73
2.4,9.899557124001714,0,-74
2.4,9.53793642520625,0,-66
2.4,9.257917219936603,0,-70
2.4,8.920764050859196,0,-69
2.4,10.348900002008412,0,-71
2.4,9.95342811555259,0,-72
2.4,9.567744313649685,0,-70
2.4,9.19308061812138,0,-70
2.4,8.902220579788027,0,-67
2.4,8.551054394114482,0,-63
2.4,10.056849966643258,0,-66
2.4,9.649416109354782,0,-72
2.4,9.251066492647142,0,-74
2.4,8.863026077547204,0,-72
2.4,8.560959715546165,0,-68
2.4,8.195183417783118,0,-67
2.4,9.781652787314385,0,-67
2.4,9.36225033052836,0,-70
2.4,8.95113016615117,0,-70
2.4,8.549487192298997,0,-70
2.4,8.23592928886638,0,-69
2.4,7.855032224702212,0,-72
2.4,9.524769354245702,0,-71
2.4,9.145716552106819,0,-74
2.4,8.724398618322281,0,-75
2.4,8.3118067380857,0,-62
2.4,7.988925537968754,0,-60
2.4,7.5956521281001566,0,-77
2.4,9.287541722703619,0,-59
2.4,8.966807193803389,0,-61
2.4,8.675761133798462,0,-61
2.4,8.417483665004148,0,-59
2.4,8.229521933290826,0,-56
2.4,8.039292957119953,0,-53
2.4,7.890211103023936,0,-51
2.4,8.73734692289052,0,-60
2.4,8.456490480740078,0,-61
2.4,8.147234576881367,0,-70
2.4,7.871634598392828,0,-63
2.4,7.670308419517308,0,-54
2.4,7.465844309279548,0,-51
2.4,7.305068873753727,0,-49
2.4,8.256502361832633,0,-64
2.4,7.958695323408914,0,-64
2.4,7.629287728925597,0,-65
2.4,7.334250558211003,0,-57
2.4,7.077883246458796,0,-56
2.4,6.896914618175668,0,-54
2.4,6.722546485543178,0,-49
2.4,7.792203234705263,0,-57
2.4,7.4759234380011055,0,-63
2.4,7.124228467050874,0,-59
2.4,6.807336575388479,0,-59
2.4,6.5303163208611466,0,-59
2.4,6.333721753472326,0,-60
2.4,6.143389231547377,0,-54
2.4,7.420170567510828,0,-59
2.4,7.087307757594352,0,-63
2.4,6.715290853771029,0,-63
2.4,6.378113455452525,0,-62
2.4,6.081573090123004,0,-59
2.4,5.869968590240612,0,-52
2.4,5.66407373277353,0,-52
2.4,6.994821745474101,0,-60
2.4,6.640672499894905,0,-65
2.4,6.242093499038942,0,-57
2.4,5.8778338910374055,0,-62
2.4,5.554649516442207,0,-57
2.4,5.322135966922937,0,-58
2.4,5.094146763717989,0,-52
2.4,10.840633341727795,0,-38
2.4,10.043113623263695,0,-37
2.4,9.246022455617837,0,-36
2.4,8.349959954981482,0,-37
2.4,7.554245908745547,0,-34
2.4,6.759543716095289,0,-35
2.4,5.867225174629687,0,-37
2.4,5.076330490601733,0,-39
2.4,4.288814667226518,0,-36
2.4,3.409813961174768,0,-36
2.4,2.6403846783805647,0,-36
2.4,1.8964259146698337,0,-35
2.4,10.809788677395813,0,-37
2.4,10.009811748977063,0,-42
2.4,9.209523942633753,0,-35
2.4,8.309526535847239,0,-34
2.4,7.509529362746634,0,-32
2.4,6.709532863766176,0,-37
2.4,5.809537954946451,0,-42
2.4,5.009544016172318,0,-44
2.4,4.209552381188806,0,-34
2.4,3.3095666257045497,0,-33
2.4,2.509587864566984,0,-29
2.4,1.7096289802136466,0,-29
2.4,10.845180093023343,0,-45
2.4,10.048021260433035,0,-41
2.4,9.251352941603663,0,-36
2.4,8.355862088984226,0,-42
2.4,7.560769223440714,0,-37
2.4,6.7668331773535515,0,-38
2.4,5.8756217756198215,0,-35
2.4,5.086032958027533,0,-42
2.4,4.300294321339734,0,-31
2.4,3.4242417043999422,0,-33
2.4,2.658990644992249,0,-32
2.4,1.9222464072435606,0,-34
2.4,0.8210549615225762,0,-34
2.4,1.1397066507857716,0,-31
2.4,1.8793166975926006,0,-39
2.4,2.6223331691176925,0,-38
2.4,3.3913760112761495,0,-44
2.4,4.27016759037211,0,-41
2.4,5.05758156136595,0,-44
2.4,5.848412711999157,0,-49
2.4,6.740684776035619,0,-49
2.4,7.53535873398758,0,-50
2.4,8.331052229453812,0,-52
2.4,9.227097661230879,0,-50
2.4,10.024177335317694,0,-53
2.4,10.821688003722032,0,-53
2.4,11.619540922510913,0,-59
2.4,12.517453065616461,0,-64
2.4,13.31583385484797,0,-65
2.4,14.120567667409848,0,-61
2.4,15.018765969609673,0,-55
2.4,15.81733641451398,0,-58
2.4,16.616044392391178,0,-60
2.4,20.810889727494544,0,-66
2.4,21.61013491975333,0,-60
2.4,22.509349862889145,0,-60
2.4,23.308702907925873,0,-60
2.4,24.108098872577163,0,-62
2.4,25.007465510322344,0,-60
2.4,25.806939594806007,0,-59
2.4,26.606445295265775,0,-58
2.4,27.405979844734162,0,-65
2.4,28.30548765257331,0,-64
2.4,29.10507569565804,0,-68
2.4,29.904685774138958,0,-71
2.4,30.804271315030228,0,-68
2.4,31.603922719339735,0,-70
2.4,32.403591332597735,0,-71
2.4,33.30323754907333,0,-64
2.4,34.10293874800253,0,-63
2.4,34.90265364195131,0,-68
2.4,35.80234812480911,0,-65
2.4,36.602089165101305,0,-63
2.4,37.40184128154697,0,-63
2.4,38.30157478812113,0,-63
2.4,39.10134820246024,0,-63
2.4,39.90113070139798,0,-70
2.4,40.80089620645667,0,-70
2.4,41.600696283236104,0,-65
2.4,42.40050390325637,0,-66
2.4,43.20031864755241,0,-64
2.4,44.10011826798278,0,-70
2.4,44.89994689584913,0,-72
2.4,0.023048861053788887,0,-28
2.4,0.7907788881857928,0,-41
2.4,1.6906304297525807,0,-34
2.4,2.490588534866785,0,-38
2.4,3.2905670104123947,0,-34
2.4,4.190552618691167,0,-44
2.4,4.990544183756304,0,-53
2.4,5.7905380794904,0,-45
2.4,6.690532957099411,0,-47
2.4,7.4905294372319196,0,-49
2.4,8.290526596666968,0,-55
2.4,9.190523992137086,0,-49
2.4,9.990522070945639,0,-46
2.4,10.790520434624845,0,-51
2.4,11.690518861456123,0,-51
2.4,12.490517653406762,0,-53
2.4,13.290516590790231,0,-54
2.4,14.090515648835382,0,-53
2.4,14.990514709311352,0,-58
2.4,15.790513964088833,0,-59
2.4,16.590513290736027,0,-60
2.4,17.49051260684186,0,-55
2.4,18.290512055437333,0,-61
2.4,19.090511550246703,0,-63
2.4,19.990511030239023,0,-55
2.4,20.790510605805533,0,-60
2.4,21.590510212825375,0,-55
2.4,22.490509804140103,0,-59
2.4,23.290509467380193,0,-60
2.4,24.09050915298659,0,-59
2.4,24.990792929599426,0,-59
2.4,25.79078384326698,0,-59
2.4,27.390767262895906,0,-62
2.4,28.29075876059416,0,-60
2.4,29.09075164464025,0,-59
2.4,29.89074490958939,0,-59
2.4,30.790737750988512,0,-70
2.4,31.590731730210894,0,-66
2.4,32.39072600683964,0,-64
2.4,33.29071989684457,0,-57
2.4,34.09071473656965,0,-60
2.4,34.89070981293118,0,-59
2.4,35.79070453693497,0,-60
2.4,36.59070006504633,0,-65
2.4,37.390695784515515,0,-63
2.4,38.29069118271686,0,-64
2.4,39.09068727011838,0,-65
2.4,39.89068351445234,0,-61
2.4,40.790679465414705,0,-62
2.4,41.59067601338321,0,-64
2.4,42.39067269164543,0,-60
2.4,43.19066949296131,0,-59
2.4,44.090666033189194,0,-70
2.4,44.890663074298956,0,-70
2.4,0.8790513353441309,0,-39
2.4,1.109833884036435,0,-30
2.4,1.8613519952336892,0,-35
2.4,2.6094886951594405,0,-37
2.4,3.3814540142029736,0,-42
2.4,4.262291783791254,0,-39
2.4,5.050933700829869,0,-43
2.4,5.842664738814252,0,-41
2.4,6.735698274877552,0,-48
2.4,7.530898435790578,0,-51
2.4,8.32701814878516,0,-55
2.4,9.22345549402188,0,-60
2.4,10.02082487873164,0,-52
2.4,10.81858268213593,0,-48
2.4,11.71642570284199,0,-52
2.4,12.514768525634864,0,-58
2.4,13.313310303986212,0,-58
2.4,14.112017263673888,0,-56
2.4,15.010727205909614,0,-57
2.4,15.809703705327289,0,-59
2.4,16.608778740480705,0,-60
2.4,17.50783913709082,0,-65
2.4,18.30708145091001,0,-63
2.4,19.106387184663085,0,-62
2.4,20.00567247683174,0,-64
2.4,20.80508907095251,0,-64
2.4,21.60454885551355,0,-61
2.4,22.503987007867675,0,-63
2.4,23.303524009262663,0,-64
2.4,24.103091736337184,0,-61
2.4,25.00263848577368,0,-61
2.4,25.80226213436131,0,-67
2.4,26.601908413689042,0,-67
2.4,27.501535070797505,0,-65
2.4,28.301223140534216,0,-65
2.4,29.10092835719015,0,-61
2.4,29.90064934496103,0,-58
2.4,30.800352778017388,0,-60
2.4,31.600103342399496,0,-64
2.4,32.39986622272278,0,-68
2.4,33.29961307958904,0,-70
2.4,34.099399279904354,0,-71
2.4,34.89919528084203,0,-64
2.4,35.79694024983605,0,-62
2.4,36.59679946730775,0,-63
2.4,37.39666470756906,0,-67
2.4,38.29651983209892,0,-73
2.4,39.09639665302098,0,-68
2.4,39.8962784135357,0,-66
2.4,40.796150936704315,0,-71
2.4,41.596042254646825,0,-70
2.4,42.39593767391362,0,-76
2.4,43.29582463991619,0,-71
2.4,44.095728038556956,0,-72
2.4,44.89563487968939,0,-74
2.4,3.8474447689058957,1,-54
2.4,2.989269350491252,1,-60
2.4,2.1653247446495003,1,-59
2.4,1.4358033464915974,1,-68
2.4,3.7114729218944555,1,-61
2.4,2.8121044166177076,1,-60
2.4,1.9133298852957505,1,-63
2.4,1.0167257496350213,1,-54
2.4,3.7904130711744584,1,-68
2.4,2.915498456548252,1,-62
2.4,2.0622878679127874,1,-64
2.4,1.2751200924404402,1,-60
2.4,1.042272157260737,1,-59
2.4,1.232570991791544,1,-53
2.4,1.806663015011508,1,-55
2.4,2.599409788743499,1,-53
2.4,3.445262145297591,1,-57
2.4,4.21599706473155,1,-56
2.4,5.093871931039303,1,-66
2.4,5.978330138912967,1,-66
2.4,6.767956209214092,1,-66
2.4,7.6588596572756575,1,-61
2.4,8.551668331375447,1,-65
2.4,9.346434146232143,1,-68
2.4,10.241519967751817,1,-62
2.4,11.137397867090149,1,-72
2.4,12.033890943907933,1,-74
2.4,12.831185886342453,1,-82
2.4,13.728518902266142,1,-74
2.4,14.62617965327528,1,-75
2.4,15.424329199348943,1,-74
2.4,17.22079357201341,1,-72
2.4,18.01944869439415,1,-83
2.4,18.91807155208765,1,-88
2.4,0.24193232519730837,1,-62
2.4,0.7010215759735332,1,-52
2.4,1.495403373670428,1,-58
2.4,2.3935603710769335,1,-58
2.4,3.2927239863060165,1,-60
2.4,4.092289243198661,1,-70
2.4,4.9919666715638735,1,-64
2.4,5.8917426327029565,1,-66
2.4,6.691594073911986,1,-67
2.4,7.591464367960837,1,-69
2.4,8.491362155156507,1,-71
2.4,9.29128792202828,1,-70
2.4,10.191218339827364,1,-70
2.4,11.091160049789138,1,-80
2.4,11.991110509458403,1,-74
2.4,12.791072326042418,1,-72
2.4,13.691034703412784,1,-72
2.4,14.59100172195378,1,-80
2.4,15.390975643215826,1,-78
2.4,16.29094936613787,1,-80
2.4,17.190925840398265,1,-85
2.4,17.9909069046026,1,-86
2.4,18.890887518856346,1,-86
2.4,0.7105851462917128,1,-67
2.4,0.9684168782789025,1,-54
2.4,1.6378740031333108,1,-52
2.4,2.4850616189835186,1,-55
2.4,3.3598260743898667,1,-60
2.4,4.146472145107755,1,-65
2.4,5.036480045642943,1,-56
2.4,5.929505143784311,1,-66
2.4,6.724866634377893,1,-61
2.4,7.620809094195581,1,-67
2.4,8.5176071317113,1,-75
2.4,9.315279450997895,1,-71
2.4,10.213096065845491,1,-68
2.4,11.111265960735242,1,-75
2.4,12.009709873689657,1,-71
2.4,12.808510110477457,1,-69
2.4,13.707327648021268,1,-75
2.4,14.606290810818921,1,-80
2.4,15.405470822088427,1,-80
2.4,16.304644468685076,1,-81
2.4,17.203904535024247,1,-83
2.4,18.003308897261984,1,-75
2.4,18.90269904670329,1,-76
2.4,20.01655642836485,1,-85
2.4,20.815555031031927,1,-82
2.4,21.714516601801744,1,-86
2.4,23.41277282275496,1,-87
2.4,24.311948322788492,1,-89
2.4,25.111265026874744,1,-87
2.4,26.010546538855117,1,-88
2.4,27.709316686810542,1,-83
2.4,28.508788666829776,1,-83
2.4,30.20775945431854,1,-90
2.4,31.107260105158346,1,-87
2.4,32.006788830652496,1,-86
2.4,32.806391621907856,1,-91
2.4,33.70596729438262,1,-91
2.4,34.50560869264583,1,-86
2.4,35.405224632107625,1,-86
2.4,37.10455000737793,1,-88
2.4,37.90425347174133,1,-88
2.4,19.99086619559264,1,-87
2.4,20.79085210495455,1,-88
2.4,21.690837495359602,1,-84
2.4,22.590824049823922,1,-89
2.4,23.390812966848923,1,-85
2.4,24.29080137109751,1,-84
2.4,25.090791762120958,1,-83
2.4,25.99078165908294,1,-86
2.4,26.790773248454897,1,-86
2.4,27.690764367386677,1,-85
2.4,28.49075694414131,1,-87
2.4,29.39074907602971,1,-87
2.4,30.190742475966793,1,-89
2.4,31.090735456887323,1,-87
2.4,31.990728832743965,1,-86
2.4,34.49071224619999,1,-91
2.4,35.390706848693696,1,-91
2.4,36.190702276277804,1,-93
2.4,37.09069736807579,1,-93
2.4,37.890693200972045,1,-90
2.4,20.0020281784184,1,-83
2.4,20.801584825446547,1,-85
2.4,21.701125114847226,1,-87
2.4,22.60070200790803,1,-90
2.4,23.400353229177178,1,-90
2.4,25.099685879513952,1,-91
2.4,25.999367900975543,1,-91
2.4,26.799103179962604,1,-86
2.4,27.698823643799148,1,-86
2.4,30.19813456573602,1,-82
2.4,31.09791361571232,1,-86
2.4,31.997705093495547,1,-84
2.4,32.79752934674067,1,-87
2.4,33.69734160509283,1,-92
2.4,34.497182946587465,1,-92
2.4,35.39701302723621,1,-89
2.4,36.19686908076905,1,-88
2.4,37.09671456140475,1,-87
2.4,37.89658337172817,1,-89
2.4,40.996123368562074,1,-86
2.4,40.99067858977461,1,-88
2.4,41.00321366978486,1,-92
2.4,41.90294060385305,1,-87
2.4,41.89067475286368,1,-85
2.4,41.89600256886528,1,-84
2.4,39.19638160915305,1,-87
2.4,39.19068679227498,1,-88
2.4,39.20379740854222,1,-89
2.4,40.1034989901134,1,-90
2.4,40.090682598955595,1,-90
2.4,44.69565785678048,1,-89
2.4,44.690663804090306,1,-88
2.4,44.702161371124475,1,-87
2.4,45.60193122281179,1,-87
2.4,45.59066057045271,1,-93
2.4,45.595556047167435,1,-93
2.4,42.79588684967717,1,-90
2.4,42.79067107735302,1,-90
2.4,43.79576385051843,1,-90
2.4,6.938359406132079,1,-67
2.4,7.040286304452822,1,-64
2.4,7.201550614185107,1,-69
2.4,7.425566055774725,1,-75
2.4,7.751376087423336,1,-70
2.4,8.090768273080265,1,-66
2.4,8.53260401335294,1,-70
2.4,8.960024065184792,1,-72
2.4,6.140621405754997,1,-69
2.4,6.255560026793841,1,-64
2.4,6.436515458602184,1,-65
2.4,6.686212025416842,1,-72
2.4,7.046292021257228,1,-72
2.4,7.418013969307229,1,-60
2.4,7.8975775557345225,1,-69
2.4,8.357537391411755,1,-71
2.4,5.343559791840225,1,-63
2.4,5.475256272447531,1,-67
2.4,5.681120597996486,1,-66
2.4,5.962535639221276,1,-66
2.4,6.363696351098813,1,-66
2.4,6.772985401504441,1,-67
2.4,7.295075822018354,1,-67
2.4,7.790688753184834,1,-67
2.4,4.547530236197066,1,-69
2.4,4.701577527716738,1,-60
2.4,4.939790607822861,1,-63
2.4,5.2610104779537235,1,-64
2.4,5.711657487029781,1,-65
2.4,6.164392204357804,1,-66
2.4,6.733834810058215,1,-67
2.4,7.267821630251782,1,-66
2.4,3.753189476869189,1,-55
2.4,3.938430048799407,1,-62
2.4,4.219944460450874,1,-61
2.4,4.591800436571034,1,-63
2.4,5.1019046687779674,1,-66
2.4,5.604117347923965,1,-68
2.4,6.225024598289297,1,-68
2.4,6.799090472211025,1,-66
2.4,3.060560610315904,1,-65
2.4,3.2850922741106894,1,-64
2.4,3.6178075196762003,1,-60
2.4,4.045396303136391,1,-65
2.4,4.61627893973426,1,-71
2.4,5.165920174512763,1,-69
2.4,5.8336550506044205,1,-70
2.4,6.442688200545358,1,-67
2.4,2.2745178059475193,1,-66
2.4,2.5687022500820915,1,-54
2.4,2.9824371325445767,1,-53
2.4,3.4887865010035557,1,-64
2.4,4.137200895483457,1,-64
2.4,4.7426924051210655,1,-67
2.4,5.4624107543828595,1,-69
2.4,6.108570311423241,1,-68
2.4,1.5032735112837468,1,-56
2.4,1.9195393326868422,1,-60
2.4,2.445676031230581,1,-60
2.4,3.042701308005714,1,-60
2.4,3.7686643853949326,1,-64
2.4,4.424876410675001,1,-66
2.4,5.188866085162785,1,-69
2.4,5.865239232099274,1,-65
2.4,9.278816263334098,1,-68
2.4,9.83876167252352,1,-77
2.4,10.50590934896751,1,-80
2.4,11.205669602871929,1,-80
2.4,8.63878644538038,1,-68
2.4,9.237609606867581,1,-75
2.4,9.945166225302488,1,-78
2.4,10.681724170231245,1,-83
2.4,8.048654002320024,1,-66
2.4,8.688246730443755,1,-75
2.4,9.437082772185041,1,-80
2.4,10.210359016659343,1,-75
2.4,7.520174948047192,1,-65
2.4,8.201087199221883,1,-73
2.4,8.990591262494705,1,-82
2.4,9.799164824067976,1,-74
2.4,7.067194015265961,1,-65
2.4,7.78781299527765,1,-72
2.4,8.615273138410679,1,-75
2.4,9.455994461156669,1,-73
2.4,6.705030294456948,1,-67
2.4,7.460712516213842,1,-70
2.4,8.320765063958662,1,-74
2.4,9.188472737598998,1,-80
2.4,6.449002345305812,1,-68
2.4,7.231488868121439,1,-78
2.4,8.115869100088384,1,-75
2.4,9.003345558722849,1,-82
2.4,11.768760820440349,1,-81
2.4,12.51305842904671,1,-85
2.4,13.190960209504892,1,-88
2.4,13.881866994347186,1,-87
2.4,14.672393507834737,1,-85
2.4,15.385185447330668,1,-84
2.4,16.106170595419623,1,-85
2.4,16.925768261699822,1,-86
2.4,17.660872890340652,1,-91
2.4,18.401392100837747,1,-90
2.4,19.240169730248716,1,-88
2.4,11.323874392136588,1,-88
2.4,12.095578996017178,1,-90
2.4,12.79561765796776,1,-85
2.4,13.506762426610633,1,-83
2.4,15.047602176058163,1,-81
2.4,15.784015054760774,1,-86
2.4,16.61950755133617,1,-86
2.4,17.367579890385546,1,-86
2.4,18.120089162278664,1,-86
2.4,18.9713081058986,1,-82
2.4,10.87208955302803,1,-85
2.4,11.673698267861234,1,-86
2.4,12.397581669384993,1,-87
2.4,13.130302024290042,1,-87
2.4,13.963442671815585,1,-84
2.4,14.710626473712287,1,-85
2.4,15.463095784773797,1,-84
2.4,16.31503083812882,1,-84
2.4,17.07644668100184,1,-86
2.4,17.84123962198544,1,-87
2.4,18.705152532099504,1,-84
2.4,10.478288564896257,1,-82
2.4,11.307848214812614,1,-83
2.4,12.053722713305016,1,-84
2.4,12.806132564097938,1,-84
2.4,13.659060408727052,1,-86
2.4,14.422022439632356,1,-91
2.4,15.18879624095549,1,-83
2.4,16.05529293564178,1,-83
2.4,16.828464910658763,1,-85
2.4,17.604034516248756,1,-86
2.4,18.479040322735454,1,-90
2.4,10.182383377647431,1,-79
2.4,11.034211854473153,1,-79
2.4,11.797399342626335,1,-81
2.4,12.56516737848743,1,-84
2.4,13.433403561622418,1,-82
2.4,14.208488000115082,1,-80
2.4,14.98619135235563,1,-81
2.4,15.863758421301803,1,-80
2.4,16.64582924487177,1,-88
2.4,17.429527568165256,1,-85
2.4,18.31287337501786,1,-87
2.4,9.916306330966439,1,-76
2.4,10.789162676017552,1,-82
2.4,11.568527618049528,1,-80
2.4,12.350531618095598,1,-83
2.4,13.232858015167558,1,-81
2.4,14.019034604764647,1,-76
2.4,14.80669211031259,1,-90
2.4,15.694299323308393,1,-85
2.4,16.484411765349794,1,-86
2.4,17.275434328826787,1,-84
2.4,18.166274556155212,1,-80
2.4,9.695201454832091,1,-82
2.4,10.586303946599278,1,-74
2.4,11.379570784954408,1,-81
2.4,12.173718875092865,1,-87
2.4,13.067988798962045,1,-84
2.4,13.863517996879503,1,-87
2.4,14.65953380056154,1,-82
2.4,15.555540210799863,1,-79
2.4,16.35235858369721,1,-93
2.4,17.149473206189754,1,-89
2.4,18.0465323885179,1,-83
2.4,13.725710591747232,2,-93
2.4,12.36574830929877,2,-95
2.4,12.751173720428316,2,-91
2.4,12.368226681649933,2,-93
2.4,10.935082589964999,2,-90
2.4,10.762742738237838,2,-90
2.4,10.649480327678324,2,-92
2.4,12.608272334003972,2,-91
2.4,12.180686813498884,2,-90
2.4,11.112386388572583,2,-92
2.4,10.80119119583895,2,-92
2.4,10.49152664054302,2,-92
2.4,10.264147857925643,2,-90
2.4,10.080343806115703,2,-90
2.4,12.14730963005444,2,-91
2.4,11.702894139850576,2,-89
2.4,11.284428707235675,2,-92
2.4,10.89490391186725,2,-93
2.4,10.586488145222502,2,-90
2.4,10.259353354333411,2,-91
2.4,9.932810843322613,2,-91
2.4,11.625567996808469,2,-91
2.4,11.160395658244061,2,-91
2.4,10.720775683162508,2,-92
2.4,10.309977267134213,2,-92
2.4,9.983507963082943,2,-90
2.4,9.635923995604996,2,-89
2.4,9.28748788689553,2,-89
2.4,8.820353238363106,2,-92
2.4,8.681787330361116,2,-92
2.4,11.193856853132464,2,-87
2.4,10.70995010485839,2,-90
2.4,10.251030740793428,2,-88
2.4,9.820602387268694,2,-91
2.4,9.477290290422882,2,-92
2.4,9.110413341285865,2,-91
2.4,8.741054355696145,2,-91
2.4,8.466795807704955,2,-91
2.4,10.710701715967286,2,-93
2.4,10.203907646022683,2,-91
2.4,9.721128085191337,2,-89
2.4,9.266117377242288,2,-93
2.4,8.90144545840437,2,-94
2.4,8.50977856639545,2,-93
2.4,8.113120931505858,2,-91
2.4,7.816861982239044,2,-91
2.4,7.573898022122414,2,-91
2.4,7.412066597759769,2,-89
2.4,10.252601194254485,2,-92
2.4,9.721956143110507,2,-93
2.4,9.213958500487168,2,-90
2.4,8.732561551391175,2,-91
2.4,8.344604918685588,2,-91
2.4,7.925467257461061,2,-91
2.4,7.497961806333933,2,-91
2.4,7.176352224450668,2,-92
2.4,6.910906687947229,2,-91
2.4,6.733159083938981,2,-90
2.4,9.88253162142332,2,-92
2.4,9.330864442728094,2,-94
2.4,8.800319951496256,2,-93
2.4,8.294952154704617,2,-87
2.4,7.885494990738061,2,-90
2.4,7.440539714905814,2,-87
2.4,6.983411147086054,2,-86
2.4,6.63691428672854,2,-90
2.4,6.3489551305326675,2,-90
2.4,8.904028933498104,2,-90
2.4,8.346396303118311,2,-90
2.4,7.811717560744418,2,-86
2.4,7.37548176385509,2,-90
2.4,6.897704781236627,2,-91
2.4,6.401931837285499,2,-91
2.4,6.022070345768582,2,-91
2.4,5.703150993049458,2,-89
2.4,5.486413332008197,2,-89
2.4,9.164591166464499,2,-90
2.4,8.566815700630821,2,-85
2.4,7.985670369399826,2,-90
2.4,7.42506102660753,2,-90
2.4,6.964648680943091,2,-90
2.4,6.456541740676503,2,-91
2.4,5.923962461836927,2,-90
2.4,5.511254961384809,2,-91
2.4,5.160865358592913,2,-91
2.4,7.691627347300446,2,-92
2.4,7.627314812557325,2,-91
2.4,7.609910068454992,2,-90
2.4,7.649269981515119,2,-92
2.4,7.098572479713332,2,-89
2.4,7.028835696604365,2,-88
2.4,7.009945167401529,2,-92
2.4,7.052654198960255,2,-94
2.4,6.506791163833893,2,-92
2.4,6.430640034231671,2,-91
2.4,6.409986836958356,2,-89
2.4,6.456665644906437,2,-86
2.4,5.818507647992805,2,-90
2.4,5.733221716440682,2,-88
2.4,5.710046519073494,2,-87
2.4,5.7623980468307625,2,-86
2.4,5.231025831493676,2,-88
2.4,5.1359936964399004,2,-88
2.4,5.110110688623748,2,-89
2.4,5.168542468638749,2,-86
2.4,4.646744155831854,2,-90
2.4,4.539496805800591,2,-85
2.4,4.510191930504738,2,-87
2.4,4.576290118657876,2,-80
2.4,11.22160110010315,2,-91
2.4,11.209778376486867,2,-91
2.4,11.230045914869129,2,-91
2.4,9.809818104835601,2,-91
2.4,9.83297163883211,2,-90
2.4,9.277474400381342,2,-92
2.4,9.22422523846027,2,-93
2.4,9.209838828663818,2,-88
2.4,9.234496805461573,2,-88
2.4,8.583019937628894,2,-92
2.4,8.525434373089231,2,-92
2.4,8.509866699894168,2,-91
2.4,8.536546798916055,2,-91
2.4,11.282230774549202,2,-91
2.4,11.382852509380974,2,-89
2.4,11.52518682063143,2,-93
2.4,11.679243607810083,2,-93
2.4,11.894760663868288,2,-91
2.4,12.146848613975724,2,-92
2.4,10.694205498788804,2,-93
2.4,10.8455811854626,2,-93
2.4,11.009152158571368,2,-95
2.4,11.237527808673592,2,-95
2.4,12.140997951203156,2,-93
2.4,12.452254063069686,2,-91
2.4,12.84130956138708,2,-92
2.4,13.255935698829669,2,-93
2.4,10.168742854968073,2,-93
2.4,10.343023312870397,2,-90
2.4,10.585779671366497,2,-91
2.4,10.868271769276467,2,-91
2.4,11.187489944173693,2,-93
2.4,11.867406256265074,2,-92
2.4,9.29788853720006,2,-87
2.4,9.419730954243436,2,-93
2.4,9.591242424757471,2,-91
2.4,9.775823814420137,2,-88
2.4,10.032314351669786,2,-88
2.4,10.329953109809123,2,-89
2.4,10.66529564761291,2,-90
2.4,11.034905131043333,2,-92
2.4,11.376463916843528,2,-93
2.4,11.801039414025295,2,-93
2.4,12.250923689726994,2,-92
2.4,8.60508171083809,2,-91
2.4,8.736591512159412,2,-91
2.4,8.921246059294157,2,-88
2.4,9.119398623296814,2,-86
2.4,9.393829424187109,2,-85
2.4,9.711057164431642,2,-87
2.4,10.06703686548305,2,-89
2.4,10.457811972450568,2,-91
2.4,10.817607464280016,2,-94
2.4,7.913541005782692,2,-88
2.4,8.056347264755896,2,-90
2.4,8.256229844818726,2,-88
2.4,8.469954619157752,2,-86
2.4,8.764743650029214,2,-86
2.4,9.103918455855316,2,-88
2.4,9.482717503490164,2,-91
2.4,9.89659190080779,2,-93
2.4,10.27605621098146,2,-96
2.4,7.223630060448003,2,-90
2.4,7.379798862458495,2,-93
2.4,7.5975016453094195,2,-92
2.4,7.829229288416301,2,-89
2.4,8.147234576881367,2,-91
2.4,8.511053474797754,2,-91
2.4,8.91507886958958,2,-93
2.4,9.754692780977498,2,-94
2.4,10.246688794502848,2,-94
2.4,6.633960449852819,2,-95
2.4,6.803677773847545,2,-90
2.4,7.039220926386863,2,-92
2.4,7.288719452043618,2,-93
2.4,7.629287728925597,2,-91
2.4,8.016647132740117,2,-89
2.4,5.948624315773802,2,-91
2.4,6.137322808061428,2,-92
2.4,6.397447244838104,2,-92
2.4,6.670991774136957,2,-94
2.4,7.041500639120799,2,-94
2.4,5.267146404859013,2,-92
2.4,5.769231426324528,2,-89
2.4,6.071147441020258,2,-93
2.4,6.476066031993692,2,-94
2.4,6.928205485613005,2,-96
2.4,7.418937339741712,2,-98
2.4,7.941110202682585,2,-98
2.4,8.409282445682612,2,-97
2.4,8.975334603868617,2,-91
2.4,9.559143855572895,2,-90
2.4,4.591245065363333,2,-91
2.4,4.833231967364988,2,-94
2.4,5.159528200377867,2,-91
2.4,5.495046064466681,2,-90
2.4,5.939371284129865,2,-92
2.4,6.429364762624848,2,-94
2.4,6.955381459777584,2,-96
2.4,7.5098556078764505,2,-96
2.4,8.003295024630146,2,-94
2.4,8.596123036078843,2,-90
2.4,3.923803161503784,2,-86
2.4,4.204382386315826,2,-89
2.4,4.575743792051561,2,-91
2.4,4.950982857030985,2,-92
2.4,5.439929342440982,2,-91
2.4,5.971049426263862,2,-93
2.4,6.534066976318936,2,-94
2.4,7.1214205922103275,2,-94
2.4,7.639988956227201,2,-93
2.4,8.25893644795801,2,-91
2.4,8.889917392841449,2,-92
2.4,3.362265791134074,2,-87
2.4,3.6858420001902026,2,-89
2.4,4.104391702859481,2,-91
2.4,4.5189413860569205,2,-89
2.4,5.049894182134287,2,-91
2.4,5.618009545282862,2,-92
2.4,6.213101580613746,2,-92
2.4,7.367362570912127,2,-93
2.4,8.007411020511727,2,-93
2.4,2.727917016742696,2,-86
2.4,3.6031557349781154,2,-93
2.4,4.0690946475379475,2,-93
2.4,5.262958412422929,2,-91
2.4,5.894008080332854,2,-91
2.4,6.539107832966557,2,-91
2.4,7.100333178892443,2,-91
2.4,7.762430756626211,2,-90
2.4,8.430654259993833,2,-90
2.4,2.135001463755539,2,-84
2.4,2.6151159152844383,2,-93
2.4,3.1779602342555524,2,-93
2.4,4.3306848477765705,2,-93
2.4,4.981508933134337,2,-93
2.4,5.644114744672799,2,-92
2.4,6.31479463254099,2,-92
2.4,6.894304261583238,2,-90
2.4,7.574432734629076,2,-90
2.4,1.6931719494019655,2,-76
2.4,2.2687951098275323,2,-85
2.4,2.8996605405655616,2,-90
2.4,3.461622632614545,2,-90
2.4,4.130790632647089,2,-89
2.4,4.8087452886278514,2,-87
2.4,5.49223372145034,2,-84
2.4,6.179419976921124,2,-83
2.4,6.770526659816661,2,-84
2.4,7.461945540636426,2,-85
2.4,8.1548287076774,2,-85
5,11.312746406225205,0,-85
5,10.952133639225938,0,-85
5,10.602840716117898,0,-84
5,10.266023146831035,0,-89
5,10.006399514870125,0,-87
5,9.695309755293854,0,-87
5,10.97810235202624,0,-87
5,10.606117633303299,0,-85
5,10.24503446804208,0,-85
5,9.896046243387982,0,-87
5,9.626449566231358,0,-85
5,9.302662589339622,0,-85
5,10.656417374125644,0,-84
5,10.272790820973139,0,-87
5,9.899557124001714,0,-87
5,9.53793642520625,0,-84
5,9.257917219936603,0,-84
5,8.920764050859196,0,-85
5,10.348900002008412,0,-85
5,9.95342811555259,0,-85
5,9.567744313649685,0,-85
5,9.19308061812138,0,-81
5,8.902220579788027,0,-83
5,8.551054394114482,0,-81
5,10.056849966643258,0,-85
5,9.649416109354782,0,-88
5,9.251066492647142,0,-85
5,8.863026077547204,0,-86
5,8.560959715546165,0,-84
5,8.195183417783118,0,-86
5,9.781652787314385,0,-87
5,9.36225033052836,0,-83
5,8.95113016615117,0,-84
5,8.549487192298997,0,-82
5,8.23592928886638,0,-80
5,7.855032224702212,0,-82
5,9.524769354245702,0,-84
5,9.145716552106819,0,-85
5,8.724398618322281,0,-87
5,8.3118067380857,0,-88
5,7.988925537968754,0,-85
5,7.5956521281001566,0,-84
5,9.287541722703619,0,-81
5,8.966807193803389,0,-81
5,8.675761133798462,0,-81
5,8.417483665004148,0,-77
5,8.229521933290826,0,-74
5,8.039292957119953,0,-71
5,7.890211103023936,0,-67
5,8.73734692289052,0,-77
5,8.456490480740078,0,-81
5,8.147234576881367,0,-80
5,7.871634598392828,0,-77
5,7.670308419517308,0,-74
5,7.465844309279548,0,-74
5,7.305068873753727,0,-68
5,8.256502361832633,0,-82
5,7.958695323408914,0,-83
5,7.629287728925597,0,-85
5,7.334250558211003,0,-76
5,7.077883246458796,0,-75
5,6.896914618175668,0,-68
5,6.722546485543178,0,-70
5,7.792203234705263,0,-78
5,7.4759234380011055,0,-80
5,7.124228467050874,0,-79
5,6.807336575388479,0,-75
5,6.5303163208611466,0,-76
5,6.333721753472326,0,-74
5,6.143389231547377,0,-71
5,7.420170567510828,0,-79
5,7.087307757594352,0,-78
5,6.715290853771029,0,-81
5,6.378113455452525,0,-80
5,6.081573090123004,0,-80
5,5.869968590240612,0,-81
5,5.66407373277353,0,-75
5,6.994821745474101,0,-82
5,6.640672499894905,0,-85
5,6.242093499038942,0,-86
5,5.8778338910374055,0,-79
5,5.554649516442207,0,-80
5,5.322135966922937,0,-79
5,5.094146763717989,0,-74
5,10.840633341727795,0,-60
5,10.043113623263695,0,-55
5,9.246022455617837,0,-57
5,8.349959954981482,0,-55
5,7.554245908745547,0,-57
5,6.759543716095289,0,-54
5,5.867225174629687,0,-53
5,5.076330490601733,0,-51
5,4.288814667226518,0,-48
5,3.409813961174768,0,-48
5,2.6403846783805647,0,-41
5,1.8964259146698337,0,-41
5,10.809788677395813,0,-60
5,10.009811748977063,0,-65
5,9.209523942633753,0,-63
5,8.309526535847239,0,-61
5,7.509529362746634,0,-59
5,6.709532863766176,0,-59
5,5.809537954946451,0,-54
5,5.009544016172318,0,-50
5,4.209552381188806,0,-51
5,3.3095666257045497,0,-49
5,2.509587864566984,0,-44
5,1.7096289802136466,0,-41
5,10.845180093023343,0,-58
5,10.048021260433035,0,-52
5,9.251352941603663,0,-52
5,8.355862088984226,0,-59
5,7.560769223440714,0,-54
5,6.7668331773535515,0,-54
5,5.8756217756198215,0,-54
5,5.086032958027533,0,-52
5,4.300294321339734,0,-45
5,3.4242417043999422,0,-43
5,2.658990644992249,0,-44
5,1.9222464072435606,0,-45
5,0.8210549615225762,0,-39
5,1.1397066507857716,0,-41
5,1.8793166975926006,0,-44
5,2.6223331691176925,0,-52
5,3.3913760112761495,0,-51
5,4.27016759037211,0,-51
5,5.05758156136595,0,-56
5,5.848412711999157,0,-58
5,6.740684776035619,0,-59
5,7.53535873398758,0,-60
5,8.331052229453812,0,-62
5,9.227097661230879,0,-64
5,10.024177335317694,0,-65
5,10.821688003722032,0,-71
5,11.619540922510913,0,-69
5,12.517453065616461,0,-68
5,13.31583385484797,0,-67
5,14.120567667409848,0,-73
5,15.018765969609673,0,-73
5,15.81733641451398,0,-71
5,16.616044392391178,0,-74
5,17.51473183494168,0,-69
5,18.313673341247625,0,-71
5,19.112703399831442,0,-72
5,20.0117048561569,0,-71
5,20.810889727494544,0,-69
5,21.61013491975333,0,-69
5,22.509349862889145,0,-68
5,23.308702907925873,0,-66
5,24.108098872577163,0,-65
5,25.007465510322344,0,-66
5,25.806939594806007,0,-64
5,26.606445295265775,0,-70
5,27.405979844734162,0,-76
5,28.30548765257331,0,-76
5,29.10507569565804,0,-81
5,29.904685774138958,0,-76
5,30.804271315030228,0,-75
5,31.603922719339735,0,-77
5,32.403591332597735,0,-77
5,33.30323754907333,0,-76
5,34.10293874800253,0,-75
5,34.90265364195131,0,-76
5,35.80234812480911,0,-78
5,36.602089165101305,0,-77
5,37.40184128154697,0,-75
5,38.30157478812113,0,-73
5,39.10134820246024,0,-72
5,39.90113070139798,0,-78
5,40.80089620645667,0,-74
5,41.600696283236104,0,-72
5,42.40050390325637,0,-70
5,43.20031864755241,0,-72
5,44.10011826798278,0,-77
5,44.89994689584913,0,-84
5,0.023048861053788887,0,-47
5,0.7907788881857928,0,-44
5,1.6906304297525807,0,-44
5,2.490588534866785,0,-53
5,3.2905670104123947,0,-50
5,4.190552618691167,0,-54
5,4.990544183756304,0,-56
5,5.7905380794904,0,-55
5,6.690532957099411,0,-58
5,7.4905294372319196,0,-63
5,8.290526596666968,0,-66
5,9.190523992137086,0,-70
5,9.990522070945639,0,-67
5,10.790520434624845,0,-68
5,11.690518861456123,0,-69
5,12.490517653406762,0,-71
5,13.290516590790231,0,-70
5,14.090515648835382,0,-69
5,14.990514709311352,0,-72
5,15.790513964088833,0,-70
5,16.590513290736027,0,-73
5,17.49051260684186,0,-74
5,18.290512055437333,0,-75
5,19.090511550246703,0,-77
5,19.990511030239023,0,-77
5,20.790510605805533,0,-75
5,21.590510212825375,0,-76
5,22.490509804140103,0,-70
5,23.290509467380193,0,-68
5,24.09050915298659,0,-67
5,24.990792929599426,0,-71
5,25.79078384326698,0,-74
5,26.59077530366735,0,-76
5,27.390767262895906,0,-83
5,28.29075876059416,0,-79
5,29.09075164464025,0,-75
5,29.89074490958939,0,-75
5,30.790737750988512,0,-80
5,31.590731730210894,0,-77
5,32.39072600683964,0,-75
5,33.29071989684457,0,-77
5,34.09071473656965,0,-77
5,34.89070981293118,0,-80
5,35.79070453693497,0,-80
5,36.59070006504633,0,-80
5,37.390695784515515,0,-78
5,38.29069118271686,0,-81
5,39.09068727011838,0,-83
5,39.89068351445234,0,-78
5,40.790679465414705,0,-79
5,41.59067601338321,0,-76
5,42.39067269164543,0,-77
5,43.19066949296131,0,-76
5,44.090666033189194,0,-77
5,44.890663074298956,0,-78
5,0.8790513353441309,0,-47
5,1.109833884036435,0,-44
5,1.8613519952336892,0,-41
5,2.6094886951594405,0,-44
5,3.3814540142029736,0,-47
5,4.262291783791254,0,-58
5,5.050933700829869,0,-58
5,5.842664738814252,0,-59
5,6.735698274877552,0,-63
5,7.530898435790578,0,-63
5,8.32701814878516,0,-69
5,9.22345549402188,0,-66
5,10.02082487873164,0,-71
5,10.81858268213593,0,-68
5,11.71642570284199,0,-68
5,12.514768525634864,0,-69
5,13.313310303986212,0,-69
5,14.112017263673888,0,-71
5,15.010727205909614,0,-69
5,15.809703705327289,0,-72
5,16.608778740480705,0,-77
5,17.50783913709082,0,-82
5,18.30708145091001,0,-72
5,19.106387184663085,0,-71
5,20.00567247683174,0,-72
5,20.80508907095251,0,-72
5,21.60454885551355,0,-75
5,22.503987007867675,0,-75
5,23.303524009262663,0,-77
5,24.103091736337184,0,-79
5,25.00263848577368,0,-76
5,25.80226213436131,0,-75
5,26.601908413689042,0,-78
5,27.501535070797505,0,-77
5,28.301223140534216,0,-78
5,29.10092835719015,0,-79
5,29.90064934496103,0,-79
5,30.800352778017388,0,-80
5,31.600103342399496,0,-79
5,32.39986622272278,0,-80
5,33.29961307958904,0,-79
5,34.099399279904354,0,-81
5,34.89919528084203,0,-82
5,35.79694024983605,0,-81
5,36.59679946730775,0,-81
5,37.39666470756906,0,-80
5,38.29651983209892,0,-81
5,39.09639665302098,0,-84
5,39.8962784135357,0,-84
5,40.796150936704315,0,-83
5,41.596042254646825,0,-80
5,42.39593767391362,0,-83
5,43.29582463991619,0,-83
5,44.095728038556956,0,-84
5,44.89563487968939,0,-84
5,3.8474447689058957,1,-83
5,2.989269350491252,1,-88
5,1.4358033464915974,1,-88
5,3.7114729218944555,1,-86
5,2.8121044166177076,1,-88
5,1.9133298852957505,1,-86
5,1.0167257496350213,1,-86
5,3.7904130711744584,1,-85
5,2.915498456548252,1,-86
5,2.0622878679127874,1,-87
5,1.2751200924404402,1,-86
5,1.042272157260737,1,-82
5,1.232570991791544,1,-77
5,1.806663015011508,1,-82
5,2.599409788743499,1,-83
5,3.445262145297591,1,-83
5,4.21599706473155,1,-87
5,5.093871931039303,1,-89
5,5.978330138912967,1,-88
5,6.767956209214092,1,-89
5,7.6588596572756575,1,-88
5,8.551668331375447,1,-88
5,11.137397867090149,1,-91
5,0.24193232519730837,1,-82
5,0.7010215759735332,1,-79
5,1.495403373670428,1,-81
5,2.3935603710769335,1,-83
5,3.2927239863060165,1,-83
5,4.092289243198661,1,-87
5,4.9919666715638735,1,-86
5,5.8917426327029565,1,-88
5,6.691594073911986,1,-88
5,7.591464367960837,1,-85
5,0.7105851462917128,1,-84
5,0.9684168782789025,1,-82
5,1.6378740031333108,1,-85
5,2.4850616189835186,1,-82
5,5.929505143784311,1,-89
5,6.724866634377893,1,-89
5,6.938359406132079,1,-88
5,7.040286304452822,1,-87
5,8.090768273080265,1,-88
5,8.53260401335294,1,-88
5,6.140621405754997,1,-86
5,6.255560026793841,1,-87
5,6.686212025416842,1,-89
5,7.046292021257228,1,-89
5,5.343559791840225,1,-90
5,5.475256272447531,1,-88
5,5.681120597996486,1,-91
5,5.962535639221276,1,-91
5,6.363696351098813,1,-93
5,6.772985401504441,1,-97
5,7.790688753184834,1,-102
5,4.547530236197066,1,-87
5,4.701577527716738,1,-86
5,4.939790607822861,1,-89
5,5.2610104779537235,1,-90
5,5.711657487029781,1,-93
5,6.164392204357804,1,-97
5,6.733834810058215,1,-102
5,7.267821630251782,1,-102
5,3.753189476869189,1,-86
5,4.219944460450874,1,-89
5,4.591800436571034,1,-90
5,5.1019046687779674,1,-94
5,5.604117347923965,1,-99
5,6.225024598289297,1,-103
5,6.799090472211025,1,-102
5,3.060560610315904,1,-88
5,3.2850922741106894,1,-87
5,3.6178075196762003,1,-88
5,4.045396303136391,1,-91
5,5.165920174512763,1,-101
5,5.8336550506044205,1,-104
5,6.442688200545358,1,-102
5,2.5687022500820915,1,-83
5,2.9824371325445767,1,-89
5,3.4887865010035557,1,-91
5,1.5032735112837468,1,-85
5,1.9195393326868422,1,-85
5,2.445676031230581,1,-89
5,3.042701308005714,1,-89
5,4.424876410675001,1,-90
5,5.188866085162785,1,-88
2.4,39.20950935170851,0,-92
2.4,39.11646230939102,0,-93
2.4,39.02959932669433,0,-88
2.4,38.94896177823728,0,-83
2.4,38.88896017641538,0,-86
2.4,38.819624207391705,0,-88
2.4,38.71895561093775,0,-88
2.4,38.6247268417792,0,-90
2.4,38.53675548878433,0,-87
2.4,38.45508449610584,0,-87
2.4,38.39431108384252,0,-89
2.4,38.32408020557261,0,-90
2.4,38.228646635760185,0,-88
2.4,38.133206311587664,0,-89
2.4,38.04409840701183,0,-89
2.4,37.96136751491825,0,-88
2.4,37.89980242168715,0,-93
2.4,37.82865347330266,0,-88
2.4,37.73859196633957,0,-88
2.4,37.641909138647044,0,-87
2.4,37.55163543179512,0,-84
2.4,37.46781717157728,0,-85
2.4,37.405439759518586,0,-87
2.4,37.33334867920723,0,-87
2.4,37.248801639810104,0,-90
2.4,37.059374301281736,0,-90
2.4,36.83817074181772,0,-91
2.4,36.759286222694406,0,-91
2.4,36.660020780166796,0,-91
2.4,36.56732316703742,0,-92
2.4,36.48124344924173,0,-85
2.4,36.4171762167672,0,-91
2.4,36.34312484643231,0,-86
2.4,36.270056845861454,0,-86
2.4,36.26754256359675,0,-86
2.4,36.17383921569001,0,-86
2.4,36.022052184781415,0,-90
2.4,35.947186866337766,0,-90
2.4,38.73319020689516,0,-88
2.4,38.669037014177995,0,-89
2.4,38.61410135694234,0,-85
2.4,38.56842262271773,0,-83
2.4,38.537452219949046,0,-82
2.4,38.5088252690887,0,-82
2.4,38.48953135081737,0,-68
2.4,38.12569610647965,0,-85
2.4,38.07204622296953,0,-84
2.4,38.01624788961001,0,-86
2.4,37.96984992865558,0,-89
2.4,37.9383908937229,0,-81
2.4,37.909311568601,0,-80
2.4,37.88971237164006,0,-78
2.4,37.52965472268162,0,-86
2.4,37.475151548779486,0,-89
2.4,37.41846313792615,0,-86
2.4,37.37132301116308,0,-78
2.4,37.333767337425726,0,-87
2.4,37.309813502687554,0,-85
2.4,37.289899216888145,0,-78
2.4,36.93374153269283,0,-80
2.4,36.87835765871428,0,-85
2.4,36.82075044868584,0,-87
2.4,36.77284410546385,0,-81
2.4,36.734676582285246,0,-80
2.4,36.710331837309596,0,-83
2.4,36.6900921722164,0,-82
2.4,36.43724967123356,0,-88
2.4,36.38110998312312,0,-84
2.4,36.3227141552562,0,-86
2.4,36.274150074189166,0,-84
2.4,36.23545727054023,0,-82
2.4,36.21077689867255,0,-79
2.4,36.190257854922585,0,-74
2.4,35.841588184731314,0,-72
2.4,35.784514019393384,0,-92
2.4,35.72514301727161,0,-86
2.4,35.67576549430803,0,-83
2.4,35.63642299116464,0,-79
2.4,35.611327461995835,0,-78
2.4,35.59046281809001,0,-81
2.4,41.607430149033384,0,-66
2.4,40.80800514123146,0,-71
2.4,40.008603119914774,0,-65
2.4,39.1093050770139,0,-62
2.4,38.30995671632933,0,-58
2.4,37.510636139728526,0,-63
2.4,36.61143596756619,0,-65
2.4,35.81218065975989,0,-62
2.4,35.01295936660255,0,-69
2.4,34.11387904662049,0,-70
2.4,33.314738234113946,0,-60
2.4,32.51563967704794,0,-55
2.4,41.583369796183774,0,-65
2.4,40.78347316752523,0,-67
2.4,39.98536136645996,0,-64
2.4,39.08552857013041,0,-60
2.4,38.285683794423235,0,-59
2.4,37.48584564347779,0,-64
2.4,36.58603618331363,0,-72
2.4,35.786213596954,0,-75
2.4,34.986399123186374,0,-64
2.4,34.086618248324186,0,-63
2.4,33.28682297256782,0,-62
2.4,32.487037778276274,0,-60
2.4,41.578329014111475,0,-71
2.4,40.778333506971386,0,-63
2.4,39.97833817964256,0,-60
2.4,39.0783436650782,0,-62
2.4,38.27834875756841,0,-61
2.4,37.47835406746299,0,-65
2.4,36.57836031872138,0,-75
2.4,35.77836613941856,0,-73
2.4,34.9783722263683,0,-60
2.4,34.078379415788895,0,-58
2.4,33.27838613284222,0,-60
2.4,32.478393180799856,0,-60
2.4,30.817710551041703,0,-56
2.4,30.018766190632622,0,-54
2.4,29.120023070182473,0,-54
2.4,28.32120731197808,0,-61
2.4,27.522460348016157,0,-62
2.4,26.6239599535496,0,-55
2.4,25.82538060916613,0,-54
2.4,25.02689200856501,0,-51
2.4,24.128712017189528,0,-54
2.4,23.330447565542915,0,-59
2.4,22.53230622037231,0,-62
2.4,21.63456132230834,0,-57
2.4,20.836729196512607,0,-67
2.4,20.039069928738762,0,-59
2.4,19.241605016447128,0,-52
2.4,18.344720864844316,0,-49
2.4,17.547758364222354,0,-47
2.4,16.760705940063353,0,-45
2.4,15.865392639621813,0,-53
2.4,15.070027326101542,0,-51
2.4,14.275179985188572,0,-52
2.4,13.381710787848448,0,-43
2.4,12.588297089348531,0,-45
2.4,11.795773124716408,0,-38
2.4,10.905488691932748,0,-34
2.4,10.115568377998056,0,-36
2.4,9.327366381247998,0,-37
2.4,8.443292225792408,0,-39
2.4,7.660562878157695,0,-43
2.4,6.881806711197929,0,-40
2.4,6.012377533919509,0,-41
2.4,5.24821146777273,0,-39
2.4,4.496527950601702,0,-38
2.4,3.764811231738375,0,-53
2.4,2.9838270075047397,0,-40
2.4,2.361834797524124,0,-35
2.4,1.8797083845312088,0,-42
2.4,1.6621442810322418,0,-37
2.4,1.8541207110243125,0,-35
2.4,2.322241075153575,0,-37
2.4,3.020301907296965,0,-37
2.4,3.7144668004039,0,-41
2.4,4.444356377630392,0,-41
2.4,5.28977538383958,0,-47
2.4,6.054482935111492,0,-47
2.4,6.8272837652786516,0,-48
2.4,7.703325490444285,0,-46
2.4,8.48623966264268,0,-43
2.4,9.272071160851324,0,-47
2.4,10.158775694540271,0,-48
2.4,10.948779092303544,0,-59
2.4,11.740136439247385,0,-56
2.4,12.532591256888006,0,-51
2.4,13.425172759123686,0,-46
2.4,14.21936368521453,0,-52
2.4,30.78753130095562,0,-62
2.4,29.987782905833555,0,-66
2.4,29.088082501386964,0,-62
2.4,28.288364809715947,0,-57
2.4,27.488663547136237,0,-63
2.4,26.589021110370872,0,-64
2.4,25.789359891393758,0,-58
2.4,24.989720358737713,0,-56
2.4,24.09015449531201,0,-66
2.4,23.29056855484817,0,-56
2.4,22.49101206278107,0,-57
2.4,21.591550282651195,0,-59
2.4,20.79206780501487,0,-69
2.4,19.992626731083064,0,-60
2.4,19.093311488804357,0,-62
2.4,18.293976702963995,0,-55
2.4,17.49470272993144,0,-59
2.4,16.69549830369707,0,-60
2.4,15.796489597655642,0,-50
2.4,14.997470573697557,0,-50
2.4,14.198562026099872,0,-42
2.4,13.299946752115078,0,-40
2.4,12.501344872019875,0,-43
2.4,11.702933974403974,0,-45
2.4,10.805002712139869,0,-47
2.4,10.007153621756343,0,-46
2.4,9.209677714747258,0,-42
2.4,8.313097112965988,0,-43
2.4,7.516822707080738,0,-45
2.4,6.7214331514763845,0,-48
2.4,5.842044471750884,0,-40
2.4,5.052180084873878,0,-38
2.4,4.266094655545908,0,-33
2.4,3.486345308508388,0,-35
2.4,2.6237422911272588,0,-36
2.4,1.8865480673258357,0,-36
2.4,1.2304891752518399,0,-41
2.4,0.8622781514704025,0,-36
2.4,1.1910346806807637,0,-33
2.4,1.8367372187293036,0,-38
2.4,2.665149828950844,0,-42
2.4,3.4319183572512055,0,-43
2.4,4.211069176695981,0,-45
2.4,5.095343326117506,0,-44
2.4,5.885368604521835,0,-43
2.4,6.677769358938093,0,-45
2.4,7.571130933438129,0,-45
2.4,8.366424780713968,0,-51
2.4,9.162538055114743,0,-54
2.4,10.058902704148062,0,-53
2.4,10.856176288712259,0,-54
2.4,11.65382356189072,0,-55
2.4,12.451772709608889,0,-51
2.4,13.349758934596974,0,-50
2.4,14.148183756649924,0,-48
2.4,30.77840937421554,0,-58
2.4,29.978124084187424,0,-59
2.4,29.078124829621142,0,-53
2.4,28.27812553206295,0,-56
2.4,27.47812627540662,0,-56
2.4,26.5781271651575,0,-59
2.4,25.778128008204245,0,-63
2.4,24.978128905253193,0,-61
2.4,24.07812998568486,0,-60
2.4,23.27813101620526,0,-62
2.4,22.478132120078364,0,-63
2.4,21.578133459773344,0,-63
2.4,20.77813474804394,0,-61
2.4,19.978136139488893,0,-59
2.4,19.078137844350625,0,-54
2.4,18.278139500729402,0,-51
2.4,17.47814130873777,0,-49
2.4,16.67814329019531,0,-57
2.4,15.778145759511094,0,-52
2.4,14.978148203581748,0,-50
2.4,14.178150923464608,0,-55
2.4,13.2781543750866,0,-57
2.4,12.47815786118739,0,-53
2.4,11.678161824910367,0,-53
2.4,10.778166987428103,0,-55
2.4,9.978172358150873,0,-52
2.4,9.17817866512999,0,-53
2.4,8.278187217569949,0,-51
2.4,7.478196547913116,0,-48
2.4,6.678208113655998,0,-46
2.4,5.778224953166153,0,-50
2.4,4.9782450330887835,0,-44
2.4,4.178272802194022,0,-55
2.4,3.27832024208214,0,-43
2.4,2.4783913350652753,0,-40
2.4,1.6785301932964347,0,-36
2.4,0.8789218451539781,0,-38
2.4,0.04385897832981243,0,-33
2.4,0.8227779834568067,0,-39
2.4,1.6223450958850827,0,-49
2.4,2.5221862758792484,0,-45
2.4,3.322117338432635,0,-48
2.4,4.122075158266268,0,-52
2.4,5.022282709141855,0,-49
2.4,5.822230123468699,0,-52
2.4,6.62219024271483,0,-47
2.4,7.5221555162598674,0,-50
2.4,8.322130953720917,0,-65
2.4,9.122110699337126,0,-62
2.4,10.022091778219368,0,-56
2.4,10.82207760141893,0,-54
2.4,11.622065376309598,0,-53
2.4,12.522053490195038,0,-52
2.4,13.322044272985538,0,-56
2.4,14.122036100062477,0,-57
2.4,34.52309406191062,1,-90
2.4,33.6242984106378,1,-90
2.4,32.725568957738695,1,-89
2.4,31.789788983371356,1,-89
2.4,34.478120940771724,1,-90
2.4,33.57812150205209,1,-79
2.4,32.6781220942493,1,-86
2.4,31.778122719990176,1,-90
2.4,31.028169839806583,1,-80
2.4,26.736223809811268,1,-85
2.4,24.142484205412305,1,-74
2.4,23.244977169459084,1,-80
2.4,21.5502534465107,1,-81
2.4,20.653397870784787,1,-81
2.4,18.86058545244871,1,-83
2.4,18.064238805142082,1,-78
2.4,17.168754864849472,1,-80
2.4,16.273769188770736,1,-85
2.4,15.478714533496142,1,-74
2.4,14.584924532185829,1,-78
2.4,13.691948130549111,1,-78
2.4,12.89901095470999,1,-82
2.4,12.008076599098608,1,-81
2.4,30.990090732480276,1,-81
2.4,30.09044937529932,1,-86
2.4,28.391188837518296,1,-87
2.4,25.792508284536563,1,-79
2.4,24.093524931152345,1,-85
2.4,23.194123471434544,1,-86
2.4,22.294770319701477,1,-66
2.4,20.596146329068805,1,-83
2.4,19.696970924700725,1,-75
2.4,17.998753390406737,1,-79
2.4,16.201048225619868,1,-75
2.4,15.402240213973473,1,-75
2.4,14.503738263255888,1,-78
2.4,13.605434341068433,1,-73
2.4,12.807141898534788,1,-76
2.4,11.909336824915842,1,-77
2.4,29.278165646212663,1,-86
2.4,28.378167728152544,1,-81
2.4,27.47816994647296,1,-79
2.4,25.77817455925501,1,-69
2.4,23.178182922905883,1,-81
2.4,22.27818627284943,1,-88
2.4,21.478189486263926,1,-82
2.4,19.678197671739166,1,-85
2.4,18.77820235294454,1,-79
2.4,17.978206907481432,1,-70
2.4,17.078212541372835,1,-82
2.4,16.178218802093006,1,-80
2.4,15.378224982372858,1,-83
2.4,14.478232751567713,1,-84
2.4,13.57824155068171,1,-79
2.4,12.77825041266371,1,-81
2.4,11.878261809239245,1,-83
2.4,10.921175926150587,1,-72
2.4,10.13247865085401,1,-75
2.4,9.247515537164757,1,-79
2.4,8.365761388552441,1,-75
2.4,7.585578660212806,1,-73
2.4,6.713450946448272,1,-80
2.4,5.945205094060957,1,-72
2.4,5.092630323373133,1,-73
2.4,4.350853204903688,1,-63
2.4,3.546737037152876,1,-62
2.4,2.8799971546501673,1,-66
2.4,2.2369183290599426,1,-61
2.4,1.8544119313047602,1,-59
2.4,1.7911626422680624,1,-54
2.4,2.144220980017679,1,-58
2.4,2.6819253552679436,1,-59
2.4,3.412058559186864,1,-70
2.4,4.1179101023943545,1,-65
2.4,4.94637277320389,1,-59
2.4,5.701021277944315,1,-62
2.4,6.562854837009963,1,-66
2.4,7.336627536664666,1,-66
2.4,10.812515137996712,1,-78
2.4,10.01526453018038,1,-67
2.4,9.118933249540788,1,-73
2.4,8.223403407937116,1,-70
2.4,7.428284028613395,1,-74
2.4,6.535198819457914,1,-70
2.4,5.7431579823234244,1,-68
2.4,4.855232601020931,1,-60
2.4,4.070420569191545,1,-64
2.4,3.196520547437305,1,-61
2.4,2.4357306111862993,1,-59
2.4,1.625485653692844,1,-60
2.4,1.0379034687495639,1,-54
2.4,0.9201432554410385,1,-57
2.4,1.4953540084625112,1,-54
2.4,2.197981713005368,1,-54
2.4,3.0463984655322527,1,-54
2.4,3.8204166802691053,1,-54
2.4,4.701595857894388,1,-66
2.4,5.48999486439202,1,-58
2.4,6.380396822388243,1,-55
2.4,7.1738764703069124,1,-71
2.4,10.778278323041352,1,-72
2.4,9.978292619933747,1,-81
2.4,9.078311715793612,1,-81
2.4,8.178335014488392,1,-83
2.4,7.378360496024024,1,-83
2.4,5.67843848337378,1,-64
2.4,4.778502234963536,1,-68
2.4,3.978583115838182,1,-67
2.4,3.0787243477979525,1,-61
2.4,2.2789435293146307,1,-69
2.4,1.379493968778513,1,-62
2.4,0.581415178661013,1,-60
2.4,0.3278164273929438,1,-52
2.4,1.223471949069508,1,-49
2.4,2.02285036773387,1,-59
2.4,2.9225577171943593,1,-59
2.4,3.7224163671482873,1,-61
2.4,4.622315827645782,1,-62
2.4,5.422254476745424,1,-55
2.4,6.3222040152684915,1,-60
2.4,7.122169866744137,1,-62
2.4,10.222088025989239,1,-75
2.4,10.258181301358324,1,-71
2.4,10.372650751474312,1,-69
2.4,11.260608492090988,1,-72
2.4,11.155254529217547,1,-72
2.4,11.12207281090911,1,-80
2.4,8.422128211496789,1,-77
2.4,8.465898866119005,1,-76
2.4,8.604245673612425,1,-70
2.4,9.486962823368144,1,-73
2.4,9.361669915749335,1,-74
2.4,9.322106178915858,1,-75
2.4,13.922038055236305,1,-79
2.4,13.948560628678244,1,-80
2.4,14.032959189438124,1,-79
2.4,14.926264221583608,1,-76
2.4,14.84694458843313,1,-69
2.4,14.822029672468574,1,-68
2.4,12.022059873884135,1,-69
2.4,12.052764148182773,1,-69
2.4,12.15033841554395,1,-73
2.4,13.140567857301468,1,-77
2.4,13.050399365989586,1,-78
2.4,13.022047596724427,1,-80
2.4,26.22245876366117,1,-94
2.4,31.04593988931432,1,-94
2.4,30.266242310716393,1,-94
2.4,29.584896207542627,1,-92
2.4,28.904441589678587,1,-90
2.4,29.409639297526333,1,-94
2.4,28.725033396162942,1,-92
2.4,27.943560682396175,1,-94
2.4,27.260653763452343,1,-99
2.4,26.481281759214554,1,-102
2.4,29.255216348715322,1,-93
2.4,28.566909941577705,1,-90
2.4,27.78098960818877,1,-92
2.4,27.0939853770235,1,-97
2.4,26.309676615466874,1,-101
2.4,29.121958787308166,1,-95
2.4,28.430426370523293,1,-91
2.4,27.640625600912642,1,-93
2.4,26.95004348066805,1,-98
2.4,26.16141975524225,1,-102
2.4,28.329001811029972,1,-93
2.4,26.843025977141465,1,-99
2.4,26.051162807244758,1,-102
2.4,28.233900609176807,1,-91
2.4,27.43844353473709,1,-91
2.4,25.868604206811057,1,-92
2.4,25.17112122271699,1,-89
2.4,24.85631234942131,1,-92
2.4,24.00053506928721,1,-90
2.4,23.148112312069347,1,-92
2.4,25.368476966727624,1,-94
2.4,24.597452380510287,1,-94
2.4,25.14712754194536,1,-93
2.4,24.369100590931705,1,-96
2.4,24.956290261381874,1,-93
2.4,24.172121619965942,1,-97
2.4,23.291219023711832,1,-92
2.4,22.411834008188784,1,-92
2.4,24.796669607223883,1,-96
2.4,24.007287718730367,1,-99
2.4,22.880473850183847,1,-91
2.4,21.98466519210693,1,-90
2.4,22.487680263029528,1,-87
2.4,21.64220838113197,1,-92
2.4,20.89450223413853,1,-92
2.4,20.15081297646577,1,-92
2.4,18.58600881342397,1,-94
2.4,16.333989825297646,1,-89
2.4,15.629275850563525,1,-92
2.4,14.848019518208458,1,-94
2.4,22.231431883974157,1,-94
2.4,19.864442192320332,1,-93
2.4,19.02065938951979,1,-93
2.4,18.27513402446637,1,-90
2.4,17.53441084303347,1,-94
2.4,16.70763249573023,1,-94
2.4,15.979362428221659,1,-90
2.4,14.456987362954782,1,-90
2.4,21.97441611536606,1,-93
2.4,21.108396045444824,1,-97
2.4,20.34107724805724,1,-97
2.4,19.5763751397319,1,-96
2.4,18.71961227193566,1,-93
2.4,17.96159579802656,1,-92
2.4,17.207381079402136,1,-91
2.4,16.364088230386002,1,-91
2.4,15.619808693192722,1,-92
2.4,14.88131256348109,1,-96
2.4,20.876369023631185,1,-96
2.4,20.10019461624461,1,-95
2.4,19.325963458803034,1,-94
2.4,18.45758065432957,1,-89
2.4,16.921949167021026,1,-89
2.4,16.063679018560308,1,-89
2.4,15.3047974051085,1,-91
2.4,14.550321770033028,1,-96
2.4,21.583191691922483,1,-94
2.4,20.70081118242381,1,-89
2.4,19.917796655514984,1,-94
2.4,17.480792991472025,1,-90
2.4,16.704884423748002,1,-90
2.4,15.834853444565558,1,-87
2.4,15.064448997920598,1,-93
2.4,14.297295674743253,1,-93
2.4,19.749355017567556,1,-89
2.4,18.96080334822346,1,-89
2.4,18.074885438367048,1,-89
2.4,17.28862410980626,1,-89
2.4,16.503683334645498,1,-89
2.4,15.62245126765792,1,-90
2.4,14.841025018859977,1,-90
2.4,18.80280999237515,1,-89
2.4,17.115201535755723,1,-84
2.4,16.32192279143656,1,-84
2.4,13.84791188626898,1,-91
2.4,12.959710012572073,1,-91
5,38.94896177823728,0,-90
5,38.88896017641538,0,-87
5,38.819624207391705,0,-90
5,38.32408020557261,0,-87
5,38.228646635760185,0,-89
5,37.89980242168715,0,-88
5,37.82865347330266,0,-88
5,37.73859196633957,0,-89
5,37.641909138647044,0,-89
5,37.405439759518586,0,-89
5,37.33334867920723,0,-87
5,37.248801639810104,0,-89
5,36.83817074181772,0,-89
5,36.759286222694406,0,-89
5,36.022052184781415,0,-85
5,35.947186866337766,0,-85
5,38.73319020689516,0,-89
5,38.669037014177995,0,-88
5,38.61410135694234,0,-88
5,38.56842262271773,0,-87
5,38.537452219949046,0,-87
5,38.5088252690887,0,-80
5,38.48953135081737,0,-81
5,38.12569610647965,0,-87
5,38.07204622296953,0,-90
5,38.01624788961001,0,-86
5,37.96984992865558,0,-84
5,37.9383908937229,0,-87
5,37.909311568601,0,-79
5,37.88971237164006,0,-81
5,37.52965472268162,0,-89
5,37.475151548779486,0,-87
5,37.41846313792615,0,-86
5,37.37132301116308,0,-86
5,37.333767337425726,0,-87
5,37.309813502687554,0,-83
5,37.289899216888145,0,-76
5,36.93374153269283,0,-80
5,36.87835765871428,0,-89
5,36.82075044868584,0,-89
5,36.77284410546385,0,-88
5,36.734676582285246,0,-87
5,36.710331837309596,0,-78
5,36.6900921722164,0,-83
5,36.43724967123356,0,-84
5,36.38110998312312,0,-89
5,36.3227141552562,0,-89
5,36.274150074189166,0,-83
5,36.23545727054023,0,-85
5,36.21077689867255,0,-86
5,36.190257854922585,0,-87
5,35.841588184731314,0,-90
5,35.784514019393384,0,-91
5,35.67576549430803,0,-82
5,35.63642299116464,0,-82
5,35.611327461995835,0,-83
5,35.59046281809001,0,-77
5,41.607430149033384,0,-64
5,40.80800514123146,0,-65
5,40.008603119914774,0,-65
5,39.1093050770139,0,-65
5,38.30995671632933,0,-70
5,37.510636139728526,0,-70
5,36.61143596756619,0,-67
5,35.81218065975989,0,-72
5,35.01295936660255,0,-65
5,34.11387904662049,0,-60
5,33.314738234113946,0,-61
5,32.51563967704794,0,-61
5,41.583369796183774,0,-61
5,40.78347316752523,0,-63
5,39.98536136645996,0,-66
5,39.08552857013041,0,-64
5,38.285683794423235,0,-64
5,37.48584564347779,0,-65
5,36.58603618331363,0,-63
5,35.786213596954,0,-66
5,34.986399123186374,0,-57
5,34.086618248324186,0,-63
5,33.28682297256782,0,-57
5,32.487037778276274,0,-52
5,41.578329014111475,0,-53
5,40.778333506971386,0,-56
5,39.97833817964256,0,-59
5,39.0783436650782,0,-58
5,38.27834875756841,0,-60
5,37.47835406746299,0,-68
5,36.57836031872138,0,-67
5,35.77836613941856,0,-69
5,34.9783722263683,0,-63
5,34.078379415788895,0,-61
5,33.27838613284222,0,-60
5,32.478393180799856,0,-59
5,30.817710551041703,0,-54
5,30.018766190632622,0,-51
5,29.120023070182473,0,-52
5,28.32120731197808,0,-56
5,27.522460348016157,0,-57
5,26.6239599535496,0,-59
5,25.82538060916613,0,-58
5,25.02689200856501,0,-53
5,24.128712017189528,0,-50
5,23.330447565542915,0,-49
5,22.53230622037231,0,-51
5,21.63456132230834,0,-61
5,20.836729196512607,0,-55
5,20.039069928738762,0,-52
5,19.241605016447128,0,-50
5,18.344720864844316,0,-51
5,17.547758364222354,0,-53
5,16.760705940063353,0,-58
5,15.865392639621813,0,-51
5,15.070027326101542,0,-52
5,14.275179985188572,0,-50
5,13.381710787848448,0,-50
5,12.588297089348531,0,-55
5,11.795773124716408,0,-61
5,10.905488691932748,0,-52
5,10.115568377998056,0,-51
5,9.327366381247998,0,-49
5,8.443292225792408,0,-49
5,7.660562878157695,0,-45
5,6.881806711197929,0,-46
5,6.012377533919509,0,-45
5,5.24821146777273,0,-41
5,4.496527950601702,0,-50
5,3.764811231738375,0,-57
5,2.9838270075047397,0,-48
5,2.361834797524124,0,-48
5,1.8797083845312088,0,-44
5,1.6621442810322418,0,-41
5,1.8541207110243125,0,-46
5,2.322241075153575,0,-43
5,3.020301907296965,0,-45
5,3.7144668004039,0,-51
5,4.444356377630392,0,-55
5,5.28977538383958,0,-56
5,6.054482935111492,0,-58
5,6.8272837652786516,0,-59
5,7.703325490444285,0,-61
5,8.48623966264268,0,-58
5,9.272071160851324,0,-61
5,10.158775694540271,0,-54
5,10.948779092303544,0,-48
5,11.740136439247385,0,-50
5,12.532591256888006,0,-50
5,13.425172759123686,0,-49
5,14.21936368521453,0,-56
5,30.78753130095562,0,-53
5,29.987782905833555,0,-54
5,29.088082501386964,0,-63
5,28.288364809715947,0,-60
5,27.488663547136237,0,-63
5,26.589021110370872,0,-68
5,25.789359891393758,0,-65
5,24.989720358737713,0,-62
5,24.09015449531201,0,-57
5,23.29056855484817,0,-55
5,22.49101206278107,0,-60
5,21.591550282651195,0,-58
5,20.79206780501487,0,-54
5,19.992626731083064,0,-58
5,19.093311488804357,0,-52
5,18.293976702963995,0,-55
5,17.49470272993144,0,-58
5,16.69549830369707,0,-52
5,15.796489597655642,0,-51
5,14.997470573697557,0,-53
5,14.198562026099872,0,-53
5,13.299946752115078,0,-49
5,12.501344872019875,0,-43
5,11.702933974403974,0,-42
5,10.805002712139869,0,-48
5,10.007153621756343,0,-48
5,9.209677714747258,0,-46
5,8.313097112965988,0,-47
5,7.516822707080738,0,-51
5,6.7214331514763845,0,-48
5,5.842044471750884,0,-44
5,5.052180084873878,0,-45
5,4.266094655545908,0,-43
5,3.486345308508388,0,-40
5,2.6237422911272588,0,-41
5,1.8865480673258357,0,-39
5,1.2304891752518399,0,-42
5,0.8622781514704025,0,-46
5,1.1910346806807637,0,-43
5,1.8367372187293036,0,-47
5,2.665149828950844,0,-46
5,3.4319183572512055,0,-49
5,4.211069176695981,0,-52
5,5.095343326117506,0,-58
5,5.885368604521835,0,-56
5,6.677769358938093,0,-58
5,7.571130933438129,0,-59
5,8.366424780713968,0,-61
5,9.162538055114743,0,-63
5,10.058902704148062,0,-57
5,10.856176288712259,0,-57
5,11.65382356189072,0,-58
5,12.451772709608889,0,-57
5,13.349758934596974,0,-59
5,14.148183756649924,0,-57
5,30.77840937421554,0,-59
5,29.978124084187424,0,-59
5,29.078124829621142,0,-66
5,28.27812553206295,0,-62
5,27.47812627540662,0,-69
5,26.5781271651575,0,-69
5,25.778128008204245,0,-62
5,24.978128905253193,0,-58
5,24.07812998568486,0,-62
5,23.27813101620526,0,-68
5,22.478132120078364,0,-65
5,21.578133459773344,0,-62
5,20.77813474804394,0,-62
5,19.978136139488893,0,-58
5,19.078137844350625,0,-62
5,18.278139500729402,0,-62
5,17.47814130873777,0,-58
5,16.67814329019531,0,-52
5,15.778145759511094,0,-54
5,14.978148203581748,0,-57
5,14.178150923464608,0,-58
5,13.2781543750866,0,-59
5,12.47815786118739,0,-59
5,11.678161824910367,0,-60
5,10.778166987428103,0,-54
5,9.978172358150873,0,-49
5,9.17817866512999,0,-52
5,8.278187217569949,0,-54
5,7.478196547913116,0,-48
5,6.678208113655998,0,-48
5,5.778224953166153,0,-50
5,4.9782450330887835,0,-48
5,4.178272802194022,0,-43
5,3.27832024208214,0,-44
5,2.4783913350652753,0,-39
5,1.6785301932964347,0,-38
5,0.8789218451539781,0,-39
5,0.04385897832981243,0,-38
5,0.8227779834568067,0,-43
5,1.6223450958850827,0,-47
5,2.5221862758792484,0,-54
5,3.322117338432635,0,-54
5,4.122075158266268,0,-55
5,5.022282709141855,0,-58
5,5.822230123468699,0,-59
5,6.62219024271483,0,-58
5,7.5221555162598674,0,-56
5,8.322130953720917,0,-57
5,9.122110699337126,0,-58
5,10.022091778219368,0,-62
5,10.82207760141893,0,-60
5,11.622065376309598,0,-61
5,12.522053490195038,0,-60
5,13.322044272985538,0,-66
5,14.122036100062477,0,-64
5,5.092630323373133,1,-88
5,4.350853204903688,1,-89
5,3.546737037152876,1,-86
5,2.8799971546501673,1,-85
5,2.2369183290599426,1,-88
5,1.8544119313047602,1,-82
5,1.7911626422680624,1,-85
5,2.144220980017679,1,-86
5,2.6819253552679436,1,-88
5,3.412058559186864,1,-86
5,4.1179101023943545,1,-90
5,4.94637277320389,1,-91
5,6.562854837009963,1,-88
5,7.336627536664666,1,-88
5,3.196520547437305,1,-89
5,2.4357306111862993,1,-89
5,1.625485653692844,1,-87
5,1.0379034687495639,1,-87
5,0.9201432554410385,1,-84
5,1.4953540084625112,1,-84
5,2.197981713005368,1,-84
5,3.0463984655322527,1,-86
5,3.8204166802691053,1,-86
5,7.378360496024024,1,-86
5,6.478396685089542,1,-89
5,5.67843848337378,1,-90
5,3.0787243477979525,1,-88
5,2.2789435293146307,1,-88
5,1.379493968778513,1,-86
5,0.581415178661013,1,-86
5,0.3278164273929438,1,-83
5,1.223471949069508,1,-86
5,2.02285036773387,1,-88
5,2.9225577171943593,1,-88
5,3.7224163671482873,1,-88
5,5.422254476745424,1,-87
5,13.922038055236305,1,-90
5,13.948560628678244,1,-89
5,14.032959189438124,1,-88
5,12.15033841554395,1,-88
5,13.140567857301468,1,-88
5,13.050399365989586,1,-90
5,13.022047596724427,1,-90
2.4,14.477278483699271,2,-93
2.4,13.982957278726452,2,-93
2.4,13.489054682326566,2,-92
2.4,13.577292367140283,2,-92
2.4,13.18514579343329,2,-94
2.4,12.695651679145847,2,-92
2.4,15.14716587122798,2,-90
2.4,14.658381080276255,2,-92
2.4,14.170378889031445,2,-95
2.4,13.683243030174363,2,-92
2.4,13.29422210564052,2,-94
2.4,15.258601041068712,2,-92
2.4,14.773503568707403,2,-94
2.4,14.289433496773677,2,-90
2.4,13.806498890842123,2,-91
2.4,13.421051121060176,2,-91
2.4,12.940483575130328,2,-88
2.4,15.385485937418833,2,-92
2.4,14.904518760920121,2,-92
2.4,13.946601142315439,2,-90
2.4,13.565134905120557,2,-89
2.4,13.089858171814821,2,-90
2.4,15.527441815396449,2,-89
2.4,14.576160442953988,2,-94
2.4,14.103047728163007,2,-93
2.4,13.725930088490527,2,-93
2.4,13.2564195301083,2,-92
2.4,15.68405945954464,2,-93
2.4,15.179050323871945,2,-93
2.4,14.239612798908942,2,-93
2.4,13.866209800595733,2,-93
2.4,13.401614686232564,2,-93
2.4,11.911985666039868,2,-94
2.4,10.7336390484214,2,-92
2.4,10.14636928062079,2,-90
2.4,9.658173302588459,2,-93
2.4,8.492109058219265,2,-95
2.4,11.936818213442479,2,-93
2.4,10.869081533497118,2,-92
2.4,10.289544972385157,2,-85
2.4,8.662669474053658,2,-89
2.4,12.088571264660828,2,-92
2.4,11.608835306993148,2,-92
2.4,11.035527152874005,2,-94
2.4,9.898407157501486,2,-93
2.4,9.429208143836037,2,-91
2.4,8.870612638184156,2,-90
2.4,12.26782300902629,2,-86
2.4,11.795379745684412,2,-92
2.4,11.231597646899164,2,-94
2.4,10.67176592972126,2,-93
2.4,9.65794452147015,2,-89
2.4,12.437353142079886,2,-87
2.4,11.971602029173523,2,-90
2.4,11.416525631812874,2,-90
2.4,10.866225649174094,2,-92
2.4,10.321466088482662,2,-89
2.4,9.8723940450027,2,-79
2.4,9.340340814806138,2,-75
2.4,12.663872999237467,2,-94
2.4,12.206767848407823,2,-93
2.4,11.662889164433132,2,-93
2.4,10.59332754028256,2,-85
2.4,10.156283293597918,2,-89
2.4,9.639911446519868,2,-93
2.4,5.798805128400745,2,-87
2.4,5.720784543852528,2,-89
2.4,5.754008227070689,2,-91
2.4,5.9217818194538605,2,-91
2.4,6.523033778637412,2,-92
2.4,7.490667112966439,2,-94
2.4,8.030649330987638,2,-90
2.4,8.686208489168866,2,-89
2.4,9.303303327169575,2,-87
2.4,9.946491224413746,2,-86
2.4,6.688006981289254,2,-86
2.4,6.620473718835307,2,-86
2.4,6.549672322691092,2,-92
2.4,6.697544085307898,2,-91
2.4,6.925195423571671,2,-90
2.4,7.668015113097411,2,-92
2.4,8.117862443692028,2,-91
2.4,8.6186382645242,2,-92
2.4,9.23254107896292,2,-80
2.4,9.815347658374257,2,-85
2.4,10.426997867783815,2,-87
2.4,7.48057713276204,2,-89
2.4,7.420260717738801,2,-89
2.4,7.4459051833361904,2,-88
2.4,7.576304721910929,2,-87
2.4,7.77827925181817,2,-93
2.4,8.054989944083124,2,-93
2.4,8.856804565943213,2,-87
2.4,9.317951598893812,2,-93
2.4,9.888534332212476,2,-94
2.4,10.434766222554295,2,-94
2.4,11.012065246781606,2,-93
2.4,11.379490840866826,2,-92
2.4,12.07783286344811,2,-93
2.4,12.877613750901377,2,-93
2.4,13.599050363809212,2,-93
2.4,15.902060551936877,2,-93
2.4,16.651028937500595,2,-93
2.4,23.83444653600382,2,-93
2.4,24.588785593242726,2,-91
2.4,25.46580582252363,2,-94
2.4,26.246685525423842,2,-94
2.4,38.54990656370948,2,-98
2.4,41.024829738473976,2,-94
2.4,41.81743523879476,2,-94
2.4,12.476523695918496,2,-92
2.4,13.25226519410296,2,-89
2.4,13.9543458339991,2,-91
2.4,14.666458418270691,2,-92
2.4,15.477851652438082,2,-91
2.4,16.206946864073302,2,-93
2.4,16.94244260828145,2,-94
2.4,17.77653652360121,2,-93
2.4,18.523133796821288,2,-93
2.4,19.274016720314375,2,-93
2.4,21.643222484995288,2,-93
2.4,22.50306576391365,2,-93
2.4,46.87974194477095,2,-90
2.4,47.672334112022796,2,-90
2.4,13.663532838627836,2,-94
2.4,14.345499800016604,2,-91
2.4,15.039102346626,2,-91
2.4,15.831408295925815,2,-92
2.4,16.54493044749128,2,-92
2.4,18.085210743376926,2,-94
2.4,18.81956648045782,2,-94
2.4,19.55907250849044,2,-92
2.4,20.396475348265533,2,-92
2.4,24.268086768274124,2,-96
2.4,25.032004919152932,2,-96
2.4,34.71839147012267,2,-94
2.4,35.598674069587254,2,-94
2.4,42.86761036205359,2,-92
2.4,43.754667264108654,2,-92
2.4,53.626324168134744,2,-91
2.4,54.41914992597631,2,-90
2.4,55.21218265515232,2,-90
2.4,8.254223238012441,1,-72
2.4,8.943773840105846,1,-75
2.4,9.667987367750271,1,-72
2.4,10.41963862055666,1,-72
2.4,8.881187855661631,1,-66
2.4,9.525459934699674,1,-70
2.4,10.208490398074822,1,-69
2.4,10.923010823376627,1,-73
2.4,9.551900030473448,1,-66
2.4,10.153702941891483,1,-71
2.4,10.797063150329022,1,-75
2.4,11.474992893776012,1,-71
2.4,11.106309191761731,1,-83
2.4,11.895755255679573,1,-69
2.4,12.609925772305061,1,-81
2.4,13.424943844316838,1,-87
2.4,14.250193207920994,1,-86
2.4,14.99097199460705,1,-89
2.4,15.831239072893501,1,-89
2.4,16.677740249300175,1,-84
2.4,17.434685391573378,1,-89
2.4,18.290629949325396,1,-85
2.4,19.918013657571166,1,-87
2.4,20.784276684628903,1,-89
2.4,21.65329181771736,1,-91
2.4,24.176518771387972,1,-88
2.4,26.714473104729663,1,-92
2.4,27.595687389578494,1,-92
2.4,11.579870479742773,1,-73
2.4,12.339055456866834,1,-74
2.4,13.028949475980419,1,-81
2.4,13.819276887292894,1,-83
2.4,14.622287882807008,1,-87
2.4,15.3451144605604,1,-90
2.4,16.16698571310425,1,-85
2.4,16.996773702315803,1,-87
2.4,17.74011136289029,1,-89
2.4,18.58199236916661,1,-88
2.4,21.04113717857986,1,-92
2.4,21.899962169095925,1,-93
2.4,23.53058577953097,1,-93
2.4,44.6803778719884,1,-92
2.4,45.57362237110067,1,-92
2.4,37.19623741090127,1,-93
2.4,38.08305353786836,1,-93
2.4,42.32774626941801,1,-90
2.4,43.118665785576496,1,-90
2.4,42.45642119992756,1,-93
2.4,43.24498740878153,1,-93
2.4,51.348189778275824,1,-90
2.4,52.239405459345015,1,-79
2.4,49.56671075455578,1,-79
2.4,53.02815077983047,1,-94
2.4,52.92675579197943,1,-94
2.4,54.121815523741276,1,-90
2.4,10.345308480634557,1,-80
2.4,11.144803382720779,1,-78
2.4,11.84441737526662,1,-84
2.4,12.544074436941575,1,-81
2.4,13.34372655443547,1,-81
2.4,14.043454663278533,1,-85
2.4,14.84317532604041,1,-84
2.4,15.542954490044293,1,-82
2.4,10.346738830033248,1,-78
2.4,11.146131135821658,1,-75
2.4,11.845666710529478,1,-77
2.4,12.54525409614965,1,-86
2.4,13.344835526036833,1,-84
2.4,14.044508383599194,1,-84
2.4,14.84417227793464,1,-84
2.4,15.543906559710676,1,-83
2.4,10.409831952262547,1,-78
2.4,11.204723832132654,1,-82
2.4,11.900815798691061,1,-81
2.4,12.597340877914991,1,-82
2.4,13.393813201415169,1,-83
2.4,14.091054346443226,1,-84
2.4,14.888218411698283,1,-84
2.4,15.585975362307135,1,-80
2.4,10.533479868105069,1,-83
2.4,11.319692266655926,1,-83
2.4,12.009122096631513,1,-80
2.4,12.69970842388976,1,-81
2.4,13.490138210256845,1,-82
2.4,14.182644656475217,1,-83
2.4,14.974933867361827,1,-82
2.4,15.668829721835435,1,-79
2.4,10.715586544338263,1,-79
2.4,11.489344187951653,1,-78
2.4,12.169166380209933,1,-80
2.4,12.851155236368635,1,-80
2.4,13.63280696662504,1,-81
2.4,14.318414937040814,1,-82
2.4,15.103583720074145,1,-82
2.4,15.791827687424341,1,-79
2.4,10.920608602063036,1,-81
2.4,11.680793086065192,1,-78
2.4,12.350081280683204,1,-80
2.4,13.022599132258312,1,-84
2.4,13.794539609552404,1,-84
2.4,14.472487815145103,1,-83
2.4,15.249725848012439,1,-83
2.4,15.931657759302764,1,-80
2.4,11.203985411311532,1,-83
2.4,11.946151010969887,1,-82
2.4,12.601353280378664,1,-78
2.4,13.261134378963341,1,-83
2.4,14.019947214484748,1,-81
2.4,14.687494695044213,1,-79
2.4,15.453922974344318,1,-81
2.4,16.12722281786236,1,-85
2.4,11.535982227548294,1,-85
2.4,12.25806350262248,1,-78
2.4,12.897430029053796,1,-78
2.4,13.542794463269088,1,-78
2.4,14.286655198273916,1,-79
2.4,14.942292236279558,1,-81
2.4,15.696284023755291,1,-85
2.4,16.359612240955126,1,-81
2.4,16.140726750886344,1,-81
2.4,16.9406108191763,1,-85
2.4,17.840492822980266,1,-82
2.4,18.740386159490615,1,-82
2.4,16.15011939619596,1,-76
2.4,16.94956021233,1,-79
2.4,17.8489910255851,1,-86
2.4,18.748476468007595,1,-84
2.4,16.209554373146478,1,-74
2.4,17.006201452882042,1,-79
2.4,17.90278685277866,1,-77
2.4,18.79969857035058,1,-87
2.4,16.31848490027794,1,-74
2.4,17.110060909319238,1,-79
2.4,18.001474205204183,1,-84
2.4,18.89370167015052,1,-87
2.4,16.475929288061604,1,-78
2.4,17.260286231265727,1,-82
2.4,18.144320599714902,1,-84
2.4,19.029851793044937,1,-85
2.4,16.680513852091405,1,-86
2.4,17.45568037201152,1,-83
2.4,18.33029368258582,1,-87
2.4,19.207252685635776,1,-86
2.4,16.93052978599371,1,-86
2.4,17.694747065568226,1,-86
2.4,18.558096964787435,1,-87
2.4,19.42477418644731,1,-86
2.4,19.440310026510396,1,-82
2.4,20.34021984067178,1,-86
2.4,21.140146121701076,1,-86
2.4,21.94007777850589,1,-88
2.4,22.840006614861245,1,-88
2.4,23.63994790702637,1,-85
2.4,24.43989304246104,1,-86
2.4,25.339835460534328,1,-86
2.4,26.139787605238265,1,-86
2.4,26.939742592069862,1,-88
2.4,27.839695044432517,1,-87
2.4,19.445185799684946,1,-89
2.4,20.344879946175315,1,-88
2.4,21.144629930653824,1,-87
2.4,21.944398141309698,1,-87
2.4,22.844156780768554,1,-87
2.4,23.643957661617247,1,-89
2.4,24.4437715744597,1,-89
2.4,25.34357626745644,1,-90
2.4,26.143413948916397,1,-89
2.4,19.489960165399932,1,-83
2.4,20.387678545849536,1,-87
2.4,21.185812973990604,1,-87
2.4,21.984083020424656,1,-87
2.4,22.882281256224015,1,-89
2.4,23.68079454682541,1,-85
2.4,24.47940492023797,1,-90
2.4,25.377946222832698,1,-90
2.4,26.176733741416317,1,-91
2.4,26.975593121357285,1,-93
2.4,27.874388127617006,1,-86
2.4,19.576052812390017,1,-86
2.4,20.46999591972359,1,-87
2.4,21.265040978881643,1,-86
2.4,22.060444300002903,1,-87
2.4,22.955654901430016,1,-87
2.4,24.548005249176114,1,-89
2.4,25.44412409483957,1,-88
2.4,26.240897199478727,1,-88
2.4,27.03786087532861,1,-89
2.4,27.934652493876545,1,-91
2.4,19.68683419371717,1,-90
2.4,20.57596485735065,1,-88
2.4,21.36706729270407,1,-88
2.4,22.158808622553675,1,-88
2.4,23.050199322586703,1,-86
2.4,24.636439648841442,1,-85
2.4,25.529454514560705,1,-85
2.4,26.323644935514515,1,-88
2.4,27.118176885090453,1,-88
2.4,28.012397377073448,1,-84
2.4,20.73146464376157,1,-86
2.4,21.5168506328308,1,-88
2.4,22.303275455312974,1,-88
2.4,23.189113507755824,1,-90
2.4,23.977410622408723,1,-87
2.4,24.766458265880765,1,-87
2.4,25.65494775429549,1,-86
2.4,26.44536971107884,1,-83
2.4,27.236350967698687,1,-87
2.4,28.12681466635848,1,-90
2.4,20.10088139148338,1,-88
2.4,20.972465805300534,1,-86
2.4,21.74915071524668,1,-90
2.4,22.527467494472837,1,-86
2.4,23.404821745840056,1,-90
2.4,24.186089304279076,1,-88
2.4,25.850087813285956,1,-89
2.4,26.634719349649814,1,-89
2.4,27.42023905283514,1,-86
2.4,28.304918282069686,1,-86
2.4,1.9398070438787003,0,-31
2.4,1.522743779409831,0,-32
2.4,1.3618538350282892,0,-40
2.4,1.5396568183303638,0,-36
2.4,1.8954526534056562,0,-38
2.4,2.4348794655079904,0,-42
2.4,3.130213230593237,0,-46
2.4,3.7728148800638084,0,-46
2.4,4.432835364581091,0,-47
2.4,5.007217492036086,0,-51
2.4,1.531806739603506,0,-40
2.4,0.9499100682404821,0,-40
2.4,0.6619866977474393,0,-38
2.4,0.9767925256903226,0,-44
2.4,1.4752360086833034,0,-39
2.4,2.1241983267966713,0,-47
2.4,2.8951365061071384,0,-44
2.4,3.580183324809526,0,-56
2.4,4.270083124424404,0,-47
2.4,4.863723628308403,0,-46
2.4,1.3820319849800953,0,-40
2.4,0.6825757523952461,0,-37
2.4,0.04250774056402754,0,-35
2.4,0.71951661430281,0,-39
2.4,1.3190533731919807,0,-45
2.4,2.01886083016613,0,-46
2.4,2.818757866331826,0,-42
2.4,3.5187061768862558,0,-41
2.4,4.21867164039907,0,-46
2.4,4.8186500238737775,0,-49
2.4,1.5218208066390149,0,-37
2.4,0.9337214883300782,0,-36
2.4,0.6385397936066778,0,-35
2.4,0.9610568756682295,0,-37
2.4,1.4648644856574764,0,-36
2.4,2.1170085525548723,0,-49
2.4,2.8898654067307263,0,-53
2.4,3.5759221634801968,0,-49
2.4,4.266511053486066,0,-54
2.4,4.8605878464019305,0,-42
2.4,1.9234133948615206,0,-42
2.4,1.5018043606883802,0,-34
2.4,1.33839963689197,0,-33
2.4,1.5189505713756708,0,-31
2.4,1.8786719994064534,0,-37
2.4,2.421839328197429,0,-39
2.4,3.1200805420745543,0,-43
2.4,3.764412283382651,0,-46
2.4,4.425686058627756,0,-47
2.4,5.000889394158149,0,-49
2.4,2.3802195796909422,0,-43
2.4,2.0545905912843168,0,-33
2.4,1.9383600666656238,0,-36
2.4,2.067156742555794,0,-40
2.4,2.3442130110903414,0,-39
2.4,2.7984338283431285,0,-36
2.4,3.420647416651364,0,-45
2.4,4.017054393370047,0,-48
2.4,4.642480290700595,0,-52
2.4,5.193728996839829,0,-47
2.4,2.9780909602558183,0,-51
2.4,2.7248711928836813,0,-41
2.4,2.6383366479767623,0,-38
2.4,2.734358703299035,0,-43
2.4,2.9493923376483067,0,-41
2.4,3.3218688131274052,0,-44
2.4,3.8606229120514928,0,-43
2.4,4.397761535066095,0,-42
2.4,4.975560648766808,0,-43
2.4,5.493487181438413,0,-46
2.4,3.612839089631687,0,-41
2.4,3.40712540682327,0,-44
2.4,3.3383230502859598,0,-43
2.4,3.4147178563272944,0,-36
2.4,3.589219369360396,0,-33
2.4,3.9010758684806133,0,-36
2.4,4.368980406121117,0,-43
2.4,4.850142991636451,0,-44
2.4,5.3795710135260855,0,-47
2.4,5.86190941013604,0,-44
2.4,4.173551538867362,0,-35
2.4,3.996802434175605,0,-37
2.4,3.938315242344366,0,-43
2.4,4.003276682710288,0,-42
2.4,4.153121939144485,0,-43
2.4,4.4254173918008215,0,-46
2.4,4.842924317918013,0,-42
2.4,5.281080684796588,0,-40
2.4,5.77110998418688,0,-44
2.4,6.223175081311216,0,-44
2.4,4.8396397559731055,0,-38
2.4,4.688071055119082,0,-37
2.4,4.638308686158702,0,-40
2.4,4.693591878119057,0,-44
2.4,4.822033011232559,0,-41
2.4,5.058448340318054,0,-47
2.4,5.427476068035211,0,-44
2.4,5.821803304762613,0,-49
2.4,6.269712191926738,0,-46
2.4,6.688160330962929,0,-48
2.4,5.417383051585594,0,-42
2.4,5.282417664086848,0,-40
2.4,5.238304461188436,0,-38
2.4,5.287317928624739,0,-37
2.4,5.401659793195788,0,-41
2.4,5.613717642674763,0,-40
2.4,5.9483966435592,0,-45
2.4,6.310255135836926,0,-44
2.4,6.725713131676536,0,-44
2.4,7.117402248902163,0,-48
2.4,5.862591714906636,0,-51
2.4,6.421228796637238,0,-54
2.4,6.986728626605918,0,-49
2.4,7.653121856607575,0,-53
2.4,6.116854402035684,0,-48
2.4,6.654179545126109,0,-46
2.4,7.2014097968277015,0,-56
2.4,7.849598735737768,0,-55
2.4,6.417307374258672,0,-49
2.4,6.931380207345873,0,-48
2.4,7.458299351853437,0,-49
2.4,8.085921498017859,0,-59
2.4,6.818021300621466,0,-52
2.4,7.3039449682209,0,-50
2.4,7.805754911721909,0,-53
2.4,8.40747922936005,0,-48
2.4,7.1980094898339395,0,-48
2.4,7.6598654204111725,0,-54
2.4,8.139762644075201,0,-56
2.4,8.718465068584726,0,-57
2.4,7.606396438245302,0,-56
2.4,8.044840857271335,0,-55
2.4,8.503038401765188,0,-59
2.4,9.058562761947584,0,-57
2.4,5.586987082106377,0,-44
2.4,6.1706257623271,0,-48
2.4,6.757131043702365,0,-55
2.4,7.345816332092546,0,-49
2.4,5.458754910749962,0,-47
2.4,6.0547669499914045,0,-46
2.4,6.651496107025809,0,-49
2.4,7.248765281401439,0,-49
2.4,5.418633194418139,0,-50
2.4,6.018619720394495,0,-60
2.4,6.618608689278496,0,-59
2.4,7.218599491928069,0,-58
2.4,5.455961130329058,0,-50
2.4,6.052248301146683,0,-50
2.4,6.649203496796003,0,-55
2.4,7.246661630356117,0,-53
2.4,5.581316365847292,0,-49
2.4,6.165491871598422,0,-46
2.4,6.752443088380494,0,-49
2.4,7.341504294413297,0,-45
2.4,7.936196521502537,0,-52
2.4,8.626651289936259,0,-50
2.4,9.318530448971488,0,-53
2.4,9.912477357930266,0,-56
2.4,10.606276661568382,0,-62
2.4,11.30084075951785,0,-64
2.4,11.996036808972786,0,-59
2.4,12.691760964203501,0,-59
2.4,13.288453409466099,0,-63
2.4,13.984952315463975,0,-53
2.4,14.681784241571288,0,-58
2.4,7.8464511562822,0,-60
2.4,8.544161339661853,0,-54
2.4,9.242217820870815,0,-56
2.4,9.840771712192772,0,-50
2.4,10.539292440280015,0,-55
2.4,11.23799725894224,0,-52
2.4,11.936853841873212,0,-51
2.4,12.635837007990135,0,-54
2.4,13.235050983489428,0,-61
2.4,13.93421945376972,0,-60
2.4,14.633467430382462,0,-59
2.4,7.818591706179289,0,-55
2.4,8.518584008987968,0,-53
2.4,9.218577480741558,0,-54
2.4,9.818572625973022,0,-58
2.4,10.518567662080077,0,-52
2.4,11.218563317644849,0,-55
2.4,11.918559483522182,0,-56
2.4,12.618556074785513,0,-58
2.4,13.218553440357148,0,-59
2.4,13.918550653923266,0,-61
2.4,14.618548134342124,0,-64
2.4,7.844507787487177,0,-56
2.4,8.542376699619195,0,-56
2.4,9.240567998150697,0,-55
2.4,9.839222254401928,0,-53
2.4,10.537845691685192,0,-52
2.4,11.236640470888885,0,-51
2.4,11.935576497273518,0,-52
2.4,12.634630329871856,0,-54
2.4,13.233898942321918,0,-57
2.4,13.933125222499049,0,-55
2.4,14.632425489852631,0,-54
2.4,7.932205427745821,0,-55
2.4,8.622979774892798,0,-56
2.4,9.315131638815421,0,-55
2.4,9.909282269242887,0,-54
2.4,10.603290637428621,0,-52
2.4,11.29803830724747,0,-52
2.4,11.993396801668878,0,-53
2.4,12.68926570344128,0,-55
2.4,13.286070214160487,0,-57
2.4,13.982687831238044,0,-60
2.4,14.679627251265691,0,-60
2.4,8.079818281865846,0,-54
2.4,8.758958883236268,0,-56
2.4,9.441147068469666,0,-56
2.4,10.02783404387731,0,-55
2.4,10.714165990024364,0,-54
2.4,11.40215988802317,0,-54
2.4,12.091532051907011,0,-55
2.4,12.782059482436482,0,-57
2.4,13.374724006708167,0,-59
2.4,14.06695203325389,0,-61
2.4,14.7599131689897,0,-61
2.4,8.28414413129002,0,-56
2.4,8.947789740390464,0,-54
2.4,9.616591833310109,0,-57
2.4,10.193185769501019,0,-57
2.4,10.869081533497118,0,-56
2.4,11.547849610730903,0,-54
2.4,12.229011729584197,0,-60
2.4,12.912189013972716,0,-61
2.4,13.499141556989063,0,-61
2.4,14.185299433775766,0,-61
2.4,14.872747468982618,0,-58
2.4,8.501351077799237,0,-52
2.4,9.149255018756895,0,-58
2.4,9.804323773136936,0,-54
2.4,10.37048515217921,0,-58
2.4,11.035527152874005,0,-58
2.4,11.704646803388357,0,-59
2.4,12.377182799099288,0,-60
2.4,13.052607068803116,0,-62
2.4,13.63351564841734,0,-62
2.4,14.3132332540866,0,-65
2.4,14.994817219164103,0,-63
2.4,8.799804013045492,0,-51
2.4,9.427218461362902,0,-52
2.4,10.064211105124503,0,-57
2.4,10.616522161780795,0,-61
2.4,11.267051080998645,0,-60
2.4,11.92318486445977,0,-61
2.4,12.584046827723288,0,-63
2.4,13.248929459114136,0,-61
2.4,13.821589252168282,0,-64
2.4,14.492488630525255,0,-63
2.4,15.166018724640741,0,-68
2.4,9.142216973361815,0,-55
2.4,9.747616551664045,0,-53
2.4,10.364937321977624,0,-54
2.4,10.902023818153953,0,-54
2.4,11.53646482167939,0,-57
2.4,12.178091715539669,0,-58
2.4,12.825826097462334,0,-58
2.4,13.478787494897146,0,-58
2.4,14.042076412541954,0,-60
2.4,14.702918323445761,0,-63
2.4,15.367228262642776,0,-70
2.4,9.523849626492334,0,-62
2.4,10.10641424830232,0,-60
2.4,10.703060600059125,0,-57
2.4,11.223978966997818,0,-57
2.4,11.841182419921557,0,-55
2.4,12.467136734315108,0,-55
2.4,13.100587605232032,0,-54
2.4,13.740498275266766,0,-54
2.4,14.293477201006073,0,-57
2.4,14.94320540399316,0,-58
2.4,15.597284539181178,0,-66
2.4,9.940185724022035,0,-62
2.4,10.499675684434326,0,-58
2.4,11.075156284610673,0,-56
2.4,11.579347320623157,0,-58
2.4,12.178554167957405,0,-54
2.4,12.788005273384996,0,-53
2.4,13.406303596531464,0,-52
2.4,14.03227969264518,0,-52
2.4,14.574191950694683,0,-55
2.4,15.211935059877941,0,-61
2.4,15.854931898819165,0,-60
2.4,10.321493030955496,0,-62
2.4,10.861358830197668,0,-58
2.4,11.418625700519424,0,-59
2.4,11.908283273907877,0,-57
2.4,12.491721569979218,0,-52
2.4,13.086596388371344,0,-55
2.4,13.691417102783184,0,-53
2.4,14.304922213442257,0,-53
2.4,14.836879630694087,0,-57
2.4,15.463793015491222,0,-57
2.4,16.09673232914696,0,-60
2.4,10.791515134960251,0,-63
2.4,11.308965300076137,0,-56
2.4,11.845192839653393,0,-62
2.4,12.317905302917675,0,-62
2.4,12.882805917264195,0,-63
2.4,13.46040807524598,0,-59
2.4,14.049145269460245,0,-58
2.4,14.64767490261328,0,-60
2.4,15.16761608479455,0,-62
2.4,15.78139648275679,0,-61
2.4,16.402084385718123,0,-61
2.4,11.285405594310266,0,-63
2.4,11.781183161225337,0,-75
2.4,12.296835931595952,0,-59
2.4,12.752818181549546,0,-64
2.4,13.299258205701198,0,-63
2.4,13.859515362095475,0,-72
2.4,14.431980575181303,0,-65
2.4,15.015257592617594,0,-64
2.4,15.522891425753505,0,-59
2.4,16.123152776860415,0,-62
2.4,16.731167105621516,0,-66
2.4,11.725455453333183,0,-61
2.4,12.203368503751367,0,-63
2.4,12.701893563111001,0,-64
2.4,13.143831166432111,0,-65
2.4,13.674655205229932,0,-66
2.4,14.220129824729868,0,-67
2.4,14.778632869194022,0,-65
2.4,15.348742187315276,0,-63
2.4,15.845696083660796,0,-62
2.4,16.434171157256245,0,-60
2.4,17.03108566346382,0,-58
5,8.254223238012441,1,-89
5,8.943773840105846,1,-88
5,10.41963862055666,1,-83
5,8.881187855661631,1,-85
5,10.923010823376627,1,-87
5,9.551900030473448,1,-89
5,10.153702941891483,1,-86
5,10.797063150329022,1,-90
5,1.9398070438787003,0,-37
5,1.522743779409831,0,-38
5,1.3618538350282892,0,-48
5,1.5396568183303638,0,-49
5,1.8954526534056562,0,-48
5,2.4348794655079904,0,-49
5,3.130213230593237,0,-54
5,3.7728148800638084,0,-53
5,4.432835364581091,0,-58
5,5.007217492036086,0,-54
5,1.531806739603506,0,-44
5,0.9499100682404821,0,-42
5,0.6619866977474393,0,-47
5,0.9767925256903226,0,-50
5,1.4752360086833034,0,-46
5,2.1241983267966713,0,-49
5,2.8951365061071384,0,-55
5,3.580183324809526,0,-57
5,4.270083124424404,0,-58
5,4.863723628308403,0,-61
5,1.3820319849800953,0,-50
5,0.6825757523952461,0,-45
5,0.04250774056402754,0,-42
5,0.71951661430281,0,-47
5,1.3190533731919807,0,-51
5,2.01886083016613,0,-54
5,2.818757866331826,0,-54
5,3.5187061768862558,0,-57
5,4.21867164039907,0,-54
5,4.8186500238737775,0,-62
5,1.5218208066390149,0,-45
5,0.9337214883300782,0,-42
5,0.6385397936066778,0,-46
5,0.9610568756682295,0,-53
5,1.4648644856574764,0,-54
5,2.1170085525548723,0,-55
5,2.8898654067307263,0,-54
5,3.5759221634801968,0,-51
5,4.266511053486066,0,-55
5,4.8605878464019305,0,-53
5,1.9234133948615206,0,-45
5,1.5018043606883802,0,-43
5,1.33839963689197,0,-49
5,1.5189505713756708,0,-50
5,1.8786719994064534,0,-54
5,2.421839328197429,0,-54
5,3.1200805420745543,0,-51
5,3.764412283382651,0,-52
5,4.425686058627756,0,-57
5,5.000889394158149,0,-53
5,2.3802195796909422,0,-45
5,2.0545905912843168,0,-48
5,1.9383600666656238,0,-47
5,2.067156742555794,0,-48
5,2.3442130110903414,0,-53
5,2.7984338283431285,0,-55
5,3.420647416651364,0,-55
5,4.017054393370047,0,-56
5,4.642480290700595,0,-60
5,5.193728996839829,0,-56
5,2.9780909602558183,0,-47
5,2.7248711928836813,0,-44
5,2.6383366479767623,0,-46
5,2.734358703299035,0,-48
5,2.9493923376483067,0,-51
5,3.3218688131274052,0,-53
5,3.8606229120514928,0,-52
5,4.397761535066095,0,-53
5,4.975560648766808,0,-61
5,5.493487181438413,0,-57
5,3.612839089631687,0,-48
5,3.40712540682327,0,-43
5,3.3383230502859598,0,-46
5,3.4147178563272944,0,-50
5,3.589219369360396,0,-47
5,3.9010758684806133,0,-53
5,4.368980406121117,0,-61
5,4.850142991636451,0,-56
5,5.3795710135260855,0,-54
5,5.86190941013604,0,-52
5,4.173551538867362,0,-54
5,3.996802434175605,0,-48
5,3.938315242344366,0,-47
5,4.003276682710288,0,-48
5,4.153121939144485,0,-53
5,4.4254173918008215,0,-49
5,4.842924317918013,0,-48
5,5.281080684796588,0,-49
5,5.77110998418688,0,-59
5,6.223175081311216,0,-62
5,4.8396397559731055,0,-56
5,4.688071055119082,0,-52
5,4.638308686158702,0,-47
5,4.693591878119057,0,-49
5,4.822033011232559,0,-52
5,5.058448340318054,0,-50
5,5.427476068035211,0,-50
5,5.821803304762613,0,-49
5,6.269712191926738,0,-54
5,6.688160330962929,0,-51
5,5.417383051585594,0,-51
5,5.282417664086848,0,-49
5,5.238304461188436,0,-48
5,5.287317928624739,0,-47
5,5.401659793195788,0,-51
5,5.613717642674763,0,-55
5,5.9483966435592,0,-56
5,6.310255135836926,0,-61
5,6.725713131676536,0,-57
5,7.117402248902163,0,-67
5,5.862591714906636,0,-63
5,6.421228796637238,0,-55
5,6.986728626605918,0,-57
5,7.653121856607575,0,-61
5,6.116854402035684,0,-59
5,6.654179545126109,0,-56
5,7.2014097968277015,0,-57
5,7.849598735737768,0,-59
5,6.417307374258672,0,-53
5,6.931380207345873,0,-55
5,7.458299351853437,0,-61
5,8.085921498017859,0,-66
5,6.818021300621466,0,-57
5,7.3039449682209,0,-58
5,7.805754911721909,0,-57
5,8.40747922936005,0,-60
5,7.1980094898339395,0,-58
5,7.6598654204111725,0,-57
5,8.139762644075201,0,-61
5,8.718465068584726,0,-62
5,7.606396438245302,0,-64
5,8.044840857271335,0,-60
5,8.503038401765188,0,-63
5,9.058562761947584,0,-60
5,5.586987082106377,0,-61
5,6.1706257623271,0,-63
5,6.757131043702365,0,-58
5,7.345816332092546,0,-60
5,5.458754910749962,0,-61
5,6.0547669499914045,0,-62
5,6.651496107025809,0,-60
5,7.248765281401439,0,-59
5,5.418633194418139,0,-64
5,6.018619720394495,0,-57
5,6.618608689278496,0,-61
5,7.218599491928069,0,-59
5,5.455961130329058,0,-55
5,6.052248301146683,0,-57
5,6.649203496796003,0,-64
5,7.246661630356117,0,-64
5,5.581316365847292,0,-50
5,6.165491871598422,0,-52
5,6.752443088380494,0,-59
5,7.341504294413297,0,-58
5,7.936196521502537,0,-63
5,8.626651289936259,0,-61
5,9.318530448971488,0,-63
5,9.912477357930266,0,-62
5,10.606276661568382,0,-61
5,11.30084075951785,0,-64
5,11.996036808972786,0,-65
5,12.691760964203501,0,-63
5,13.288453409466099,0,-64
5,13.984952315463975,0,-60
5,14.681784241571288,0,-56
5,7.8464511562822,0,-63
5,8.544161339661853,0,-64
5,9.242217820870815,0,-65
5,9.840771712192772,0,-61
5,10.539292440280015,0,-62
5,11.23799725894224,0,-60
5,11.936853841873212,0,-60
5,12.635837007990135,0,-61
5,13.235050983489428,0,-60
5,13.93421945376972,0,-65
5,14.633467430382462,0,-67
5,7.818591706179289,0,-61
5,8.518584008987968,0,-62
5,9.218577480741558,0,-65
5,9.818572625973022,0,-64
5,10.518567662080077,0,-63
5,11.218563317644849,0,-63
5,11.918559483522182,0,-64
5,12.618556074785513,0,-65
5,13.218553440357148,0,-58
5,13.918550653923266,0,-67
5,14.618548134342124,0,-68
5,7.844507787487177,0,-60
5,8.542376699619195,0,-64
5,9.240567998150697,0,-63
5,9.839222254401928,0,-62
5,10.537845691685192,0,-61
5,11.236640470888885,0,-61
5,11.935576497273518,0,-61
5,12.634630329871856,0,-61
5,13.233898942321918,0,-64
5,13.933125222499049,0,-67
5,14.632425489852631,0,-69
5,7.932205427745821,0,-65
5,8.622979774892798,0,-64
5,9.315131638815421,0,-63
5,9.909282269242887,0,-62
5,10.603290637428621,0,-61
5,11.29803830724747,0,-60
5,11.993396801668878,0,-60
5,12.68926570344128,0,-61
5,13.286070214160487,0,-63
5,13.982687831238044,0,-67
5,14.679627251265691,0,-69
5,8.079818281865846,0,-63
5,8.758958883236268,0,-64
5,9.441147068469666,0,-63
5,10.02783404387731,0,-62
5,10.714165990024364,0,-62
5,11.40215988802317,0,-61
5,12.091532051907011,0,-60
5,12.782059482436482,0,-61
5,13.374724006708167,0,-63
5,14.06695203325389,0,-64
5,14.7599131689897,0,-66
5,8.28414413129002,0,-66
5,8.947789740390464,0,-66
5,9.616591833310109,0,-62
5,10.193185769501019,0,-60
5,10.869081533497118,0,-61
5,11.547849610730903,0,-61
5,12.229011729584197,0,-62
5,12.912189013972716,0,-64
5,13.499141556989063,0,-66
5,14.185299433775766,0,-66
5,14.872747468982618,0,-68
5,8.501351077799237,0,-56
5,9.149255018756895,0,-60
5,9.804323773136936,0,-66
5,10.37048515217921,0,-70
5,11.035527152874005,0,-68
5,11.704646803388357,0,-60
5,12.377182799099288,0,-60
5,13.052607068803116,0,-58
5,13.63351564841734,0,-61
5,14.3132332540866,0,-61
5,14.994817219164103,0,-68
5,8.799804013045492,0,-65
5,9.427218461362902,0,-57
5,10.064211105124503,0,-60
5,10.616522161780795,0,-62
5,11.267051080998645,0,-66
5,11.92318486445977,0,-67
5,12.584046827723288,0,-63
5,13.248929459114136,0,-62
5,13.821589252168282,0,-64
5,14.492488630525255,0,-68
5,15.166018724640741,0,-69
5,9.142216973361815,0,-60
5,9.747616551664045,0,-68
5,10.364937321977624,0,-65
5,10.902023818153953,0,-60
5,11.53646482167939,0,-64
5,12.178091715539669,0,-64
5,12.825826097462334,0,-63
5,13.478787494897146,0,-63
5,14.042076412541954,0,-64
5,14.702918323445761,0,-66
5,15.367228262642776,0,-68
5,9.523849626492334,0,-60
5,10.10641424830232,0,-58
5,10.703060600059125,0,-62
5,11.223978966997818,0,-65
5,11.841182419921557,0,-62
5,12.467136734315108,0,-63
5,13.100587605232032,0,-63
5,13.740498275266766,0,-63
5,14.293477201006073,0,-64
5,14.94320540399316,0,-66
5,15.597284539181178,0,-69
5,9.940185724022035,0,-65
5,10.499675684434326,0,-62
5,11.075156284610673,0,-60
5,11.579347320623157,0,-60
5,12.178554167957405,0,-61
5,12.788005273384996,0,-62
5,13.406303596531464,0,-63
5,14.03227969264518,0,-64
5,14.574191950694683,0,-64
5,15.211935059877941,0,-59
5,15.854931898819165,0,-63
5,10.321493030955496,0,-62
5,10.861358830197668,0,-66
5,11.418625700519424,0,-66
5,11.908283273907877,0,-61
5,12.491721569979218,0,-61
5,13.086596388371344,0,-61
5,13.691417102783184,0,-66
5,14.304922213442257,0,-64
5,14.836879630694087,0,-67
5,15.463793015491222,0,-65
5,16.09673232914696,0,-63
5,10.791515134960251,0,-61
5,11.308965300076137,0,-61
5,11.845192839653393,0,-65
5,12.317905302917675,0,-62
5,12.882805917264195,0,-58
5,13.46040807524598,0,-60
5,14.049145269460245,0,-67
5,14.64767490261328,0,-66
5,15.16761608479455,0,-66
5,15.78139648275679,0,-62
5,16.402084385718123,0,-61
5,11.285405594310266,0,-58
5,11.781183161225337,0,-64
5,12.296835931595952,0,-68
5,12.752818181549546,0,-66
5,13.299258205701198,0,-67
5,13.859515362095475,0,-65
5,14.431980575181303,0,-69
5,15.015257592617594,0,-63
5,15.522891425753505,0,-60
5,16.123152776860415,0,-64
5,16.731167105621516,0,-65
5,11.725455453333183,0,-52
5,12.203368503751367,0,-59
5,12.701893563111001,0,-63
5,13.143831166432111,0,-64
5,13.674655205229932,0,-64
5,14.220129824729868,0,-63
5,14.778632869194022,0,-62
5,15.348742187315276,0,-60
5,15.845696083660796,0,-59
5,16.434171157256245,0,-58
5,17.03108566346382,0,-57
2.4,1.1774625233445628,2,-88
2.4,0.8639059129333135,2,-86
2.4,0.7786198423629713,2,-84
2.4,0.9829365653192148,2,-83
2.4,1.2704710297593131,2,-81
2.4,1.69529114608019,2,-90
2.4,1.5515284651842987,2,-88
2.4,1.329344203281205,2,-81
2.4,1.275567106552038,2,-80
2.4,1.4096052198533229,2,-85
2.4,1.6232434265549605,2,-89
2.4,1.9735335452872556,2,-85
2.4,1.9819341973620983,2,-77
2.4,1.8132784108331355,2,-80
2.4,1.7742305452544036,2,-83
2.4,1.872914696464827,2,-87
2.4,2.0385636625452954,2,-85
2.4,2.327156470624673,2,-89
2.4,2.4390337732531595,2,-78
2.4,2.3040835878044312,2,-82
2.4,2.2734811659897116,2,-85
2.4,2.3513043283739634,2,-82
2.4,2.4852694804882405,2,-86
2.4,2.7269909833306167,2,-87
2.4,2.9102763324924568,2,-86
2.4,2.7981464872279185,2,-87
2.4,2.773001838532773,2,-86
2.4,2.837156081188755,2,-86
2.4,2.949133258271401,2,-86
2.4,3.155519356233247,2,-85
2.4,3.3897685637609456,2,-86
2.4,3.2940015707923003,2,-84
2.4,3.272668907925508,2,-85
2.4,3.3272026108162596,2,-84
2.4,3.4231870471007992,2,-85
2.4,3.6025164804562495,2,-85
2.4,3.8744487995401546,2,-90
2.4,3.691490812110886,2,-89
2.4,3.672467814483782,2,-90
2.4,3.72114703833905,2,-87
2.4,3.8072125796907685,2,-87
2.4,3.969229529704201,2,-87
2.4,2.340490050289932,2,-86
2.4,2.9137247973222205,2,-88
2.4,3.495953477029495,2,-92
2.4,4.083330654328505,2,-93
2.4,4.5753147066730895,2,-89
2.4,5.167727081040881,2,-91
2.4,5.761709963469834,2,-92
2.4,2.686049862397506,2,-84
2.4,3.1264643442402886,2,-84
2.4,3.6751432373215143,2,-86
2.4,4.2377560493561095,2,-89
2.4,4.713649516709372,2,-88
2.4,5.290594511526918,2,-88
2.4,5.8721621915971465,2,-86
2.4,3.036420748934688,2,-87
2.4,3.4321664291058633,2,-86
2.4,3.9384851042127216,2,-85
2.4,4.468060366101798,2,-86
2.4,5.013527895021029,2,-87
2.4,5.476803573862603,2,-89
2.4,6.040469841469158,2,-89
2.4,3.456130504746101,2,-86
2.4,3.8085106666985635,2,-86
2.4,4.2704393236973806,2,-84
2.4,4.763249997260818,2,-87
2.4,3.84261117604068,2,-89
2.4,4.1624002790160555,2,-90
2.4,4.588842403240401,2,-89
2.4,5.050680461165741,2,-89
2.4,5.539067759093188,2,-92
2.4,5.961642984307751,2,-92
2.4,6.483292804691924,2,-92
2.4,4.33712436431193,2,-89
2.4,4.622830646262997,2,-89
2.4,5.010235693363393,2,-89
2.4,5.436392206424847,2,-89
2.4,5.892899009918722,2,-91
2.4,6.291754459101313,2,-91
2.4,6.7880831383127225,2,-90
2.4,8.242233381345129,2,-94
2.4,8.2116923812618,2,-92
2.4,8.267116056975796,2,-90
2.4,8.398721571438177,2,-90
2.4,8.633423694366801,2,-85
2.4,8.913434849792083,2,-89
2.4,9.254330713591445,2,-91
2.4,7.44570657631145,2,-96
2.4,7.411884178293716,2,-96
2.4,7.618573314112595,2,-81
2.4,7.876556353789498,2,-88
2.4,8.18250915853173,2,-89
2.4,8.552588629443694,2,-88
2.4,6.581906671241876,2,-89
2.4,6.74646659844783,2,-90
2.4,7.03649715525313,2,-89
2.4,7.377371371357098,2,-92
2.4,7.7858155954243635,2,-96
2.4,8.313627676163179,2,-96
2.4,11.796505697258405,2,-93
2.4,12.383491543199113,2,-93
2.4,17.249828094690077,2,-94
2.4,17.957446517570173,2,-94
2.4,18.67252531304823,2,-92
2.4,19.484883428400078,2,-92
2.4,20.21321345935312,2,-92
2.4,25.653996246567004,2,-92
2.4,26.41213432409255,2,-92
2.4,36.820790423032285,2,-91
2.4,37.698117831382234,2,-93
2.4,38.478843591820855,2,-91
2.4,11.254407224435129,2,-92
2.4,11.868234835410512,2,-92
2.4,14.678439688275647,2,-91
2.4,15.374326255721895,2,-91
2.4,16.88374083561835,2,-93
2.4,17.606079084775256,2,-92
2.4,18.33486669911714,2,-92
2.4,19.901711827411777,2,-94
2.4,20.646342286138132,2,-92
2.4,21.48880942370444,2,-92
2.4,22.997294682600312,2,-94
2.4,23.756028263440637,2,-94
2.4,24.612727591742118,2,-95
2.4,25.376754631755762,2,-95
2.4,39.982450353357876,2,-93
2.4,40.76848847325298,2,-93
2.4,11.385918206996715,2,-93
2.4,12.129988213857935,2,-93
2.4,15.005133892283245,2,-92
2.4,15.72728073318402,2,-92
2.4,19.617906844750525,2,-90
2.4,20.37291302451231,2,-92
2.4,21.226235317555876,2,-92
2.4,21.987868971123383,2,-93
2.4,22.752136120072866,2,-93
2.4,9.668889580191003,1,-65
2.4,10.67250612638627,1,-77
2.4,11.248994073679016,1,-75
2.4,8.89716684880023,1,-71
2.4,8.709145239847974,1,-68
2.4,9.320230225733688,1,-70
2.4,9.975177798545396,1,-65
2.4,11.795473021659603,1,-71
2.4,13.043925045462604,1,-88
2.4,13.744142797699674,1,-88
2.4,17.345908320678024,1,-89
2.4,18.138302459747443,1,-89
2.4,22.1310021206444,1,-92
2.4,24.555845175901133,1,-92
2.4,11.17163085794385,1,-88
2.4,11.853388404927781,1,-83
2.4,12.482633248361914,1,-92
2.4,18.558223217610493,1,-91
2.4,19.29251059685315,1,-91
2.4,20.12457318259456,1,-87
2.4,25.663526971544762,1,-89
2.4,26.533263976961422,1,-89
2.4,16.889326141874122,1,-91
2.4,17.327511467652435,1,-90
2.4,17.73166109758985,1,-85
2.4,19.11343571028308,1,-90
2.4,16.67293582335139,1,-86
2.4,17.092569747926987,1,-88
2.4,17.53011957192259,1,-91
2.4,18.050440668884995,1,-92
2.4,18.522083035098728,1,-89
2.4,19.078282839242267,1,-89
2.4,16.46754614068886,1,-93
2.4,16.921265541142933,1,-90
2.4,17.459740652395304,1,-89
2.4,17.946913251783993,1,-90
2.4,18.52039447209734,1,-92
2.4,19.03560251266685,1,-92
2.4,15.858253724911963,1,-94
2.4,16.32891186888578,1,-91
2.4,16.88628671309571,1,-89
2.4,17.389532212656768,1,-90
2.4,17.980799390184558,1,-91
2.4,18.51103180074563,1,-90
2.4,15.266576122747756,1,-96
2.4,15.754919807152513,1,-93
2.4,16.33189561149717,1,-92
2.4,16.851705132804668,1,-93
2.4,17.4611936023294,1,-94
2.4,18.0067330084106,1,-92
2.4,16.3986610513623,1,-98
2.4,17.02437665268543,1,-99
2.4,17.583473832853834,1,-96
2.4,14.212269354824771,1,-85
2.4,14.735594722719744,1,-85
2.4,20.49631421546529,1,-91
2.4,21.080137868479852,1,-81
2.4,21.75338348869048,1,-89
2.4,19.882933602477987,1,-91
2.4,20.48424674659974,1,-93
2.4,21.176445533363133,1,-89
2.4,21.883768552957427,1,-90
2.4,19.292050198514715,1,-94
2.4,19.9112158593353,1,-95
2.4,18.725793790477226,1,-94
2.4,19.363074890587736,1,-95
2.4,18.18646489301698,1,-94
2.4,18.841996216961007,1,-95
2.4,19.592302113123058,1,-90
2.4,20.35474840777452,1,-90
2.4,18.350285383651027,1,-88
2.4,19.119896817539313,1,-92
2.4,17.19859906352452,1,-91
2.4,17.890364051156148,1,-94
2.4,18.6789348340534,1,-94
2.4,22.988612952418407,1,-93
2.4,26.684989912458818,1,-101
2.4,27.46681938776207,1,-101
2.4,22.724218218839653,1,-101
2.4,24.076061262746272,1,-99
2.4,24.84943070936284,1,-95
2.4,27.75052496145685,1,-101
2.4,28.466909768562402,1,-101
2.4,22.927615707132336,1,-98
2.4,23.620941516988168,1,-97
2.4,25.827369031145164,1,-99
2.4,26.634385138817635,1,-99
2.4,28.083039436516433,1,-101
2.4,23.238180080568767,1,-92
2.4,22.115421079947193,1,-93
2.4,24.3761351010646,1,-93
2.4,25.10914730930518,1,-93
2.4,15.551267469783998,0,-50
2.4,14.862639008979315,0,-51
2.4,14.175124574609752,0,-51
2.4,13.488894509935836,0,-52
2.4,12.901874925031356,0,-52
2.4,12.218612645289339,0,-49
2.4,11.440219852939553,0,-51
2.4,10.761726101237846,0,-49
2.4,10.086172072324354,0,-46
2.4,9.509940512616863,0,-44
2.4,15.443803661498572,0,-57
2.4,14.750158979800466,0,-59
2.4,14.057144387245227,0,-58
2.4,13.364857901164973,0,-51
2.4,12.772138748044807,0,-53
2.4,12.0815415652879,0,-48
2.4,11.293705410614665,0,-51
2.4,10.605842743328727,0,-52
2.4,9.919678356211477,0,-56
2.4,9.333173103059117,0,-56
2.4,15.36750543039017,0,-52
2.4,14.67025362928477,0,-61
2.4,13.973276635850828,0,-56
2.4,13.276617729545672,0,-52
2.4,12.679774438745438,0,-51
2.4,11.98385573227306,0,-50
2.4,11.189143556139658,0,-52
2.4,10.494429565935125,0,-50
2.4,9.800467861732168,0,-53
2.4,9.206371260698802,0,-50
2.4,15.327270150106536,0,-49
2.4,14.628100650761821,0,-56
2.4,13.929014575456875,0,-58
2.4,13.23002514879552,0,-52
2.4,12.630980441705136,0,-64
2.4,11.932216278345331,0,-55
2.4,11.133818779788768,0,-59
2.4,10.435422320905309,0,-62
2.4,9.73725615407752,0,-51
2.4,9.139051312422765,0,-48
2.4,15.309943235443477,0,-54
2.4,14.609944567553057,0,-55
2.4,13.909946033735888,0,-59
2.4,13.209947655305701,0,-55
2.4,12.609949188513502,0,-62
2.4,11.909951172501254,0,-54
2.4,11.109953746048259,0,-55
2.4,10.409956322377313,0,-52
2.4,9.709959270165617,0,-50
2.4,9.1099621573995,0,-49
2.4,15.320553154954194,0,-59
2.4,14.621062456888986,0,-57
2.4,13.921622957210133,0,-52
2.4,13.222242780904912,0,-58
2.4,12.622828749458964,0,-63
2.4,11.92358687780818,0,-58
2.4,11.124570074416683,0,-60
2.4,10.425554073289288,0,-60
2.4,9.72667960454906,0,-61
2.4,9.127781636877955,0,-60
2.4,15.362568163947445,0,-62
2.4,14.66508162222097,0,-67
2.4,13.967846554887224,0,-58
2.4,13.270902598367103,0,-59
2.4,12.673790169334604,0,-58
2.4,11.977523769577504,0,-59
2.4,11.18236160025072,0,-52
2.4,10.4871983557685,0,-46
2.4,9.792724225041026,0,-59
2.4,9.198127484911321,0,-64
2.4,15.436244757391167,0,-61
2.4,14.742244422222754,0,-55
2.4,14.04883941822347,0,-54
2.4,13.356122468497412,0,-64
2.4,12.762997644537789,0,-55
2.4,12.071877537025829,0,-57
2.4,11.283366633098321,0,-56
2.4,10.594832748627427,0,-57
2.4,9.90790590215006,0,-57
2.4,9.320659893314193,0,-64
2.4,15.524259702522427,0,-54
2.4,14.834377563815522,0,-54
2.4,14.145489602707466,0,-53
2.4,13.457748492774593,0,-51
2.4,12.869308294378241,0,-59
2.4,12.184219891738012,0,-49
2.4,11.403479717971702,0,-46
2.4,10.72266142674773,0,-50
2.4,10.044480398066167,0,-54
2.4,9.465711169696188,0,-60
2.4,15.655407721599472,0,-55
2.4,14.971570035369972,0,-55
2.4,14.289297663582339,0,-55
2.4,13.608826037279318,0,-58
2.4,13.027211811969101,0,-59
2.4,12.350885230961339,0,-58
2.4,11.58138598339364,0,-57
2.4,10.911673551331084,0,-50
2.4,10.246010837652385,0,-47
2.4,9.679299539029975,0,-48
2.4,15.791667993938825,0,-54
2.4,15.113996705877089,0,-51
2.4,14.438456109284507,0,-53
2.4,13.765359901368615,0,-53
2.4,13.190649517562912,0,-65
2.4,12.523152681719342,0,-59
2.4,11.76492619601254,0,-50
2.4,11.106286813876805,0,-51
2.4,10.45302469080436,0,-50
2.4,9.898172895415664,0,-43
2.4,8.55435518564315,0,-50
2.4,7.957706586895222,0,-49
2.4,7.361602787714877,0,-52
2.4,6.667031873222381,0,-47
2.4,8.63608590412435,0,-50
2.4,8.04550068202042,0,-46
2.4,7.456418892830987,0,-46
2.4,6.771580398979146,0,-47
2.4,8.758251357702104,0,-51
2.4,8.17649486795329,0,-49
2.4,7.597576574582341,0,-44
2.4,6.9267083236638465,0,-45
2.4,8.949643482443612,0,-49
2.4,8.381182490783813,0,-47
2.4,7.817437011245886,0,-47
2.4,7.167177953648751,0,-49
2.4,9.15320192960479,0,-46
2.4,8.59820952554057,0,-45
2.4,8.049677541744915,0,-43
2.4,7.419799655013883,0,-47
2.4,9.39074505379612,0,-45
2.4,8.850660661576176,0,-42
2.4,8.31879171679084,0,-46
2.4,7.710928220507539,0,-42
2.4,8.936837809565933,0,-45
2.4,8.36750688768542,0,-57
2.4,7.802773416961357,0,-50
2.4,7.243712755032087,0,-41
2.4,8.748498251279582,0,-43
2.4,8.16604697106364,0,-52
2.4,7.586331433215497,0,-49
2.4,7.010030391914805,0,-55
2.4,8.61309313027536,0,-54
2.4,8.020815092730434,0,-47
2.4,7.429776324543571,0,-48
2.4,6.840298071993932,0,-48
2.4,8.541098311814004,0,-48
2.4,7.943454025362503,0,-45
2.4,7.346193799106011,0,-46
2.4,6.749419590972201,0,-44
2.4,8.509965451764577,0,-52
2.4,7.909969245907498,0,-52
2.4,7.309973662892247,0,-51
2.4,6.70997886979937,0,-46
2.4,6.691746854027751,0,-47
2.4,6.059339432055444,0,-46
2.4,5.443501882734473,0,-46
2.4,4.933539726029325,0,-41
2.4,4.367600327729315,0,-38
2.4,3.846043553738435,0,-40
2.4,3.389420217636739,0,-33
2.4,3.0272574727294703,0,-32
2.4,2.8199981005618033,0,-35
2.4,2.7291954275287615,0,-31
2.4,2.8150712381955136,0,-33
2.4,6.4380608552999075,0,-41
2.4,5.777953441402645,0,-46
2.4,5.128436834503126,0,-46
2.4,4.583553844612736,0,-45
2.4,3.9680075908364767,0,-45
2.4,3.3854397994068144,0,-40
2.4,2.8561024193609312,0,-38
2.4,2.4152514205256357,0,-37
2.4,2.1497769431563967,0,-34
2.4,2.029201640990511,0,-32
2.4,2.1433099855761193,0,-37
2.4,6.252821698617326,0,-40
2.4,5.570807624498565,0,-42
2.4,4.89387535432229,0,-45
2.4,4.319504307743988,0,-43
2.4,3.65981363720758,0,-43
2.4,3.0183363387075217,0,-38
2.4,2.409662351457988,0,-40
2.4,1.8661701536852897,0,-35
2.4,1.506881721795555,0,-34
2.4,1.3292143987909772,0,-43
2.4,1.4976412495738023,0,-37
2.4,6.15327281176246,0,-42
2.4,5.458835470175557,0,-43
2.4,4.766025921553361,0,-43
2.4,4.174099252041608,0,-42
2.4,3.4870077373539075,0,-41
2.4,2.8063038600332946,0,-40
2.4,2.1380972263462388,0,-39
2.4,1.4991924972401705,0,-38
2.4,1.0176834599997078,0,-38
2.4,0.7292448280438468,0,-37
2.4,1.0039504040043117,0,-33
2.4,6.109985099337786,0,-44
2.4,5.409994113545917,0,-44
2.4,4.710005807116722,0,-43
2.4,4.110019000448658,0,-42
2.4,3.4100402605424907,0,-40
2.4,2.710072503272274,0,-39
2.4,2.010127201811905,0,-39
2.4,1.3102403451031028,0,-39
2.4,0.7105147731832581,0,-38
2.4,0.03081618703505463,0,-37
2.4,0.6907011161530727,0,-38
2.4,6.14663074637516,0,-45
2.4,5.4513473496701845,0,-45
2.4,4.7574474585882625,0,-44
2.4,4.164301598372009,0,-42
2.4,3.4752735427121957,0,-40
2.4,2.7917099761879145,0,-39
2.4,2.1189060823025727,0,-39
2.4,1.4716933716269078,0,-39
2.4,0.9767204620905279,0,-38
2.4,0.6708958604269796,0,-39
2.4,0.962403060058403,0,-31
2.4,6.261806540483277,0,-44
2.4,5.580890569157474,0,-49
2.4,4.905349930370167,0,-47
2.4,4.332500365880926,0,-41
2.4,3.6751432373215143,0,-39
2.4,3.0369056964782115,0,-37
2.4,2.432881954344173,0,-39
2.4,1.8960572244120855,0,-40
2.4,1.5437404183414452,0,-35
2.4,1.3708584440753695,0,-35
2.4,1.5347218862596779,0,-30
2.4,6.419907184042038,0,-55
2.4,5.757718875230561,0,-48
2.4,5.105628760560058,0,-41
2.4,4.558020022074693,0,-41
2.4,3.9384851042127216,0,-46
2.4,3.350788461030813,0,-38
2.4,2.814942575799541,0,-38
2.4,2.366436160034894,0,-36
2.4,2.094784375656944,0,-36
2.4,1.9708475270725982,0,-36
2.4,2.088147113936156,0,-30
2.4,6.668160156285184,0,-44
2.4,6.033280887240452,0,-43
2.4,5.414480275964879,0,-43
2.4,4.901499580718993,0,-43
2.4,4.331375824638191,0,-37
2.4,3.80485675534992,0,-38
2.4,3.3426117517898533,0,-37
2.4,2.974755740842493,0,-34
2.4,2.7635616871441693,0,-37
2.4,2.670840989861218,0,-32
2.4,2.7585340287178934,0,-33
2.4,6.9780736230011176,0,-51
2.4,6.374137579507964,0,-48
2.4,5.791869152265735,0,-50
2.4,5.315435048793575,0,-46
2.4,4.794785516831265,0,-41
2.4,4.325053357692436,0,-40
2.4,3.9245642995571277,0,-39
2.4,3.6163964572250737,0,-37
2.4,3.4447677449729213,0,-36
2.4,3.3708371677192517,0,-34
2.4,3.4407356198564965,0,-31
2.4,7.341843304387436,0,-37
2.4,6.770434365729448,0,-40
2.4,6.2253433556007245,0,-40
2.4,5.784721374111102,0,-39
2.4,5.310284339898339,0,-43
2.4,4.890320865244048,0,-42
2.4,4.539973189294514,0,-41
2.4,4.276385734938412,0,-39
2.4,4.132260451007475,0,-37
2.4,4.070834660046048,0,-33
2.4,4.12889975948847,0,-33
2.4,7.751891041825426,0,-39
2.4,7.213039104206007,0,-37
2.4,6.704032481520115,0,-41
2.4,6.296995552980207,0,-45
2.4,5.864151378394338,0,-44
2.4,5.486746739480142,0,-44
2.4,5.176920723525489,0,-43
2.4,4.947385832148067,0,-40
2.4,4.823352366675606,0,-37
2.4,4.7708328882478055,0,-38
2.4,4.820473508075594,0,-33
2.4,8.134912527225401,0,-38
2.4,7.623183076647211,0,-42
2.4,7.143461248901138,0,-45
2.4,6.76292393092869,0,-46
2.4,6.3618596722970615,0,-50
2.4,6.015760707048729,0,-45
2.4,5.734587629371718,0,-42
2.4,5.528255934145494,0,-44
2.4,5.417537739083192,0,-42
2.4,5.370831737157882,0,-34
2.4,5.414974786952759,0,-35
2.4,8.613126809920043,0,-41
2.4,8.131547936170278,0,-43
2.4,7.6836313181142994,0,-44
2.4,7.33118624191765,0,-43
2.4,6.962931143430498,0,-43
2.4,6.6481973874597085,0,-45
2.4,6.394892250624541,0,-43
2.4,6.210536634749814,0,-40
2.4,6.112190014433885,0,-38
2.4,6.0708306817944635,0,-33
2.4,6.109918457842849,0,-39
2.4,9.120038654628503,0,-42
2.4,8.666673148122628,0,-49
2.4,8.247868927842001,0,-44
2.4,7.9205708968380115,0,-45
2.4,7.581000047903245,0,-49
2.4,7.292988421818642,0,-43
2.4,7.062846346569666,0,-42
2.4,6.896369835625422,0,-39
2.4,6.807937895625956,0,-37
2.4,6.770829844647678,0,-43
2.4,6.805898557842559,0,-56
2.4,9.573927729160772,0,-42
2.4,9.143096333172108,0,-44
2.4,8.747132613155983,0,-44
2.4,8.439219776324869,0,-43
2.4,8.121363729545948,0,-42
2.4,7.853194714385746,0,-39
2.4,7.639946702466447,0,-37
2.4,7.486314447777335,0,-37
2.4,7.404931160515635,0,-39
2.4,7.370829253648951,0,-45
2.4,7.403056279734666,0,-51
5,15.551267469783998,0,-65
5,14.862639008979315,0,-68
5,14.175124574609752,0,-66
5,13.488894509935836,0,-62
5,12.901874925031356,0,-62
5,12.218612645289339,0,-64
5,11.440219852939553,0,-66
5,10.761726101237846,0,-65
5,10.086172072324354,0,-57
5,9.509940512616863,0,-53
5,15.443803661498572,0,-60
5,14.750158979800466,0,-63
5,14.057144387245227,0,-64
5,13.364857901164973,0,-64
5,12.772138748044807,0,-65
5,12.0815415652879,0,-65
5,11.293705410614665,0,-64
5,10.605842743328727,0,-66
5,9.919678356211477,0,-61
5,9.333173103059117,0,-58
5,15.36750543039017,0,-67
5,14.67025362928477,0,-65
5,13.973276635850828,0,-69
5,13.276617729545672,0,-64
5,12.679774438745438,0,-59
5,11.98385573227306,0,-59
5,11.189143556139658,0,-58
5,10.494429565935125,0,-69
5,9.800467861732168,0,-59
5,9.206371260698802,0,-58
5,15.327270150106536,0,-67
5,14.628100650761821,0,-67
5,13.929014575456875,0,-74
5,13.23002514879552,0,-61
5,12.630980441705136,0,-60
5,11.932216278345331,0,-59
5,11.133818779788768,0,-65
5,10.435422320905309,0,-61
5,9.73725615407752,0,-67
5,9.139051312422765,0,-60
5,15.309943235443477,0,-65
5,14.609944567553057,0,-63
5,13.909946033735888,0,-63
5,13.209947655305701,0,-63
5,12.609949188513502,0,-61
5,11.909951172501254,0,-58
5,11.109953746048259,0,-62
5,10.409956322377313,0,-63
5,9.709959270165617,0,-63
5,9.1099621573995,0,-54
5,15.320553154954194,0,-62
5,14.621062456888986,0,-68
5,13.921622957210133,0,-65
5,13.222242780904912,0,-64
5,12.622828749458964,0,-62
5,11.92358687780818,0,-65
5,11.124570074416683,0,-65
5,10.425554073289288,0,-63
5,9.72667960454906,0,-64
5,9.127781636877955,0,-75
5,15.362568163947445,0,-67
5,14.66508162222097,0,-66
5,13.967846554887224,0,-70
5,13.270902598367103,0,-65
5,12.673790169334604,0,-68
5,11.977523769577504,0,-66
5,11.18236160025072,0,-66
5,10.4871983557685,0,-68
5,9.792724225041026,0,-65
5,9.198127484911321,0,-65
5,15.436244757391167,0,-64
5,14.742244422222754,0,-65
5,14.04883941822347,0,-64
5,13.356122468497412,0,-66
5,12.762997644537789,0,-64
5,12.071877537025829,0,-69
5,11.283366633098321,0,-61
5,10.594832748627427,0,-62
5,9.90790590215006,0,-64
5,9.320659893314193,0,-67
5,15.524259702522427,0,-65
5,14.834377563815522,0,-63
5,14.145489602707466,0,-68
5,13.457748492774593,0,-63
5,12.869308294378241,0,-63
5,12.184219891738012,0,-65
5,11.403479717971702,0,-62
5,10.72266142674773,0,-60
5,10.044480398066167,0,-61
5,9.465711169696188,0,-62
5,15.655407721599472,0,-65
5,14.971570035369972,0,-61
5,14.289297663582339,0,-58
5,13.608826037279318,0,-62
5,13.027211811969101,0,-60
5,12.350885230961339,0,-68
5,11.58138598339364,0,-68
5,10.911673551331084,0,-59
5,10.246010837652385,0,-64
5,9.679299539029975,0,-61
5,15.791667993938825,0,-60
5,15.113996705877089,0,-63
5,14.438456109284507,0,-70
5,13.765359901368615,0,-62
5,13.190649517562912,0,-60
5,12.523152681719342,0,-66
5,11.76492619601254,0,-61
5,11.106286813876805,0,-63
5,10.45302469080436,0,-58
5,9.898172895415664,0,-62
5,8.55435518564315,0,-68
5,7.957706586895222,0,-60
5,7.361602787714877,0,-58
5,6.667031873222381,0,-57
5,8.63608590412435,0,-59
5,8.04550068202042,0,-62
5,7.456418892830987,0,-56
5,6.771580398979146,0,-59
5,8.758251357702104,0,-59
5,8.17649486795329,0,-60
5,7.597576574582341,0,-57
5,6.9267083236638465,0,-58
5,8.949643482443612,0,-61
5,8.381182490783813,0,-57
5,7.817437011245886,0,-61
5,7.167177953648751,0,-54
5,9.15320192960479,0,-58
5,8.59820952554057,0,-60
5,8.049677541744915,0,-53
5,7.419799655013883,0,-56
5,9.39074505379612,0,-55
5,8.850660661576176,0,-56
5,8.31879171679084,0,-55
5,7.710928220507539,0,-55
5,8.936837809565933,0,-56
5,8.36750688768542,0,-56
5,7.802773416961357,0,-62
5,7.243712755032087,0,-64
5,8.748498251279582,0,-64
5,8.16604697106364,0,-58
5,7.586331433215497,0,-54
5,7.010030391914805,0,-55
5,8.61309313027536,0,-57
5,8.020815092730434,0,-56
5,7.429776324543571,0,-57
5,6.840298071993932,0,-57
5,8.541098311814004,0,-58
5,7.943454025362503,0,-57
5,7.346193799106011,0,-59
5,6.749419590972201,0,-57
5,8.509965451764577,0,-55
5,7.909969245907498,0,-56
5,7.309973662892247,0,-55
5,6.70997886979937,0,-57
5,6.691746854027751,0,-56
5,6.059339432055444,0,-53
5,5.443501882734473,0,-54
5,4.933539726029325,0,-53
5,4.367600327729315,0,-53
5,3.846043553738435,0,-51
5,3.389420217636739,0,-49
5,3.0272574727294703,0,-48
5,2.8199981005618033,0,-44
5,2.7291954275287615,0,-42
5,2.8150712381955136,0,-45
5,6.4380608552999075,0,-54
5,5.777953441402645,0,-54
5,5.128436834503126,0,-57
5,4.583553844612736,0,-58
5,3.9680075908364767,0,-48
5,3.3854397994068144,0,-48
5,2.8561024193609312,0,-49
5,2.4152514205256357,0,-45
5,2.1497769431563967,0,-43
5,2.029201640990511,0,-43
5,2.1433099855761193,0,-43
5,6.252821698617326,0,-51
5,5.570807624498565,0,-55
5,4.89387535432229,0,-49
5,4.319504307743988,0,-47
5,3.65981363720758,0,-54
5,3.0183363387075217,0,-49
5,2.409662351457988,0,-47
5,1.8661701536852897,0,-49
5,1.506881721795555,0,-47
5,1.3292143987909772,0,-42
5,1.4976412495738023,0,-40
5,6.15327281176246,0,-50
5,5.458835470175557,0,-50
5,4.766025921553361,0,-50
5,4.174099252041608,0,-50
5,3.4870077373539075,0,-50
5,2.8063038600332946,0,-50
5,2.1380972263462388,0,-50
5,1.4991924972401705,0,-49
5,1.0176834599997078,0,-47
5,0.7292448280438468,0,-45
5,1.0039504040043117,0,-39
5,6.109985099337786,0,-48
5,5.409994113545917,0,-51
5,4.710005807116722,0,-51
5,4.110019000448658,0,-51
5,3.4100402605424907,0,-51
5,2.710072503272274,0,-52
5,2.010127201811905,0,-51
5,1.3102403451031028,0,-50
5,0.7105147731832581,0,-47
5,0.03081618703505463,0,-49
5,0.6907011161530727,0,-39
5,6.14663074637516,0,-51
5,5.4513473496701845,0,-53
5,4.7574474585882625,0,-53
5,4.164301598372009,0,-52
5,3.4752735427121957,0,-52
5,2.7917099761879145,0,-52
5,2.1189060823025727,0,-51
5,1.4716933716269078,0,-48
5,0.9767204620905279,0,-46
5,0.6708958604269796,0,-38
5,0.962403060058403,0,-37
5,6.261806540483277,0,-53
5,5.580890569157474,0,-57
5,4.905349930370167,0,-56
5,4.332500365880926,0,-52
5,3.6751432373215143,0,-54
5,3.0369056964782115,0,-50
5,2.432881954344173,0,-48
5,1.8960572244120855,0,-46
5,1.5437404183414452,0,-45
5,1.3708584440753695,0,-37
5,1.5347218862596779,0,-35
5,6.419907184042038,0,-59
5,5.757718875230561,0,-55
5,5.105628760560058,0,-51
5,4.558020022074693,0,-48
5,3.9384851042127216,0,-52
5,3.350788461030813,0,-49
5,2.814942575799541,0,-42
5,2.366436160034894,0,-39
5,2.094784375656944,0,-40
5,1.9708475270725982,0,-37
5,2.088147113936156,0,-37
5,6.668160156285184,0,-51
5,6.033280887240452,0,-57
5,5.414480275964879,0,-52
5,4.901499580718993,0,-52
5,4.331375824638191,0,-45
5,3.80485675534992,0,-41
5,3.3426117517898533,0,-42
5,2.974755740842493,0,-39
5,2.7635616871441693,0,-40
5,2.670840989861218,0,-39
5,2.7585340287178934,0,-37
5,6.9780736230011176,0,-56
5,6.374137579507964,0,-49
5,5.791869152265735,0,-53
5,5.315435048793575,0,-47
5,4.794785516831265,0,-45
5,4.325053357692436,0,-42
5,3.9245642995571277,0,-40
5,3.6163964572250737,0,-40
5,3.4447677449729213,0,-40
5,3.3708371677192517,0,-42
5,3.4407356198564965,0,-38
5,7.341843304387436,0,-48
5,6.770434365729448,0,-48
5,6.2253433556007245,0,-51
5,5.784721374111102,0,-47
5,5.310284339898339,0,-46
5,4.890320865244048,0,-43
5,4.539973189294514,0,-41
5,4.276385734938412,0,-41
5,4.132260451007475,0,-42
5,4.070834660046048,0,-43
5,4.12889975948847,0,-41
5,7.751891041825426,0,-52
5,7.213039104206007,0,-50
5,6.704032481520115,0,-50
5,6.296995552980207,0,-49
5,5.864151378394338,0,-48
5,5.486746739480142,0,-45
5,5.176920723525489,0,-43
5,4.947385832148067,0,-42
5,4.823352366675606,0,-43
5,4.7708328882478055,0,-43
5,4.820473508075594,0,-40
5,8.134912527225401,0,-50
5,7.623183076647211,0,-54
5,7.143461248901138,0,-54
5,6.76292393092869,0,-56
5,6.3618596722970615,0,-52
5,6.015760707048729,0,-48
5,5.734587629371718,0,-45
5,5.528255934145494,0,-41
5,5.417537739083192,0,-46
5,5.370831737157882,0,-42
5,5.414974786952759,0,-39
5,8.613126809920043,0,-50
5,8.131547936170278,0,-51
5,7.6836313181142994,0,-52
5,7.33118624191765,0,-52
5,6.962931143430498,0,-50
5,6.6481973874597085,0,-47
5,6.394892250624541,0,-42
5,6.210536634749814,0,-40
5,6.112190014433885,0,-42
5,6.0708306817944635,0,-40
5,6.109918457842849,0,-40
5,9.120038654628503,0,-50
5,8.666673148122628,0,-56
5,8.247868927842001,0,-57
5,7.9205708968380115,0,-49
5,7.581000047903245,0,-49
5,7.292988421818642,0,-47
5,7.062846346569666,0,-43
5,6.896369835625422,0,-40
5,6.807937895625956,0,-39
5,6.770829844647678,0,-43
5,6.805898557842559,0,-41
5,9.573927729160772,0,-46
5,9.143096333172108,0,-49
5,8.747132613155983,0,-49
5,8.439219776324869,0,-47
5,8.121363729545948,0,-44
5,7.853194714385746,0,-41
5,7.639946702466447,0,-38
5,7.486314447777335,0,-37
5,7.404931160515635,0,-38
5,7.370829253648951,0,-38
5,7.403056279734666,0,-37
2.4,7.120582932559867,2,-94
2.4,6.680936197843082,2,-90
2.4,6.250369241879802,2,-89
2.4,5.830893828567296,2,-88
2.4,5.505005775126296,2,-89
2.4,5.11246474455922,2,-92
2.4,6.904213386826546,2,-93
2.4,6.44983485610461,2,-86
2.4,6.002714123728456,2,-86
2.4,5.564600976835282,2,-86
2.4,5.222121195026584,2,-90
2.4,4.806532737403645,2,-90
2.4,6.718156271046907,2,-85
2.4,6.250266463311303,2,-85
2.4,5.787748961606843,2,-90
2.4,5.332001990131679,2,-90
2.4,4.973531036086723,2,-92
2.4,4.535219746286278,2,-92
2.4,6.5649893277581866,2,-81
2.4,6.085334177657459,2,-85
2.4,5.609233390932586,2,-88
2.4,5.137675195469268,2,-91
2.4,4.764606191312129,2,-91
2.4,4.305075996829437,2,-92
2.4,6.447057163152106,2,-87
2.4,5.957915176061001,2,-89
2.4,5.470736735150494,2,-87
2.4,4.986097432412667,2,-90
2.4,4.6007535632396,2,-91
2.4,4.1230013982351466,2,-91
2.4,6.366318186858311,2,-91
2.4,5.87045266027331,2,-90
2.4,5.375353162044061,2,-90
2.4,4.881252789692845,2,-92
2.4,4.486913698861822,2,-91
2.4,3.995572765101516,2,-90
2.4,6.324197059524228,2,-91
2.4,5.830487405835604,2,-92
2.4,5.331678025705855,2,-92
2.4,3.9366191934601162,2,-90
2.4,4.598085016245665,2,-91
2.4,4.2001231449622285,2,-92
2.4,3.854825942772507,2,-92
2.4,3.5774755995389347,2,-92
2.4,3.410357583228415,2,-93
2.4,3.299876885841057,2,-81
2.4,3.2966401195660704,2,-92
2.4,4.1142898150600296,2,-89
2.4,3.749611694895059,2,-91
2.4,3.3583085740768883,2,-92
2.4,3.0359323271349203,2,-94
2.4,2.703283353878107,2,-92
2.4,2.699331307486909,2,-92
2.4,3.7504578536430864,2,-89
2.4,3.3463623970126437,2,-88
2.4,2.9011704376621434,2,-89
2.4,2.103554833424933,2,-92
2.4,3.4531851299343193,2,-92
2.4,3.0094342860056944,2,-89
2.4,2.052801002103141,2,-89
2.4,1.6948865951620995,2,-89
2.4,3.2695487047865646,2,-89
2.4,2.7968117407431277,2,-89
2.4,2.0541075821459676,2,-94
2.4,1.4690155122578057,2,-94
2.4,0.47698111900807666,2,-93
2.4,6.964410426759877,2,-94
2.4,5.534662447227662,2,-91
2.4,4.7781082605170955,2,-92
2.4,3.1076718787674,2,-94
2.4,2.790537639680228,2,-90
2.4,2.997487358262199,2,-83
2.4,3.377820061687256,2,-87
2.4,3.887725077128281,2,-88
2.4,3.6665412812509723,2,-87
2.4,3.0246095406370586,2,-87
2.4,2.7564718175300684,2,-89
2.4,3.361974834384208,2,-89
2.4,6.475608711134849,2,-94
2.4,5.688430898404301,2,-94
2.4,1.7573047810341704,2,-88
2.4,1.2299829265647353,2,-88
2.4,1.1034472827625028,2,-94
2.4,1.5541641001855462,2,-93
2.4,2.200037262525512,2,-93
2.4,5.218905472031171,2,-93
2.4,5.911151514907404,2,-93
2.4,17.93260276748727,2,-94
2.4,18.738447677401794,2,-94
2.4,32.84217592050943,2,-99
2.4,4.839983764197719,2,-91
2.4,5.579442691155876,2,-91
2.4,8.840549578234507,2,-93
2.4,9.621852979100103,2,-93
2.4,17.031205847561047,2,-93
2.4,17.82601218804118,2,-92
2.4,18.62126334152406,2,-92
2.4,21.108736447055467,2,-95
2.4,22.00492182525804,2,-95
2.4,18.55316460731399,2,-95
2.4,19.45142018184169,2,-95
2.4,34.33581935229512,2,-93
2.4,35.235299356439604,2,-93
2.4,3.0668296956171064,1,-65
2.4,3.3916477597752555,1,-64
2.4,3.9014234159929524,1,-79
2.4,4.534196159776031,1,-62
2.4,2.2016974037278936,1,-66
2.4,2.6353940126766133,1,-65
2.4,3.2654451069527033,1,-69
2.4,4.000120234566824,1,-77
2.4,1.38184605989429,1,-73
2.4,2.001831330985448,1,-77
2.4,2.779416993217207,1,-65
2.4,3.614275718128623,1,-61
2.4,5.163687899314105,1,-75
2.4,5.921275442503288,1,-77
2.4,6.624669106618662,1,-84
2.4,7.439359577050792,1,-85
2.4,8.27175320359154,1,-84
2.4,9.022562771592234,1,-90
2.4,9.876460353375176,1,-87
2.4,10.737890819721597,1,-84
2.4,11.508563644628138,1,-87
2.4,12.380018873447893,1,-90
2.4,14.03593371876595,1,-88
2.4,15.799465043049086,1,-91
2.4,20.038614270760576,1,-93
2.4,20.929020331510955,1,-93
2.4,4.701669894535999,1,-73
2.4,5.523000085248572,1,-72
2.4,6.271225386465626,1,-80
2.4,7.126436556394828,1,-78
2.4,7.991490983339101,1,-85
2.4,8.766337093848568,1,-89
2.4,9.64295059551043,1,-88
2.4,10.523513022366846,1,-88
2.4,11.308804721902298,1,-89
2.4,12.194543631583318,1,-87
2.4,13.082229340867674,1,-89
2.4,13.872615558475415,1,-87
2.4,19.129123112725196,1,-93
2.4,19.924559944149145,1,-87
2.4,20.819844358507154,1,-90
2.4,21.715518627399433,1,-90
2.4,7.821278453583583,1,-84
2.4,8.6114536841747,1,-84
2.4,9.502366268417335,1,-91
2.4,13.775265186012021,1,-90
2.4,14.671597087209843,1,-91
2.4,21.65345740912135,1,-90
2.4,22.45210359130805,1,-90
2.4,45.433557757212235,1,-88
2.4,50.03189396213741,1,-94
2.4,47.23286811921206,1,-94
2.4,10.56220152344419,1,-87
2.4,10.956812797970382,1,-83
2.4,11.380834431520755,1,-83
2.4,12.374157584732963,1,-87
2.4,12.943898710898488,1,-88
2.4,9.89891759403761,1,-80
2.4,10.318925099130631,1,-83
2.4,11.813053984618241,1,-89
2.4,12.408585026089805,1,-89
2.4,9.25726947027297,1,-84
2.4,9.705085456252757,1,-83
2.4,10.181371684654755,1,-83
2.4,10.755699293271675,1,-85
2.4,11.280811715262585,1,-89
2.4,11.903001758438952,1,-92
2.4,12.464072228983655,1,-94
2.4,8.135156338433417,1,-84
2.4,8.642077675938154,1,-79
2.4,9.120150888273143,1,-80
2.4,9.625424556495686,1,-78
2.4,10.231008542611299,1,-79
2.4,10.781705869986723,1,-83
2.4,11.431094408371465,1,-88
2.4,12.014223447273743,1,-91
2.4,7.513270736666826,1,-79
2.4,8.570042049871754,1,-83
2.4,9.10589185113083,1,-80
2.4,9.743818774519879,1,-80
2.4,10.320545042710043,1,-83
2.4,10.997199092714565,1,-88
2.4,11.602156418214799,1,-92
2.4,8.122840062706398,1,-83
2.4,8.68632122087532,1,-82
2.4,9.352909400738579,1,-82
2.4,9.952314300018106,1,-90
2.4,10.652384607802146,1,-93
2.4,11.275856663706792,1,-96
2.4,5.966664405980398,1,-81
2.4,6.641221426800091,1,-81
2.4,10.00451072546486,1,-88
2.4,13.85453974333068,1,-88
2.4,15.207591510498768,1,-92
2.4,13.302266670578836,1,-81
2.4,13.954749602962702,1,-74
2.4,14.706218637904763,1,-93
2.4,15.473548292823045,1,-85
2.4,12.789539696597986,1,-81
2.4,13.466887671509362,1,-88
2.4,15.035049845144849,1,-89
2.4,12.321296714490684,1,-86
2.4,13.023021563090268,1,-92
2.4,11.90278874055077,1,-92
2.4,12.627791481822042,1,-96
2.4,13.453584944275896,1,-88
2.4,13.133201244499007,1,-92
2.4,13.987094232648175,1,-94
2.4,11.236566822366546,1,-92
2.4,12.001882013238747,1,-89
2.4,12.867905890399319,1,-88
2.4,13.738298007709801,1,-89
2.4,16.5396588647585,1,-89
2.4,17.30890364832661,1,-92
2.4,23.238808773970415,1,-96
2.4,20.622885244019688,1,-101
2.4,21.455563985420536,1,-101
2.4,16.511469985874,1,-101
2.4,17.237557222547895,1,-101
2.4,20.291511103505037,1,-99
2.4,21.13724799987307,1,-99
2.4,21.892646959980265,1,-99
2.4,22.651108776846403,1,-97
2.4,23.507670215591293,1,-91
2.4,15.318382356685431,1,-92
2.4,16.145918003324596,1,-98
2.4,16.88772945295715,1,-98
2.4,17.63462911383371,1,-97
2.4,18.480204926540758,1,-94
2.4,19.235974423801263,1,-93
2.4,19.995185669038722,1,-97
2.4,20.852944158650626,1,-98
2.4,21.618279718562167,1,-97
2.4,22.386039307930098,1,-96
2.4,23.252367321214013,1,-89
2.4,15.013370925189058,1,-90
2.4,18.22817716170879,1,-94
2.4,22.178440531468667,1,-93
2.4,23.052571538818874,1,-93
2.4,14.714731856645411,1,-91
2.4,15.574375228478512,1,-91
2.4,16.34215107210921,1,-89
2.4,17.112879347726242,1,-93
2.4,18.75881679692246,1,-93
2.4,19.536579678303347,1,-93
2.4,19.313909229627328,1,-93
2.4,20.200616819165536,1,-93
2.4,11.98699234995672,0,-47
2.4,11.416781312859547,0,-47
2.4,10.861758858186688,0,-45
2.4,10.3243748208371,0,-48
2.4,9.87998313889809,0,-48
2.4,9.383441627284126,0,-51
2.4,8.849714418236854,0,-46
2.4,8.417384108622304,0,-42
2.4,8.022921237294144,0,-58
2.4,7.719366331739987,0,-50
2.4,11.60515537448085,0,-49
2.4,11.015195922614348,0,-53
2.4,10.43884338235409,0,-45
2.4,9.878479696241518,0,-49
2.4,9.41306073988856,0,-45
2.4,8.890479314444717,0,-42
2.4,8.325208162699,0,-48
2.4,7.864095682277022,0,-40
2.4,7.4403569032504215,0,-47
2.4,7.111980190602451,0,-42
2.4,11.253944949828151,0,-53
2.4,10.644537889523459,0,-49
2.4,10.046944651446955,0,-42
2.4,9.463403551417255,0,-42
2.4,8.976489189028868,0,-43
2.4,8.426877720039029,0,-43
2.4,7.828201365587811,0,-46
2.4,7.335914841921824,0,-53
2.4,6.879720671340297,0,-43
2.4,6.523182344488192,0,-44
2.4,10.979518676308581,0,-43
2.4,10.353972199651057,0,-45
2.4,9.738565102667074,0,-40
2.4,9.135346748023476,0,-46
2.4,8.629942733900299,0,-46
2.4,8.056725236604299,0,-39
2.4,7.42827638485788,0,-38
2.4,6.907546597568148,0,-41
2.4,6.420989794830186,0,-48
2.4,6.037421745173089,0,-40
2.4,10.693057375294016,0,-47
2.4,10.049695815250717,0,-43
2.4,9.41441957461031,0,-42
2.4,8.788982072717175,0,-47
2.4,8.26241836621212,0,-44
2.4,7.661753533366718,0,-43
2.4,6.997923671901407,0,-37
2.4,6.44250305902109,0,-34
2.4,5.917833692596828,0,-46
2.4,5.499282407460965,0,-51
2.4,10.478550923719183,0,-47
2.4,9.82114756068323,0,-47
2.4,9.17005176410974,0,-51
2.4,8.526708585626126,0,-51
2.4,7.982863564408811,0,-47
2.4,7.359417139672392,0,-53
2.4,6.665544925015843,0,-50
2.4,6.079835449676454,0,-35
2.4,5.520806919543609,0,-35
2.4,5.069581878878776,0,-44
2.4,10.267018804350995,0,-43
2.4,9.595133405880032,0,-43
2.4,8.927569379420861,0,-43
2.4,8.265373855556147,0,-46
2.4,7.703100437868285,0,-41
2.4,7.054974578524333,0,-44
2.4,6.3278064773920875,0,-52
2.4,5.707542795552504,0,-45
2.4,5.107930570280042,0,-55
2.4,4.616525326972318,0,-47
2.4,10.099669340964473,0,-51
2.4,9.415849974620228,0,-52
2.4,8.734594477838899,0,-43
2.4,8.056553272959343,0,-43
2.4,7.478596260248802,0,-43
2.4,6.809134450981666,0,-46
2.4,6.052502001920038,0,-52
2.4,5.400712029999757,0,-49
2.4,4.762625366194805,0,-42
2.4,4.231306153246025,0,-42
2.4,9.99309132483358,0,-57
2.4,9.301439897897644,0,-53
2.4,8.611137794852674,0,-48
2.4,7.922537729141989,0,-47
2.4,7.334027232936469,0,-47
2.4,6.650027473717066,0,-45
2.4,5.87293230957862,0,-43
2.4,5.19867712602259,0,-52
2.4,4.532234968353759,0,-44
2.4,3.9702021601102464,0,-46
2.4,9.913300151533038,0,-82
2.4,9.21566220312588,0,-59
2.4,8.51841181147407,0,-50
2.4,7.821652621895139,0,-47
2.4,7.224929143000266,0,-46
2.4,6.529510783290934,0,-43
2.4,5.736111887054965,0,-44
2.4,5.043598866737054,0,-52
2.4,4.353481305379569,0,-43
2.4,3.764857349231823,0,-40
2.4,9.883930054590197,0,-55
2.4,9.184061371298068,0,-54
2.4,8.484214354877379,0,-48
2.4,7.784394849135384,0,-50
2.4,7.1845775485425,0,-51
2.4,6.4848334210493785,0,-49
2.4,5.685202987621433,0,-56
2.4,4.985623627812041,0,-48
2.4,4.2861816230691625,0,-42
2.4,3.6868284866143783,0,-44
2.4,4.431849334674491,0,-42
2.4,4.037652772221778,0,-40
2.4,3.6991879234239655,0,-43
2.4,3.3968958242112404,0,-43
2.4,4.0224174267349655,0,-37
2.4,3.58346108373966,0,-40
2.4,3.1972714496038845,0,-44
2.4,2.842086323493742,0,-38
2.4,3.665841702058006,0,-34
2.4,3.1780098754288058,0,-33
2.4,2.735159620954236,0,-40
2.4,2.309980108104087,0,-43
2.4,3.3391677185293256,0,-36
2.4,2.794886837824354,0,-32
2.4,2.2787592720643666,0,-37
2.4,1.7457530660884926,0,-33
2.4,3.157308106934567,0,-40
2.4,2.574868125922222,0,-41
2.4,2.0028223210424136,0,-34
2.4,1.3660919432467828,0,-33
2.4,3.0833663278568024,0,-40
2.4,2.48364637087018,0,-36
2.4,1.884104742128771,0,-41
2.4,1.185225981427244,0,-37
2.4,7.451843258374154,0,-48
2.4,7.224355980373047,0,-42
2.4,7.040786228463929,0,-49
2.4,6.904637723928953,0,-46
2.4,6.820675451544161,0,-42
2.4,6.571374665857412,0,-48
2.4,6.369012198359187,0,-51
2.4,6.2181723815461725,0,-43
2.4,6.204293616780071,0,-44
2.4,5.929132370506954,0,-44
2.4,5.7040303339629,0,-48
2.4,5.535098322030458,0,-60
2.4,5.691380562997376,0,-50
2.4,5.39009870935958,0,-47
2.4,5.141450717493587,0,-48
2.4,4.9533692436755405,0,-47
2.4,5.116977465338805,0,-45
2.4,4.7796244376060155,0,-43
2.4,4.497350458696334,0,-44
2.4,4.281064415786289,0,-42
2.4,6.818751607330939,0,-53
2.4,6.784562139903822,0,-52
2.4,6.822403782975205,0,-50
2.4,6.9113345138062785,0,-46
2.4,7.078238107712113,0,-53
2.4,7.308649988691892,0,-51
2.4,7.59679370556711,0,-77
2.4,7.936383594098895,0,-52
2.4,8.263627286879387,0,-52
2.4,8.6823064841202,0,-54
2.4,9.135499758192417,0,-53
2.4,6.122664383289278,0,-54
2.4,6.084564824055796,0,-46
2.4,6.126731514100745,0,-41
2.4,6.225607635375898,0,-47
2.4,6.410390033171832,0,-44
2.4,6.663933547472303,0,-42
2.4,6.978747758220301,0,-47
2.4,7.346960611069241,0,-47
2.4,7.699297474729652,0,-43
2.4,8.147029615271844,0,-50
2.4,8.628383481270086,0,-49
2.4,5.427583699798638,0,-49
2.4,5.384568206092103,0,-44
2.4,5.432171270661114,0,-45
2.4,5.543449837201693,0,-46
2.4,5.750195304970914,0,-42
2.4,6.0315550227986465,0,-44
2.4,6.377661479005111,0,-50
2.4,6.778604272895984,0,-51
2.4,7.158968310608672,0,-47
2.4,7.638438140093646,0,-48
2.4,8.149886328518654,0,-45
2.4,4.832930606574677,0,-45
2.4,4.784571892625748,0,-45
2.4,4.838082072830347,0,-43
2.4,4.962699822396865,0,-41
2.4,5.192619712144916,0,-41
2.4,5.502563895375863,0,-43
2.4,5.879891101919497,0,-44
2.4,6.3125295498849034,0,-45
2.4,6.719328887764431,0,-45
2.4,7.228021212592259,0,-46
2.4,7.766543671249244,0,-48
2.4,4.141118679280646,0,-46
2.4,4.084577562444511,0,-44
2.4,4.1471295869990845,0,-43
2.4,4.291856846999755,0,-42
2.4,4.5557595571843725,0,-42
2.4,4.906103860561331,0,-43
2.4,5.325858150416032,0,-44
2.4,5.799971981491885,0,-44
2.4,6.240274542827935,0,-44
2.4,6.78497872639292,0,-47
2.4,7.356007494921583,0,-43
2.4,3.4526090980312096,0,-40
2.4,3.3845855775184566,0,-43
2.4,3.4598163938689006,0,-43
2.4,3.632035360931868,0,-43
2.4,3.9403795262382477,0,-42
2.4,4.340679757657273,0,-43
2.4,4.810032297841011,0,-43
2.4,5.330227073400504,0,-44
2.4,5.806261451036045,0,-43
2.4,6.388081244436806,0,-39
2.4,6.991601528495692,0,-41
2.4,2.7698655656418896,0,-35
2.4,2.6845977723798264,0,-41
2.4,2.7788442106755076,0,-45
2.4,2.990539505002445,0,-42
2.4,3.3583085740768883,0,-42
2.4,3.8200976985486097,0,-41
2.4,4.346039159302924,0,-42
2.4,4.915584026535655,0,-40
2.4,5.428104430250765,0,-43
2.4,6.046422715411657,0,-46
2.4,6.680878505195562,0,-40
2.4,2.19333277944207,0,-35
2.4,2.0846147435708926,0,-50
2.4,2.2046606489097584,0,-43
2.4,2.4661467840797067,0,-40
2.4,2.9011704376621434,0,-45
2.4,3.425156909705422,0,-44
2.4,4.003324843656942,0,-44
2.4,4.6153569473637575,0,-48
2.4,5.157797120414334,0,-42
2.4,5.804978990753755,0,-41
2.4,6.463179637827692,0,-47
2.4,1.543487722431208,0,-43
2.4,1.384653132388736,0,-40
2.4,1.559542960220076,0,-42
2.4,1.9114197939090936,0,-40
2.4,2.447128026132992,0,-37
2.4,3.050138607346164,0,-41
2.4,3.6875812495132463,0,-42
2.4,4.3443256576250935,0,-40
2.4,4.916758770091858,0,-41
2.4,5.59190725522279,0,-42
2.4,6.272506412810695,0,-53
2.4,0.9664367631752593,0,-37
2.4,0.684770008802031,0,-41
2.4,0.9918769644934763,0,-40
2.4,1.4849819178926982,0,-36
2.4,2.130746640078625,0,-39
2.4,2.8026757200832906,0,-40
2.4,3.4856708306554807,0,-40
2.4,4.174303664974614,0,-41
2.4,4.767196500166108,0,-43
2.4,5.460867368736772,0,-43
2.4,6.155971277278029,0,-43
2.4,0.6823823599254853,0,-35
2.4,0.02357186618696329,0,-36
2.4,0.7179593168234502,0,-33
2.4,1.3178835170033345,0,-37
2.4,2.0178520540731304,0,-38
2.4,2.7178367978716444,0,-39
2.4,3.417827790805627,0,-40
2.4,4.1178218459934985,0,-41
2.4,4.7178181545198195,0,-43
2.4,5.417814881191021,0,-50
2.4,6.117812356928978,0,-52
2.4,0.9885804737391262,0,-37
2.4,0.7156824021843324,0,-31
2.4,1.0134649715379391,0,-30
2.4,1.499487456536359,0,-41
2.4,2.140881262482334,0,-37
2.4,2.8103883233080076,0,-40
2.4,3.491875209042281,0,-40
2.4,4.179485904182727,0,-41
2.4,4.771734884403951,0,-42
2.4,5.464829709586172,0,-43
2.4,6.1594864804229985,0,-49
2.4,1.4818383119303804,0,-32
2.4,1.3155815179770278,0,-27
2.4,1.4985541959438105,0,-32
2.4,1.8619924978249196,0,-36
2.4,2.408718748566207,0,-39
2.4,3.019409869069186,0,-35
2.4,3.662205060502549,0,-45
2.4,4.32280647877146,0,-38
2.4,4.897755326339199,0,-42
2.4,5.575205573288046,0,-43
2.4,6.257621523563094,0,-39
2.4,2.1277900391310887,0,-31
2.4,2.0155397287981054,0,-34
2.4,2.139464967252701,0,-28
2.4,2.408041056518157,0,-30
2.4,2.851941738117235,0,-36
2.4,3.383560495299766,0,-44
2.4,3.9677942957128303,0,-43
2.4,4.58457211971077,0,-45
2.4,5.130268307272515,0,-43
2.4,5.780533094130929,0,-49
2.4,6.44123224236488,0,-42
2.4,2.7998457312048957,0,-30
2.4,2.7155194836871153,0,-32
2.4,2.8087285404649553,0,-30
2.4,3.0183285768447874,0,-34
2.4,3.3830780874132884,0,-36
2.4,3.841891108981877,0,-43
2.4,4.365207582808872,0,-37
2.4,4.932539628705491,0,-39
2.4,5.443463839553414,0,-44
2.4,6.060215220622423,0,-47
2.4,6.693363763310769,0,-46
2.4,3.384920907228511,0,-29
2.4,3.3155089346781663,0,-29
2.4,3.392272017935591,0,-29
2.4,3.567752910088406,0,-31
2.4,3.8812073862629863,0,-33
2.4,4.287036356612853,0,-35
2.4,4.761679396038596,0,-36
2.4,5.286634148340181,0,-39
2.4,5.7662684642819055,0,-41
2.4,6.351752667564291,0,-43
2.4,6.958424526977936,0,-42
5,3.0668296956171064,1,-84
5,3.3916477597752555,1,-85
5,3.9014234159929524,1,-80
5,4.534196159776031,1,-89
5,2.2016974037278936,1,-83
5,2.6353940126766133,1,-84
5,4.000120234566824,1,-87
5,1.38184605989429,1,-83
5,2.001831330985448,1,-83
5,2.779416993217207,1,-84
5,3.614275718128623,1,-83
5,11.98699234995672,0,-47
5,11.416781312859547,0,-49
5,10.861758858186688,0,-47
5,10.3243748208371,0,-47
5,9.87998313889809,0,-50
5,9.383441627284126,0,-55
5,8.849714418236854,0,-54
5,8.417384108622304,0,-50
5,8.022921237294144,0,-49
5,7.719366331739987,0,-53
5,11.60515537448085,0,-49
5,11.015195922614348,0,-45
5,10.43884338235409,0,-48
5,9.878479696241518,0,-48
5,9.41306073988856,0,-50
5,8.890479314444717,0,-43
5,8.325208162699,0,-47
5,7.864095682277022,0,-52
5,7.4403569032504215,0,-49
5,7.111980190602451,0,-44
5,11.253944949828151,0,-45
5,10.644537889523459,0,-50
5,10.046944651446955,0,-47
5,9.463403551417255,0,-50
5,8.976489189028868,0,-47
5,8.426877720039029,0,-43
5,7.828201365587811,0,-49
5,7.335914841921824,0,-52
5,6.879720671340297,0,-51
5,6.523182344488192,0,-45
5,10.979518676308581,0,-47
5,10.353972199651057,0,-51
5,9.738565102667074,0,-53
5,9.135346748023476,0,-47
5,8.629942733900299,0,-49
5,8.056725236604299,0,-46
5,7.42827638485788,0,-46
5,6.907546597568148,0,-52
5,6.420989794830186,0,-56
5,6.037421745173089,0,-46
5,10.693057375294016,0,-48
5,10.049695815250717,0,-51
5,9.41441957461031,0,-48
5,8.788982072717175,0,-47
5,8.26241836621212,0,-48
5,7.661753533366718,0,-52
5,6.997923671901407,0,-53
5,6.44250305902109,0,-47
5,5.917833692596828,0,-50
5,5.499282407460965,0,-54
5,10.478550923719183,0,-51
5,9.82114756068323,0,-56
5,9.17005176410974,0,-54
5,8.526708585626126,0,-54
5,7.982863564408811,0,-47
5,7.359417139672392,0,-46
5,6.665544925015843,0,-48
5,6.079835449676454,0,-44
5,5.520806919543609,0,-49
5,5.069581878878776,0,-54
5,10.267018804350995,0,-57
5,9.595133405880032,0,-51
5,8.927569379420861,0,-52
5,8.265373855556147,0,-49
5,7.703100437868285,0,-53
5,7.054974578524333,0,-50
5,6.3278064773920875,0,-49
5,5.707542795552504,0,-50
5,5.107930570280042,0,-48
5,4.616525326972318,0,-54
5,10.099669340964473,0,-54
5,9.415849974620228,0,-52
5,8.734594477838899,0,-50
5,8.056553272959343,0,-53
5,7.478596260248802,0,-50
5,6.809134450981666,0,-55
5,6.052502001920038,0,-51
5,5.400712029999757,0,-49
5,4.762625366194805,0,-45
5,4.231306153246025,0,-48
5,9.99309132483358,0,-54
5,9.301439897897644,0,-55
5,8.611137794852674,0,-53
5,7.922537729141989,0,-55
5,7.334027232936469,0,-53
5,6.650027473717066,0,-55
5,5.87293230957862,0,-57
5,5.19867712602259,0,-56
5,4.532234968353759,0,-53
5,3.9702021601102464,0,-54
5,9.913300151533038,0,-59
5,9.21566220312588,0,-54
5,8.51841181147407,0,-57
5,7.821652621895139,0,-53
5,7.224929143000266,0,-55
5,6.529510783290934,0,-55
5,5.736111887054965,0,-56
5,5.043598866737054,0,-54
5,4.353481305379569,0,-54
5,3.764857349231823,0,-52
5,9.883930054590197,0,-56
5,9.184061371298068,0,-54
5,8.484214354877379,0,-60
5,7.784394849135384,0,-56
5,7.1845775485425,0,-55
5,6.4848334210493785,0,-53
5,5.685202987621433,0,-60
5,4.985623627812041,0,-57
5,4.2861816230691625,0,-52
5,3.6868284866143783,0,-56
5,4.431849334674491,0,-53
5,4.037652772221778,0,-49
5,3.6991879234239655,0,-52
5,3.3968958242112404,0,-45
5,4.0224174267349655,0,-47
5,3.58346108373966,0,-48
5,3.1972714496038845,0,-50
5,2.842086323493742,0,-47
5,3.665841702058006,0,-44
5,3.1780098754288058,0,-47
5,2.735159620954236,0,-46
5,2.309980108104087,0,-46
5,3.3391677185293256,0,-46
5,2.794886837824354,0,-46
5,2.2787592720643666,0,-50
5,1.7457530660884926,0,-46
5,3.157308106934567,0,-50
5,2.574868125922222,0,-50
5,2.0028223210424136,0,-47
5,1.3660919432467828,0,-46
5,3.0833663278568024,0,-51
5,2.48364637087018,0,-53
5,1.884104742128771,0,-50
5,1.185225981427244,0,-49
5,7.451843258374154,0,-56
5,7.224355980373047,0,-54
5,7.040786228463929,0,-56
5,6.904637723928953,0,-55
5,6.820675451544161,0,-55
5,6.571374665857412,0,-51
5,6.369012198359187,0,-54
5,6.2181723815461725,0,-54
5,6.204293616780071,0,-49
5,5.929132370506954,0,-49
5,5.7040303339629,0,-49
5,5.535098322030458,0,-51
5,5.691380562997376,0,-50
5,5.39009870935958,0,-46
5,5.141450717493587,0,-46
5,4.9533692436755405,0,-56
5,5.116977465338805,0,-54
5,4.7796244376060155,0,-50
5,4.497350458696334,0,-53
5,4.281064415786289,0,-56
5,6.818751607330939,0,-49
5,6.784562139903822,0,-52
5,6.822403782975205,0,-49
5,6.9113345138062785,0,-49
5,7.078238107712113,0,-50
5,7.308649988691892,0,-49
5,7.59679370556711,0,-50
5,7.936383594098895,0,-52
5,8.263627286879387,0,-51
5,8.6823064841202,0,-50
5,9.135499758192417,0,-53
5,6.122664383289278,0,-50
5,6.084564824055796,0,-51
5,6.126731514100745,0,-51
5,6.225607635375898,0,-51
5,6.410390033171832,0,-55
5,6.663933547472303,0,-53
5,6.978747758220301,0,-54
5,7.346960611069241,0,-54
5,7.699297474729652,0,-49
5,8.147029615271844,0,-54
5,8.628383481270086,0,-53
5,5.427583699798638,0,-49
5,5.384568206092103,0,-49
5,5.432171270661114,0,-50
5,5.543449837201693,0,-50
5,5.750195304970914,0,-46
5,6.0315550227986465,0,-49
5,6.377661479005111,0,-51
5,6.778604272895984,0,-54
5,7.158968310608672,0,-50
5,7.638438140093646,0,-53
5,8.149886328518654,0,-54
5,4.832930606574677,0,-50
5,4.784571892625748,0,-49
5,4.838082072830347,0,-49
5,4.962699822396865,0,-49
5,5.192619712144916,0,-49
5,5.502563895375863,0,-50
5,5.879891101919497,0,-50
5,6.3125295498849034,0,-50
5,6.719328887764431,0,-50
5,7.228021212592259,0,-50
5,7.766543671249244,0,-50
5,4.141118679280646,0,-47
5,4.084577562444511,0,-48
5,4.1471295869990845,0,-48
5,4.291856846999755,0,-48
5,4.5557595571843725,0,-49
5,4.906103860561331,0,-50
5,5.325858150416032,0,-50
5,5.799971981491885,0,-49
5,6.240274542827935,0,-49
5,6.78497872639292,0,-54
5,7.356007494921583,0,-51
5,3.4526090980312096,0,-45
5,3.3845855775184566,0,-46
5,3.4598163938689006,0,-47
5,3.632035360931868,0,-48
5,3.9403795262382477,0,-49
5,4.340679757657273,0,-50
5,4.810032297841011,0,-50
5,5.330227073400504,0,-50
5,5.806261451036045,0,-49
5,6.388081244436806,0,-49
5,6.991601528495692,0,-49
5,2.7698655656418896,0,-44
5,2.6845977723798264,0,-45
5,2.7788442106755076,0,-49
5,2.990539505002445,0,-49
5,3.3583085740768883,0,-49
5,3.8200976985486097,0,-53
5,4.346039159302924,0,-53
5,4.915584026535655,0,-50
5,5.428104430250765,0,-46
5,6.046422715411657,0,-50
5,6.680878505195562,0,-54
5,2.19333277944207,0,-41
5,2.0846147435708926,0,-43
5,2.2046606489097584,0,-45
5,2.4661467840797067,0,-48
5,2.9011704376621434,0,-48
5,3.425156909705422,0,-49
5,4.003324843656942,0,-49
5,4.6153569473637575,0,-49
5,5.157797120414334,0,-53
5,5.804978990753755,0,-48
5,6.463179637827692,0,-57
5,1.543487722431208,0,-51
5,1.384653132388736,0,-49
5,1.559542960220076,0,-44
5,1.9114197939090936,0,-47
5,2.447128026132992,0,-47
5,3.050138607346164,0,-50
5,3.6875812495132463,0,-50
5,4.3443256576250935,0,-53
5,4.916758770091858,0,-52
5,5.59190725522279,0,-50
5,6.272506412810695,0,-52
5,0.9664367631752593,0,-49
5,0.684770008802031,0,-48
5,0.9918769644934763,0,-48
5,1.4849819178926982,0,-51
5,2.130746640078625,0,-48
5,2.8026757200832906,0,-49
5,3.4856708306554807,0,-49
5,4.174303664974614,0,-49
5,4.767196500166108,0,-50
5,5.460867368736772,0,-49
5,6.155971277278029,0,-54
5,0.6823823599254853,0,-49
5,0.02357186618696329,0,-43
5,0.7179593168234502,0,-45
5,1.3178835170033345,0,-51
5,2.0178520540731304,0,-48
5,2.7178367978716444,0,-48
5,3.417827790805627,0,-48
5,4.1178218459934985,0,-48
5,4.7178181545198195,0,-50
5,5.417814881191021,0,-54
5,6.117812356928978,0,-57
5,0.9885804737391262,0,-44
5,0.7156824021843324,0,-47
5,1.0134649715379391,0,-52
5,1.499487456536359,0,-49
5,2.140881262482334,0,-48
5,2.8103883233080076,0,-47
5,3.491875209042281,0,-47
5,4.179485904182727,0,-48
5,4.771734884403951,0,-50
5,5.464829709586172,0,-53
5,6.1594864804229985,0,-52
5,1.4818383119303804,0,-44
5,1.3155815179770278,0,-44
5,1.4985541959438105,0,-48
5,1.8619924978249196,0,-47
5,2.408718748566207,0,-49
5,3.019409869069186,0,-42
5,3.662205060502549,0,-46
5,4.32280647877146,0,-47
5,4.897755326339199,0,-50
5,5.575205573288046,0,-53
5,6.257621523563094,0,-53
5,2.1277900391310887,0,-42
5,2.0155397287981054,0,-47
5,2.139464967252701,0,-40
5,2.408041056518157,0,-40
5,2.851941738117235,0,-46
5,3.383560495299766,0,-49
5,3.9677942957128303,0,-50
5,4.58457211971077,0,-52
5,5.130268307272515,0,-49
5,5.780533094130929,0,-45
5,6.44123224236488,0,-49
5,2.7998457312048957,0,-39
5,2.7155194836871153,0,-44
5,2.8087285404649553,0,-40
5,3.0183285768447874,0,-43
5,3.3830780874132884,0,-43
5,3.841891108981877,0,-45
5,4.365207582808872,0,-45
5,4.932539628705491,0,-46
5,5.443463839553414,0,-52
5,6.060215220622423,0,-48
5,6.693363763310769,0,-47
5,3.384920907228511,0,-36
5,3.3155089346781663,0,-37
5,3.392272017935591,0,-37
5,3.567752910088406,0,-37
5,3.8812073862629863,0,-38
5,4.287036356612853,0,-40
5,4.761679396038596,0,-42
5,5.286634148340181,0,-44
5,5.7662684642819055,0,-44
5,6.351752667564291,0,-43
5,6.958424526977936,0,-40
2.4,8.351099616661358,2,-90
2.4,7.859206938204959,2,-90
2.4,7.368405701890774,2,-90
2.4,6.87892952993298,2,-92
2.4,6.488504187398354,2,-93
2.4,8.452445281400216,2,-90
2.4,7.966812419355201,2,-89
2.4,7.4830721642464315,2,-91
2.4,7.001616806527423,2,-90
2.4,6.618432821865708,2,-90
2.4,8.581771242740514,2,-89
2.4,8.103892062019062,2,-91
2.4,7.628848893704939,2,-91
2.4,7.157206461540045,2,-89
2.4,6.7828179575463015,2,-90
2.4,6.319247450079802,2,-92
2.4,8.73783520618187,2,-89
2.4,8.26898016568663,2,-91
2.4,7.803992687762231,2,-91
2.4,7.343607475946264,2,-91
2.4,6.97922530606914,2,-89
2.4,6.529613676397967,2,-92
2.4,8.919233740521362,2,-91
2.4,8.460437305966055,2,-91
2.4,8.00657656544354,2,-91
2.4,7.558540678493247,2,-91
2.4,7.205036592588491,2,-92
2.4,6.770437296856583,2,-92
2.4,9.124455980808827,2,-92
2.4,8.676518070968646,2,-90
2.4,8.234575564409678,2,-89
2.4,8.86590880722197,2,-94
2.4,8.433896363372245,2,-94
2.4,8.009798796363807,2,-92
2.4,7.6771017884572235,2,-92
2.4,5.325761159326612,2,-91
2.4,4.751342399190457,2,-92
2.4,4.184110092062346,2,-93
2.4,3.62743710223223,2,-92
2.4,3.175621013404851,2,-81
2.4,2.6563304555215717,2,-81
2.4,5.427019938917987,2,-94
2.4,4.428356012753936,2,-94
2.4,3.906643014641461,2,-94
2.4,3.4911500302872143,2,-93
2.4,3.0264915665052508,2,-93
2.4,2.6174747124433497,2,-92
2.4,5.681206309456588,2,-93
2.4,5.244270589961662,2,-93
2.4,4.736443464128954,2,-92
2.4,4.2526955401301505,2,-94
2.4,3.8022285603571833,2,-94
2.4,3.461677471302512,2,-91
2.4,3.110423376885588,2,-93
2.4,5.98495320314247,2,-92
2.4,5.5718878070123425,2,-92
2.4,5.096808452559881,2,-91
2.4,3.9404023434821123,2,-90
2.4,3.6356970853843578,2,-90
2.4,6.270775970441665,2,-91
2.4,5.877831246437423,2,-91
2.4,5.860373925181318,2,-95
2.4,5.476815243469336,2,-92
2.4,5.134883433852327,2,-93
2.4,4.8880770011711725,2,-92
2.4,4.645946559909138,2,-92
2.4,1.865627711042445,2,-88
2.4,1.218734195988097,2,-90
2.4,0.8775302414914427,2,-91
2.4,1.2228650352863821,2,-90
2.4,1.8708674936475973,2,-94
2.4,2.604782421441093,2,-94
2.4,3.4655780229050466,2,-92
2.4,4.244405413848179,2,-93
2.4,5.029883060406576,2,-89
2.4,5.918197628599347,2,-86
2.4,6.710425430285342,2,-90
2.4,7.5043024818887405,2,-90
2.4,1.6472045270639515,2,-89
2.4,0.8563694706853849,2,-86
2.4,1.654725038966669,2,-86
2.4,1.841535372936394,2,-88
2.4,1.1815239371410395,2,-88
2.4,3.4526680706967707,2,-90
2.4,4.233870934578691,2,-90
2.4,5.910647083418654,2,-89
2.4,6.703767241558043,2,-89
2.4,7.4983492525520585,2,-89
2.4,9.194816017394622,2,-89
2.4,21.670689935609325,2,-94
2.4,22.470058935605408,2,-94
2.4,37.46568823840695,2,-99
2.4,9.153284184899578,2,-92
2.4,9.953258644976227,2,-92
2.4,39.05336422796151,2,-95
2.4,39.953355267006266,2,-95
2.4,9.189957963304469,2,-94
2.4,9.979244832630874,2,-94
2.4,39.059671958678734,2,-93
2.4,39.959520931680196,2,-93
2.4,5.558164947631485,1,-70
2.4,6.443487964982415,1,-70
2.4,7.332385473000392,1,-71
2.4,8.223698455954056,1,-69
2.4,5.455814658036856,1,-68
2.4,6.355411328359773,1,-65
2.4,7.255108043471007,1,-67
2.4,8.154871690727672,1,-77
2.4,5.500784451386941,1,-70
2.4,6.3940573308670166,1,-62
2.4,7.288985438331469,1,-75
2.4,8.185025857625748,1,-67
2.4,9.017425496155894,1,-76
2.4,11.602990476707786,1,-82
2.4,13.296596326001131,1,-85
2.4,14.193830118273949,1,-85
2.4,16.787502460171666,1,-89
2.4,17.685745062622154,1,-90
2.4,18.484326460661883,1,-89
2.4,19.382870382740503,1,-90
2.4,20.281543428543912,1,-93
2.4,21.18032916207175,1,-89
2.4,23.77733729494444,1,-92
2.4,27.17428822518939,1,-92
2.4,9.854543020672589,1,-83
2.4,10.65442464099062,1,-81
2.4,11.554311056932043,1,-84
2.4,12.454213888083663,1,-87
2.4,13.254138593450625,1,-85
2.4,14.15406406033939,1,-90
2.4,15.053998438753247,1,-89
2.4,16.75389372199908,1,-89
2.4,17.653846448234287,1,-94
2.4,19.353769148976884,1,-87
2.4,21.15370084433165,1,-88
2.4,21.953674081933045,1,-91
2.4,27.15353856394111,1,-90
2.4,28.0535202089369,1,-90
2.4,8.974667032948293,1,-81
2.4,9.87268899145936,1,-78
2.4,10.671210531441318,1,-83
2.4,11.569791431833941,1,-88
2.4,13.267635796561244,1,-91
2.4,14.16670389328397,1,-89
2.4,15.065883272141106,1,-83
2.4,16.76457349961031,1,-87
2.4,17.663982115979127,1,-88
2.4,18.463504826491953,1,-92
2.4,31.771201294256542,1,-92
2.4,29.15349931404617,1,-90
2.4,31.75345568088518,1,-93
2.4,32.55344365750267,1,-93
2.4,36.853387975057394,1,-93
2.4,37.653379018679935,1,-93
2.4,39.35336119543566,1,-95
2.4,40.2533523690663,1,-95
2.4,41.1533439287503,1,-94
2.4,41.95333673025628,1,-94
2.4,29.15963806410989,1,-90
2.4,31.759091886477723,1,-94
2.4,32.558941379258584,1,-94
2.4,50.156844816951406,1,-87
2.4,49.256915681170604,1,-94
2.4,53.856578368444964,1,-94
2.4,12.56713311639599,1,-85
2.4,15.441915558172216,1,-94
2.4,16.085922699815814,1,-94
2.4,12.381152099685126,1,-98
2.4,13.015263359389467,1,-96
2.4,13.747793517453166,1,-96
2.4,14.394651075912048,1,-96
2.4,15.139706928521344,1,-95
2.4,15.796039974634331,1,-91
2.4,12.055326502892129,1,-94
2.4,12.705709350133189,1,-92
2.4,13.455102986388594,1,-92
2.4,14.11537988766338,1,-94
2.4,14.87443093557912,1,-94
2.4,15.541970552540683,1,-91
2.4,11.774925344439742,1,-91
2.4,12.439976682689482,1,-90
2.4,13.204460085521076,1,-91
2.4,13.8766681573369,1,-95
2.4,14.648094259428738,1,-96
2.4,15.325495699384009,1,-93
2.4,10.896235011334065,1,-87
2.4,11.569446418085477,1,-87
2.4,12.245662228711009,1,-84
2.4,13.702742159971827,1,-98
2.4,15.16819178365237,1,-96
2.4,12.069557290782273,1,-91
2.4,12.856086476052376,1,-91
2.4,10.556698204164706,1,-81
2.4,11.250245773872805,1,-81
2.4,12.738796224743247,1,-91
2.4,13.434324778501574,1,-91
2.4,14.926150928395817,1,-88
2.4,16.91381817520291,1,-89
2.4,17.647719159939207,1,-89
2.4,16.568342139803693,1,-86
2.4,17.316890816363543,1,-92
2.4,16.265382788590166,1,-87
2.4,17.027255314454717,1,-95
2.4,16.007354349083915,1,-89
2.4,16.780945728456334,1,-95
2.4,18.52972797104655,1,-95
2.4,15.796458756788063,1,-93
2.4,16.57989311000428,1,-97
2.4,16.4257593899624,1,-92
2.4,17.216376712435824,1,-91
2.4,19.973903566564097,1,-88
2.4,20.82119504870448,1,-92
2.4,21.577926442094878,1,-92
2.4,23.195624488133802,1,-92
2.4,23.96083766646679,1,-92
2.4,24.72825282875915,1,-91
2.4,25.593980298750505,1,-96
2.4,26.36544279577133,1,-96
2.4,20.570856400062492,1,-92
2.4,21.336468295297916,1,-92
2.4,22.104515954901938,1,-92
2.4,24.517839581391154,1,-97
2.4,25.39074235442172,1,-98
2.4,19.45424142597106,1,-93
2.4,20.32320961437348,1,-96
2.4,21.097810201867485,1,-95
2.4,21.874239223302943,1,-95
2.4,23.529394965709173,1,-94
2.4,24.310433433746123,1,-96
2.4,25.190524276132,1,-96
2.4,25.973972734078565,1,-97
2.4,26.7584006598847,1,-97
2.4,27.641949016751912,1,-89
2.4,20.11282091173521,1,-96
2.4,20.895222212548834,1,-94
2.4,21.678908127395516,1,-92
2.4,22.561923614041635,1,-93
2.4,23.34791518423242,1,-93
2.4,24.13482731934024,1,-93
2.4,25.02109568552437,1,-94
2.4,25.809687630586062,1,-95
2.4,26.598960917161563,1,-96
2.4,27.487634700761042,1,-95
2.4,20.746283548809178,1,-92
2.4,21.535390114224803,1,-92
2.4,22.42405777154629,1,-92
2.4,23.214717599529543,1,-90
2.4,24.005996324047203,1,-90
2.4,25.689257392229603,1,-94
2.4,26.482120225701046,1,-93
2.4,19.821106195192527,1,-93
2.4,21.40854370034594,1,-93
2.4,22.302266318457775,1,-92
2.4,23.097095688066005,1,-92
2.4,24.787212733135863,1,-94
2.4,20.506174814603533,1,-94
2.4,8.234756332393165,0,-46
2.4,7.55873239423852,0,-48
2.4,6.887500196844445,0,-51
2.4,6.222610586832011,0,-46
2.4,5.659448722905863,0,-40
2.4,5.0132408082020445,0,-36
2.4,4.295410711075056,0,-40
2.4,3.695101721284517,0,-44
2.4,3.1363992546328237,0,-39
2.4,2.7102541608322137,0,-38
2.4,8.089212869780221,0,-40
2.4,7.39990462144205,0,-42
2.4,6.7128095429753465,0,-40
2.4,6.028684393305262,0,-49
2.4,5.4455039111113885,0,-43
2.4,4.770402121388815,0,-41
2.4,4.009327396901747,0,-36
2.4,3.3582629035512426,0,-43
2.4,2.731511172078553,0,-40
2.4,2.229266833521045,0,-39
2.4,8.002469484562036,0,-47
2.4,7.304980588965861,0,-39
2.4,6.608022772281395,0,-37
2.4,5.911783868919013,0,-78
2.4,5.315793999456529,0,-56
2.4,4.621784222405836,0,-43
2.4,3.8312999326958925,0,-42
2.4,3.1435780136807545,0,-41
2.4,2.4627842540341542,0,-44
2.4,1.890445347997546,0,-40
2.4,7.9764075600825795,0,-44
2.4,7.27642090030284,0,-46
2.4,6.576437080379121,0,-45
2.4,5.87645711513383,0,-36
2.4,5.276478518657496,0,-40
2.4,4.576510582493553,0,-38
2.4,3.77656178123323,0,-44
2.4,3.076628421063063,0,-47
2.4,2.376734313110013,0,-41
2.4,1.7768914786675978,0,-35
2.4,8.002951365794443,0,-40
2.4,7.305508477655241,0,-48
2.4,6.608606333480159,0,-44
2.4,5.9124361497385856,0,-51
2.4,5.316519402445797,0,-40
2.4,4.622618533948491,0,-38
2.4,3.8323063403386906,0,-38
2.4,3.1448045153906805,0,-44
2.4,2.4643496086884955,0,-40
2.4,1.892484167883615,0,-37
2.4,8.074081389016778,0,-41
2.4,7.383360605462025,0,-47
2.4,6.6945677518500055,0,-45
2.4,6.0083659124533675,0,-39
2.4,5.423000854672492,0,-53
2.4,4.744698285834417,0,-42
2.4,3.9787097907985305,0,-35
2.4,3.321649462724442,0,-39
2.4,2.6863690563731377,0,-36
2.4,2.1737194020586235,0,-35
2.4,8.211878181950565,0,-43
2.4,7.533801618639635,0,-52
2.4,6.860130493134854,0,-45
2.4,6.1923027975592575,0,-47
2.4,5.626108003629791,0,-43
2.4,4.975571808579258,0,-37
2.4,4.25138619724493,0,-35
2.4,3.643831520795959,0,-37
2.4,3.0758302465785916,0,-49
2.4,2.6399259530552586,0,-48
2.4,8.405896518154643,0,-45
2.4,7.744825358117883,0,-44
2.4,7.091230033045555,0,-76
2.4,6.447384503454779,0,-58
2.4,5.90569591726799,0,-48
2.4,5.289656682721223,0,-38
2.4,4.615023033187734,0,-41
2.4,4.062223670685158,0,-43
2.4,3.561584577754168,0,-45
2.4,3.192704501882899,0,-46
2.4,8.61409635348481,0,-41
2.4,7.970312386659745,0,-40
2.4,7.336831952195936,0,-45
2.4,6.716571048428267,0,-47
2.4,6.198451740590691,0,-39
2.4,5.614626215007839,0,-39
2.4,4.98417468695162,0,-44
2.4,4.4771889466350165,0,-52
2.4,4.028454345985852,0,-49
2.4,3.706335353086563,0,-42
2.4,8.902067680367798,0,-42
2.4,8.280702418253561,0,-49
2.4,7.672890986681086,0,-41
2.4,7.082123950292977,0,-40
2.4,6.592795839335569,0,-42
2.4,6.047163015247883,0,-44
2.4,5.466822688617027,0,-49
2.4,5.00892941281861,0,-47
2.4,4.612222611325359,0,-44
2.4,4.333713736308376,0,-48
2.4,9.184245679371001,0,-45
2.4,8.583332234794733,0,-43
2.4,7.998550856666964,0,-42
2.4,7.433709663452654,0,-44
2.4,6.96911161428459,0,-48
2.4,6.4553652294953725,0,-48
2.4,5.915210057299222,0,-48
2.4,5.494809694229215,0,-51
2.4,5.135772301184788,0,-49
2.4,4.88719085584591,0,-47
2.4,1.9481563662424743,0,-33
2.4,1.656439120275202,0,-43
2.4,1.553147736380893,0,-37
2.4,1.7133275941414696,0,-43
2.4,2.4533391409519867,0,-35
2.4,2.228755319090464,0,-48
2.4,2.1530972119765153,0,-36
2.4,2.2713544765277276,0,-33
2.4,2.9937322281264565,0,-43
2.4,2.8126339942427636,0,-43
2.4,2.753068709171097,0,-35
2.4,2.8465085405174024,0,-31
2.4,3.647819300959357,0,-36
2.4,3.5007232087525306,0,-42
2.4,3.453047974781935,0,-40
2.4,3.527997147103031,0,-33
2.4,4.220206791810987,0,-35
2.4,4.093729680559598,0,-35
2.4,4.053035902794545,0,-34
2.4,4.1170770679164,0,-35
2.4,4.799344234251542,0,-43
2.4,4.688516013696714,0,-38
2.4,4.653026944101821,0,-38
2.4,4.708915299340076,0,-37
2.4,2.3609224782180647,0,-48
2.4,2.1266011097529156,0,-47
2.4,2.047171124222237,0,-39
2.4,2.139950219910814,0,-33
2.4,1.7883254588815616,0,-34
2.4,1.4651229568643553,0,-32
2.4,1.3472425952952787,0,-40
2.4,1.4844325321229523,0,-48
2.4,1.3424831267515296,0,-39
2.4,0.866451543630437,0,-32
2.4,0.6474686164645926,0,-29
2.4,0.8987173866981631,0,-40
2.4,1.177208842478055,0,-34
2.4,0.578185083390713,0,-31
2.4,0.05268132973390482,0,-42
2.4,0.6255019219391211,0,-45
2.4,1.3453526145725287,0,-39
2.4,0.8708909170407868,0,-36
2.4,0.6533975215985667,0,-36
2.4,0.9029981467744833,0,-39
2.4,2.384924375225207,0,-39
2.4,2.8091080131181965,0,-53
2.4,3.327808796067819,0,-46
2.4,3.8187417711902643,0,-43
2.4,4.425608689079377,0,-47
2.4,5.056603190154074,0,-57
2.4,5.703723290667061,0,-48
2.4,6.362050214382101,0,-40
2.4,6.9328320520669156,0,-42
2.4,7.604431853596158,0,-40
2.4,8.280737127201258,0,-43
2.4,1.8198948525318615,0,-40
2.4,2.3484549874531297,0,-38
2.4,2.9493159176180104,0,-47
2.4,3.4938434014365867,0,-41
2.4,4.148513621477397,0,-44
2.4,4.815951496994646,0,-53
2.4,5.491503653392804,0,-49
2.4,6.1725064543545,0,-42
2.4,6.759313076111727,0,-44
2.4,7.446578866480669,0,-46
2.4,8.136016246821166,0,-44
2.4,1.384258022552364,0,-38
2.4,2.0296289874807405,0,-45
2.4,2.7023355418310993,0,-40
2.4,3.288022918486213,0,-69
2.4,3.976722050421945,0,-43
2.4,4.668783762408963,0,-43
2.4,5.362906429722145,0,-48
2.4,6.058381708655916,0,-44
2.4,6.655258541906813,0,-48
2.4,7.352257463762075,0,-51
2.4,8.049777224697996,0,-44
2.4,1.2246346337567542,0,-37
2.4,1.9243059891862455,0,-45
2.4,2.624152643014415,0,-48
2.4,3.2240741966782576,0,-50
2.4,3.9240129943092796,0,-50
2.4,4.623970321415304,0,-48
2.4,5.323938869591863,0,-46
2.4,6.023914727232826,0,-45
2.4,6.623898094990559,0,-45
2.4,7.32388213495009,0,-47
2.4,8.023868959576953,0,-52
2.4,1.3870410898474337,0,-48
2.4,2.0315281289577736,0,-47
2.4,2.7037622108033386,0,-50
2.4,3.2891955588586046,0,-51
2.4,3.9776916645507727,0,-51
2.4,4.669609676628033,0,-49
2.4,5.363625460999276,0,-47
2.4,6.0590182075730015,0,-46
2.4,6.6558379616354975,0,-46
2.4,7.352781958236604,0,-47
2.4,8.05025627413135,0,-47
2.4,1.8242905425544944,0,-46
2.4,2.3518629929218426,0,-48
2.4,2.9520303337358804,0,-49
2.4,3.4961350693506943,0,-51
2.4,4.1504438289133985,0,-51
2.4,4.817614298673855,0,-50
2.4,5.492961959144475,0,-48
2.4,6.173803903464198,0,-47
2.4,6.7604979084588726,0,-48
2.4,7.447654363898631,0,-45
2.4,8.137000619265047,0,-52
2.4,2.3900186154886742,0,-50
2.4,2.813434295696972,0,-46
2.4,3.3314615546371535,0,-40
2.4,3.8219253553506785,0,-44
2.4,4.428356012753936,0,-66
2.4,5.05900786019506,0,-38
2.4,5.70585524556459,0,-47
2.4,6.363961630710731,0,-54
2.4,6.9345861425903,0,-49
2.4,7.60603106244163,0,-50
2.4,8.282205749475704,0,-48
2.4,2.9216003654809377,0,-41
2.4,3.2770371144373485,0,-47
2.4,3.731245878151338,0,-46
2.4,4.175005764674865,0,-49
2.4,4.736443464128954,0,-50
2.4,5.330771073935867,0,-47
2.4,5.948137842764985,0,-50
2.4,6.582064064589036,0,-46
2.4,7.135267667172785,0,-44
2.4,7.789433113906487,0,-53
2.4,8.450946206777342,0,-50
2.4,3.5692998885365403,0,-41
2.4,3.865633874040385,0,-47
2.4,4.257504997290075,0,-46
2.4,4.651325201896442,0,-46
2.4,5.161206224093211,0,-40
2.4,5.711503588499264,0,-39
2.4,6.29162115795774,0,-49
2.4,6.89403512821649,0,-45
2.4,7.424028399792795,0,-48
2.4,8.054776299485388,0,-48
2.4,8.696128149272695,0,-50
2.4,4.233680986214668,0,-37
2.4,4.486343527512925,0,-38
2.4,4.828095048844689,0,-47
2.4,5.178704387443409,0,-45
2.4,5.641117148787742,0,-43
2.4,6.148611732754688,0,-42
2.4,6.690937885976086,0,-42
2.4,7.260294301735405,0,-44
2.4,7.7653300431893175,0,-47
2.4,8.370398690234543,0,-44
2.4,8.989260135700913,0,-51
2.4,4.907973888659577,0,-49
2.4,5.12751706438757,0,-52
2.4,5.429056529398752,0,-49
2.4,5.743094299352417,0,-49
2.4,6.163307203529267,0,-43
2.4,6.630956133084974,0,-42
2.4,7.13672213223401,0,-44
2.4,7.673071506674508,0,-49
2.4,8.152576505521873,0,-53
2.4,8.73084917016717,0,-44
2.4,9.325821721758905,0,-49
2.4,5.588592013243839,0,-46
2.4,5.782351100055611,0,-47
2.4,6.051347601826871,0,-46
2.4,6.334610100865154,0,-48
2.4,6.717924432725063,0,-44
2.4,7.14938684347307,0,-44
2.4,7.62082382629643,0,-48
2.4,8.12528026256749,0,-55
2.4,8.579548745541098,0,-61
2.4,9.130820348190921,0,-43
2.4,9.701293923222758,0,-47
2.4,6.175428762740997,0,-46
2.4,6.351310412624336,0,-47
2.4,6.597148437873124,0,-44
2.4,6.857903822829452,0,-58
2.4,7.213464382458705,0,-47
2.4,7.616908293449633,0,-45
2.4,8.061049280623667,0,-48
2.4,8.539539745118866,0,-48
2.4,10.050804121957347,0,-49
2.4,6.86294932244275,0,-47
2.4,7.021630647950583,0,-48
2.4,7.244758140204572,0,-48
2.4,7.4829805453380285,0,-48
2.4,7.8101358116059,0,-46
2.4,8.184219263286536,0,-45
2.4,8.599108587718378,0,-54
2.4,9.049192895346712,0,-58
2.4,9.459194965166985,0,-58
2.4,9.961907093667456,0,-56
2.4,10.487269258328567,0,-56
2.4,7.552762832311499,0,-48
2.4,7.697236514163218,0,-56
2.4,7.901308341584261,0,-52
2.4,8.120292534178558,0,-48
2.4,8.422729628478974,0,-47
2.4,8.770723912441836,0,-50
2.4,9.159084097337493,0,-57
2.4,9.58290379039266,0,-51
2.4,9.970984023042512,0,-48
2.4,10.44910263810202,0,-59
2.4,10.951117271557822,0,-62
2.4,8.145415036346645,0,-47
2.4,8.279553711895558,0,-50
2.4,8.469606438435319,0,-51
2.4,8.674255619580968,0,-49
2.4,8.958009494728923,0,-46
2.4,9.285965628919536,0,-43
2.4,9.653620109331863,0,-40
2.4,10.056619947532967,0,-40
2.4,10.427084065114514,0,-42
2.4,10.885187442335871,0,-43
2.4,11.367960644223219,0,-43
5,5.558164947631485,1,-86
5,6.443487964982415,1,-86
5,7.332385473000392,1,-82
5,8.223698455954056,1,-88
5,5.455814658036856,1,-84
5,6.355411328359773,1,-83
5,6.3940573308670166,1,-85
5,7.288985438331469,1,-87
5,8.185025857625748,1,-86
5,8.234756332393165,0,-53
5,7.55873239423852,0,-50
5,6.887500196844445,0,-49
5,6.222610586832011,0,-47
5,5.659448722905863,0,-45
5,5.0132408082020445,0,-48
5,4.295410711075056,0,-45
5,3.695101721284517,0,-47
5,3.1363992546328237,0,-45
5,2.7102541608322137,0,-45
5,8.089212869780221,0,-45
5,7.39990462144205,0,-50
5,6.7128095429753465,0,-49
5,6.028684393305262,0,-43
5,5.4455039111113885,0,-45
5,4.770402121388815,0,-45
5,4.009327396901747,0,-54
5,3.3582629035512426,0,-47
5,2.731511172078553,0,-46
5,2.229266833521045,0,-43
5,8.002469484562036,0,-50
5,7.304980588965861,0,-50
5,6.608022772281395,0,-52
5,5.911783868919013,0,-50
5,5.315793999456529,0,-49
5,4.621784222405836,0,-48
5,3.8312999326958925,0,-43
5,3.1435780136807545,0,-45
5,2.4627842540341542,0,-41
5,1.890445347997546,0,-43
5,7.9764075600825795,0,-53
5,7.27642090030284,0,-49
5,6.576437080379121,0,-52
5,5.87645711513383,0,-52
5,5.276478518657496,0,-49
5,4.576510582493553,0,-49
5,3.77656178123323,0,-51
5,3.076628421063063,0,-45
5,2.376734313110013,0,-48
5,1.7768914786675978,0,-48
5,8.002951365794443,0,-51
5,7.305508477655241,0,-54
5,6.608606333480159,0,-55
5,5.9124361497385856,0,-47
5,5.316519402445797,0,-48
5,4.622618533948491,0,-45
5,3.8323063403386906,0,-46
5,3.1448045153906805,0,-45
5,2.4643496086884955,0,-44
5,1.892484167883615,0,-48
5,8.074081389016778,0,-50
5,7.383360605462025,0,-48
5,6.6945677518500055,0,-49
5,6.0083659124533675,0,-48
5,5.423000854672492,0,-47
5,4.744698285834417,0,-46
5,3.9787097907985305,0,-47
5,3.321649462724442,0,-49
5,2.6863690563731377,0,-52
5,2.1737194020586235,0,-50
5,8.211878181950565,0,-52
5,7.533801618639635,0,-49
5,6.860130493134854,0,-47
5,6.1923027975592575,0,-49
5,5.626108003629791,0,-45
5,4.975571808579258,0,-44
5,4.25138619724493,0,-43
5,3.643831520795959,0,-51
5,3.0758302465785916,0,-55
5,2.6399259530552586,0,-56
5,8.405896518154643,0,-52
5,7.744825358117883,0,-50
5,7.091230033045555,0,-48
5,6.447384503454779,0,-51
5,5.90569591726799,0,-53
5,5.289656682721223,0,-51
5,4.615023033187734,0,-52
5,4.062223670685158,0,-53
5,3.561584577754168,0,-53
5,3.192704501882899,0,-53
5,8.61409635348481,0,-45
5,7.970312386659745,0,-47
5,7.336831952195936,0,-50
5,6.716571048428267,0,-55
5,6.198451740590691,0,-57
5,5.614626215007839,0,-55
5,4.98417468695162,0,-52
5,4.4771889466350165,0,-49
5,4.028454345985852,0,-46
5,3.706335353086563,0,-49
5,8.902067680367798,0,-48
5,8.280702418253561,0,-48
5,7.672890986681086,0,-49
5,7.082123950292977,0,-51
5,6.592795839335569,0,-53
5,6.047163015247883,0,-53
5,5.466822688617027,0,-53
5,5.00892941281861,0,-53
5,4.612222611325359,0,-55
5,4.333713736308376,0,-57
5,9.184245679371001,0,-57
5,8.583332234794733,0,-55
5,7.998550856666964,0,-59
5,7.433709663452654,0,-51
5,6.96911161428459,0,-47
5,6.4553652294953725,0,-50
5,5.915210057299222,0,-50
5,5.494809694229215,0,-49
5,5.135772301184788,0,-49
5,4.88719085584591,0,-49
5,1.9481563662424743,0,-40
5,1.656439120275202,0,-46
5,1.553147736380893,0,-44
5,1.7133275941414696,0,-48
5,2.4533391409519867,0,-47
5,2.228755319090464,0,-43
5,2.1530972119765153,0,-42
5,2.2713544765277276,0,-47
5,2.9937322281264565,0,-48
5,2.8126339942427636,0,-46
5,2.753068709171097,0,-45
5,2.8465085405174024,0,-46
5,3.647819300959357,0,-50
5,3.5007232087525306,0,-47
5,3.453047974781935,0,-48
5,3.527997147103031,0,-47
5,4.220206791810987,0,-49
5,4.093729680559598,0,-48
5,4.053035902794545,0,-48
5,4.1170770679164,0,-51
5,4.799344234251542,0,-47
5,4.688516013696714,0,-46
5,4.653026944101821,0,-49
5,4.708915299340076,0,-47
5,2.3609224782180647,0,-45
5,2.1266011097529156,0,-46
5,2.047171124222237,0,-42
5,2.139950219910814,0,-47
5,1.7883254588815616,0,-48
5,1.4651229568643553,0,-46
5,1.3472425952952787,0,-39
5,1.4844325321229523,0,-49
5,1.3424831267515296,0,-47
5,0.866451543630437,0,-44
5,0.6474686164645926,0,-39
5,0.8987173866981631,0,-44
5,1.177208842478055,0,-50
5,0.578185083390713,0,-46
5,0.05268132973390482,0,-48
5,0.6255019219391211,0,-49
5,1.3453526145725287,0,-49
5,0.8708909170407868,0,-45
5,0.6533975215985667,0,-46
5,0.9029981467744833,0,-47
5,2.384924375225207,0,-43
5,2.8091080131181965,0,-49
5,3.327808796067819,0,-45
5,3.8187417711902643,0,-47
5,4.425608689079377,0,-50
5,5.056603190154074,0,-49
5,5.703723290667061,0,-51
5,6.362050214382101,0,-50
5,6.9328320520669156,0,-53
5,7.604431853596158,0,-52
5,8.280737127201258,0,-48
5,1.8198948525318615,0,-46
5,2.3484549874531297,0,-44
5,2.9493159176180104,0,-45
5,3.4938434014365867,0,-44
5,4.148513621477397,0,-47
5,4.815951496994646,0,-49
5,5.491503653392804,0,-47
5,6.1725064543545,0,-47
5,6.759313076111727,0,-45
5,7.446578866480669,0,-48
5,8.136016246821166,0,-51
5,1.384258022552364,0,-45
5,2.0296289874807405,0,-43
5,2.7023355418310993,0,-48
5,3.288022918486213,0,-45
5,3.976722050421945,0,-48
5,4.668783762408963,0,-45
5,5.362906429722145,0,-47
5,6.058381708655916,0,-47
5,6.655258541906813,0,-50
5,7.352257463762075,0,-51
5,8.049777224697996,0,-54
5,1.2246346337567542,0,-50
5,1.9243059891862455,0,-49
5,2.624152643014415,0,-47
5,3.2240741966782576,0,-46
5,3.9240129943092796,0,-47
5,4.623970321415304,0,-47
5,5.323938869591863,0,-48
5,6.023914727232826,0,-48
5,6.623898094990559,0,-49
5,7.32388213495009,0,-52
5,8.023868959576953,0,-54
5,1.3870410898474337,0,-54
5,2.0315281289577736,0,-51
5,2.7037622108033386,0,-50
5,3.2891955588586046,0,-49
5,3.9776916645507727,0,-49
5,4.669609676628033,0,-49
5,5.363625460999276,0,-50
5,6.0590182075730015,0,-50
5,6.6558379616354975,0,-51
5,7.352781958236604,0,-47
5,8.05025627413135,0,-57
5,1.8242905425544944,0,-53
5,2.3518629929218426,0,-53
5,2.9520303337358804,0,-52
5,3.4961350693506943,0,-51
5,4.1504438289133985,0,-51
5,4.817614298673855,0,-51
5,5.492961959144475,0,-52
5,6.173803903464198,0,-52
5,6.7604979084588726,0,-52
5,7.447654363898631,0,-53
5,8.137000619265047,0,-53
5,2.3900186154886742,0,-54
5,2.813434295696972,0,-54
5,3.3314615546371535,0,-49
5,3.8219253553506785,0,-51
5,4.428356012753936,0,-53
5,5.05900786019506,0,-48
5,5.70585524556459,0,-55
5,6.363961630710731,0,-56
5,6.9345861425903,0,-54
5,7.60603106244163,0,-53
5,8.282205749475704,0,-54
5,2.9216003654809377,0,-48
5,3.2770371144373485,0,-52
5,3.731245878151338,0,-54
5,4.175005764674865,0,-54
5,4.736443464128954,0,-50
5,5.330771073935867,0,-51
5,5.948137842764985,0,-50
5,6.582064064589036,0,-45
5,7.135267667172785,0,-46
5,7.789433113906487,0,-51
5,8.450946206777342,0,-54
5,3.5692998885365403,0,-48
5,3.865633874040385,0,-46
5,4.257504997290075,0,-48
5,4.651325201896442,0,-46
5,5.161206224093211,0,-50
5,5.711503588499264,0,-47
5,6.29162115795774,0,-51
5,6.89403512821649,0,-44
5,7.424028399792795,0,-43
5,8.054776299485388,0,-48
5,8.696128149272695,0,-54
5,4.233680986214668,0,-47
5,4.486343527512925,0,-46
5,4.828095048844689,0,-47
5,5.178704387443409,0,-53
5,5.641117148787742,0,-49
5,6.148611732754688,0,-47
5,6.690937885976086,0,-45
5,7.260294301735405,0,-43
5,7.7653300431893175,0,-44
5,8.370398690234543,0,-47
5,8.989260135700913,0,-49
5,4.907973888659577,0,-51
5,5.12751706438757,0,-47
5,5.429056529398752,0,-44
5,5.743094299352417,0,-47
5,6.163307203529267,0,-48
5,6.630956133084974,0,-47
5,7.13672213223401,0,-46
5,7.673071506674508,0,-44
5,8.152576505521873,0,-46
5,8.73084917016717,0,-49
5,9.325821721758905,0,-52
5,5.588592013243839,0,-48
5,5.782351100055611,0,-50
5,6.051347601826871,0,-49
5,6.334610100865154,0,-50
5,6.717924432725063,0,-48
5,7.14938684347307,0,-48
5,7.62082382629643,0,-48
5,8.12528026256749,0,-48
5,8.579548745541098,0,-49
5,9.130820348190921,0,-50
5,9.701293923222758,0,-54
5,6.175428762740997,0,-48
5,6.351310412624336,0,-46
5,6.597148437873124,0,-43
5,6.857903822829452,0,-52
5,7.213464382458705,0,-51
5,7.616908293449633,0,-50
5,8.061049280623667,0,-50
5,8.539539745118866,0,-52
5,8.972859989452182,0,-54
5,9.501338850084936,0,-59
5,10.050804121957347,0,-54
5,6.86294932244275,0,-48
5,7.021630647950583,0,-51
5,7.244758140204572,0,-46
5,7.4829805453380285,0,-44
5,7.8101358116059,0,-48
5,8.184219263286536,0,-53
5,8.599108587718378,0,-52
5,9.049192895346712,0,-55
5,9.459194965166985,0,-57
5,9.961907093667456,0,-59
5,10.487269258328567,0,-55
5,7.552762832311499,0,-46
5,7.697236514163218,0,-50
5,7.901308341584261,0,-49
5,8.120292534178558,0,-55
5,8.422729628478974,0,-53
5,8.770723912441836,0,-53
5,9.159084097337493,0,-53
5,9.58290379039266,0,-53
5,9.970984023042512,0,-60
5,10.44910263810202,0,-59
5,10.951117271557822,0,-56
5,8.145415036346645,0,-43
5,8.279553711895558,0,-46
5,8.469606438435319,0,-49
5,8.674255619580968,0,-50
5,8.958009494728923,0,-50
5,9.285965628919536,0,-51
5,9.653620109331863,0,-51
5,10.056619947532967,0,-52
5,10.427084065114514,0,-53
5,10.885187442335871,0,-53
5,11.367960644223219,0,-49
2.4,23.37604611770141,0,-77
2.4,23.202791472075187,0,-82
2.4,23.039087049974597,0,-88
2.4,22.885137799366845,0,-85
2.4,22.769135514897588,0,-78
2.4,22.633239540451843,0,-80
2.4,22.90947908829135,0,-83
2.4,22.732668829166553,0,-80
2.4,22.565554105677588,0,-81
2.4,22.40835183800818,0,-81
2.4,22.289868373225676,0,-82
2.4,22.15103230315527,0,-79
2.4,22.444351897455494,0,-79
2.4,22.263848097229644,0,-83
2.4,22.09318745894802,0,-84
2.4,21.932599756889744,0,-80
2.4,21.811532089600714,0,-81
2.4,21.669631563443428,0,-83
2.4,21.98075594916539,0,-82
2.4,21.796413285136424,0,-80
2.4,21.622063548518526,0,-82
2.4,21.45795032373492,0,-80
2.4,21.334189276736936,0,-85
2.4,21.189092290500298,0,-81
2.4,21.518790209877626,0,-82
2.4,21.330455506069885,0,-79
2.4,21.152265412861315,0,-82
2.4,20.98447836129912,0,-84
2.4,20.857908142850583,0,-85
2.4,20.709474452416572,0,-82
2.4,21.058561966494306,0,-82
2.4,20.866073710604557,0,-87
2.4,20.683883390120062,0,-81
2.4,20.51226540623406,0,-84
2.4,20.382763112383664,0,-85
2.4,20.230843583381546,0,-83
2.4,20.60018767139358,0,-78
2.4,20.495774981599183,0,-75
2.4,20.310263220747512,0,-79
2.4,20.135461059924875,0,-84
2.4,20.003519492717093,0,-83
2.4,19.848697491150766,0,-83
2.4,22.46031015135489,0,-73
2.4,22.32849148721646,0,-76
2.4,22.21210327939118,0,-73
2.4,22.111389194123074,0,-75
2.4,22.039590107206728,0,-80
2.4,21.96814812616956,0,-75
2.4,21.912907887657664,0,-68
2.4,21.85353912058508,0,-74
2.4,21.741830007951133,0,-76
2.4,21.622284155340456,0,-76
2.4,21.51880972762967,0,-78
2.4,21.445026744996873,0,-77
2.4,21.371597321989615,0,-73
2.4,21.31481109681519,0,-70
2.4,21.270703140584917,0,-81
2.4,21.155916716006214,0,-82
2.4,21.033040961644932,0,-82
2.4,20.926653150799723,0,-78
2.4,20.837005833216978,0,-72
2.4,20.775245175285423,0,-75
2.4,20.716824372786064,0,-71
2.4,20.688848496106196,0,-75
2.4,20.570815542766837,0,-76
2.4,20.444423496253936,0,-78
2.4,20.334956407472884,0,-76
2.4,20.242688855324158,0,-77
2.4,20.1791092988062,0,-76
2.4,20.118957529971805,0,-73
2.4,20.20478042678987,0,-78
2.4,20.083902810322826,0,-79
2.4,19.95442687962086,0,-83
2.4,19.842256728854657,0,-80
2.4,19.747687259358255,0,-78
2.4,19.682508785546684,0,-78
2.4,19.620834643122723,0,-70
2.4,19.6249533017212,0,-78
2.4,19.500481842622243,0,-84
2.4,19.367105929748053,0,-80
2.4,19.25151402081729,0,-78
2.4,19.15402809054448,0,-78
2.4,19.08682247240407,0,-75
2.4,19.023217185657934,0,-71
2.4,24.957491702728372,0,-56
2.4,24.15789544003542,0,-56
2.4,23.358326825601466,0,-55
2.4,22.458848859448093,0,-60
2.4,21.659349299816505,0,-60
2.4,20.859888113108145,0,-62
2.4,19.96054588660617,0,-56
2.4,19.161182429360647,0,-52
2.4,18.361874416604856,0,-50
2.4,17.46272865537021,0,-49
2.4,16.663565407529585,0,-48
2.4,15.864486505744377,0,-45
2.4,24.94558862990192,0,-45
2.4,24.145598192884364,0,-51
2.4,23.345308567078092,0,-51
2.4,22.44530891059443,0,-48
2.4,21.645309239923982,0,-51
2.4,20.845309594531507,0,-55
2.4,19.94531002746729,0,-56
2.4,19.14531044647007,0,-51
2.4,18.345310902016482,0,-46
2.4,17.445311464446966,0,-42
2.4,16.645312015444272,0,-46
2.4,15.845312622079195,0,-46
2.4,24.962259354729266,0,-59
2.4,24.162820863729827,0,-54
2.4,23.363420813156328,0,-52
2.4,22.464146814258186,0,-50
2.4,21.664842766391704,0,-54
2.4,20.86559206187075,0,-60
2.4,19.966506757375555,0,-62
2.4,19.16739189593233,0,-56
2.4,18.368354093172886,0,-51
2.4,17.469541839787933,0,-49
2.4,16.670705206800037,0,-49
2.4,15.871985763979207,0,-53
2.4,14.166789053656236,0,-46
2.4,13.368075107909998,0,-46
2.4,12.469719006082007,0,-46
2.4,11.671392894190978,0,-43
2.4,10.873312838804024,0,-42
2.4,9.975840420256347,0,-42
2.4,9.178502715059201,0,-37
2.4,8.381672392206577,0,-48
2.4,7.486046492655373,0,-56
2.4,6.690920122832625,0,-45
2.4,5.897112182251189,0,-39
2.4,5.006435067987529,0,-42
2.4,4.218046003768102,0,-38
2.4,3.4350301439482114,0,-37
2.4,2.6621329962572644,0,-36
2.4,1.8208273091321845,0,-40
2.4,1.1501878497055844,0,-51
2.4,0.8811651885313865,0,-46
2.4,1.226748584429366,0,-38
2.4,1.8741483637450487,0,-36
2.4,2.607671775599265,0,-34
2.4,3.468200122423294,0,-45
2.4,4.246873213212955,0,-41
2.4,5.032241259025097,0,-38
2.4,5.920465529749705,0,-41
2.4,6.712632277198209,0,-43
2.4,7.506460689886544,0,-46
2.4,8.400917336144426,0,-44
2.4,9.196897960109196,0,-39
2.4,9.993520505236853,0,-44
2.4,10.890312763576143,0,-45
2.4,11.687875430908655,0,-51
2.4,12.485749960990205,0,-57
2.4,13.283880159362166,0,-48
2.4,14.182028489895783,0,-54
2.4,14.980569151008394,0,-58
2.4,15.779257653263455,0,-60
2.4,16.677932488410942,0,-56
2.4,17.476869058499062,0,-54
2.4,18.27589866703826,0,-59
2.4,19.17490370478482,0,-59
2.4,19.974094524851417,0,-63
2.4,20.773347637962164,0,-65
2.4,21.672573268708728,0,-65
2.4,22.47193699011006,0,-60
2.4,23.27134444090856,0,-63
2.4,24.17072469098363,0,-60
2.4,24.970211294405466,0,-57
2.4,25.76972976356529,0,-55
2.4,26.6692225624802,0,-62
2.4,27.468799611323238,0,-64
2.4,28.26840059301128,0,-58
2.4,29.068023532515756,0,-54
2.4,29.967623397373526,0,-57
2.4,30.767287369651843,0,-61
2.4,14.145314139009814,0,-51
2.4,13.345314986586107,0,-53
2.4,12.445316070358345,0,-55
2.4,11.645317174343017,0,-50
2.4,10.845318441197438,0,-44
2.4,9.945320110026481,0,-41
2.4,9.145321869175842,0,-43
2.4,8.345323965596226,0,-48
2.4,7.445326862581294,0,-42
2.4,6.645330096436395,0,-39
2.4,5.845334215468966,0,-45
2.4,4.9453404423206395,0,-44
2.4,4.145348247177896,0,-42
2.4,3.3453597848825876,0,-42
2.4,2.4453817882346254,0,-38
2.4,1.6454215539363621,0,-44
2.4,0.8455365693375757,0,-36
2.4,0.04951858253173671,0,-41
2.4,0.8549339681728944,0,-38
2.4,1.654820863376046,0,-31
2.4,2.4547814749572767,0,-33
2.4,3.3547596172771232,0,-41
2.4,4.154748137931122,0,-47
2.4,4.954740365505633,0,-37
2.4,5.854734160445789,0,-44
2.4,6.654730053835363,0,-42
2.4,7.454726828620105,0,-43
2.4,8.354723938543293,0,-46
2.4,9.154721846631775,0,-45
2.4,9.954720090948104,0,-45
2.4,10.854994799122949,0,-47
2.4,11.654974564061261,0,-47
2.4,12.454956928421861,0,-47
2.4,13.254941421551912,0,-46
2.4,14.154926071466868,0,-49
2.4,14.954913977974638,0,-48
2.4,15.754903112636082,0,-53
2.4,16.654892136800825,0,-54
2.4,17.45488333070143,0,-53
2.4,18.254875296433212,0,-53
2.4,19.154867060051536,0,-57
2.4,19.954860362532635,0,-55
2.4,20.754854181325992,0,-59
2.4,21.654847773374556,0,-57
2.4,22.45484250864284,0,-59
2.4,23.254837606138697,0,-55
2.4,24.154832478984456,0,-56
2.4,24.954828231982106,0,-51
2.4,25.75482424882103,0,-53
2.4,26.654820053558417,0,-54
2.4,27.4548165553425,0,-62
2.4,28.25481325522144,0,-53
2.4,29.05481013683219,0,-55
2.4,29.95480682774112,0,-60
2.4,30.75480404891591,0,-57
2.4,14.175186492311393,0,-53
2.4,13.370468656396325,0,-57
2.4,12.472284958723339,0,-54
2.4,11.674134318720393,0,-45
2.4,10.876255425993545,0,-39
2.4,9.979047654529662,0,-36
2.4,9.181988460638726,0,-36
2.4,8.385489376967303,0,-38
2.4,7.490319892444609,0,-42
2.4,6.695701015657745,0,-39
2.4,5.90253607282573,0,-32
2.4,5.012822766758156,0,-33
2.4,4.2256256449024985,0,-33
2.4,3.4443333303828876,0,-31
2.4,2.5791262262065375,0,-33
2.4,1.838317733862989,0,-31
2.4,1.1776808101365837,0,-32
2.4,0.8212503214567135,0,-30
2.4,1.1844459001628798,0,-30
2.4,1.8467355225752942,0,-31
2.4,2.5880402025993,0,-33
2.4,3.453463781508379,0,-35
2.4,4.234847351454233,0,-40
2.4,5.022096383986243,0,-46
2.4,5.911845066471859,0,-39
2.4,6.705030357119677,0,-41
2.4,7.499663465104629,0,-47
2.4,8.394844375552482,0,-43
2.4,9.191350939316479,0,-46
2.4,9.98841589490559,0,-49
2.4,10.885628695189022,0,-46
2.4,11.683511119926722,0,-47
2.4,12.481664636152507,0,-46
2.4,13.379850974106557,0,-51
2.4,14.1784319333708,0,-53
2.4,14.977164354081102,0,-54
2.4,15.776025230998032,0,-49
2.4,16.674874275058457,0,-48
2.4,17.47395067204137,0,-59
2.4,18.273107893537542,0,-59
2.4,19.172243793796902,0,-59
2.4,19.971541054428236,0,-59
2.4,20.770892423982207,0,-65
2.4,21.666666381529524,0,-59
2.4,22.466240274875332,0,-57
2.4,23.265843463935695,0,-59
2.4,24.165428448266322,0,-59
2.4,24.965084660145013,0,-58
2.4,25.764762216797898,0,-55
2.4,26.664422590561692,0,-62
2.4,27.46413938371245,0,-67
2.4,28.263872206191316,0,-62
2.4,29.163589149620012,0,-62
2.4,29.96335181664032,0,-62
2.4,30.76312682559579,0,-63
2.4,17.872188788478155,1,-81
2.4,16.973614585318124,1,-80
2.4,15.176973087238574,1,-79
2.4,17.84547931806654,1,-82
2.4,16.945488841914848,1,-81
2.4,15.14551128523895,1,-76
2.4,17.864129760278754,1,-86
2.4,16.96512870838288,1,-83
2.4,16.06623951308821,1,-76
2.4,15.167482061694907,1,-84
2.4,14.378735413474049,1,-71
2.4,13.48096777277554,1,-74
2.4,12.683217734098136,1,-67
2.4,11.786113527811501,1,-75
2.4,10.889487228073744,1,-81
2.4,10.092990245230101,1,-78
2.4,9.197657967669265,1,-74
2.4,8.303334998068534,1,-75
2.4,7.509520097188542,1,-64
2.4,6.618258992363363,1,-73
2.4,5.729730542522776,1,-76
2.4,4.94341300012928,1,-77
2.4,4.065192749399108,1,-75
2.4,3.1991017629464333,1,-75
2.4,2.3585402454922924,1,-62
2.4,1.6644014207923672,1,-62
2.4,1.0764256079523313,1,-65
2.4,1.0803481334160008,1,-67
2.4,1.5920653533395663,1,-67
2.4,2.367093595366294,1,-64
2.4,3.208051135680978,1,-73
2.4,3.977324740208277,1,-57
2.4,4.8546443833707045,1,-58
2.4,14.345523067885296,1,-62
2.4,13.445537999319665,1,-78
2.4,12.645553055959152,1,-81
2.4,11.745572446287907,1,-75
2.4,10.845595054717727,1,-80
2.4,10.045618551928317,1,-78
2.4,9.145649899857654,1,-75
2.4,8.245688090795467,1,-75
2.4,7.445729788987444,1,-73
2.4,6.545788882215414,1,-77
2.4,5.645866814799544,1,-74
2.4,4.845960388858289,1,-66
2.4,3.946111008360445,1,-66
2.4,3.046350618399561,1,-74
2.4,2.1467911146972942,1,-71
2.4,1.3476765524680094,1,-70
2.4,0.4524290994089075,1,-73
2.4,0.46168397190269217,1,-70
2.4,1.2572478235577293,1,-71
2.4,2.1561846140255567,1,-64
2.4,3.055747386431088,1,-60
2.4,3.8555300659713767,1,-58
2.4,4.755372970601689,1,-61
2.4,14.363357270906615,1,-74
2.4,12.665781148099578,1,-81
2.4,11.76734770844622,1,-76
2.4,10.869173477840642,1,-79
2.4,10.071070056916653,1,-75
2.4,9.173598644547466,1,-78
2.4,8.276676391593607,1,-68
2.4,7.480032893717234,1,-70
2.4,6.58478185599278,1,-71
2.4,5.691029088919819,1,-80
2.4,4.89850304591723,1,-72
2.4,4.0104603340240494,1,-69
2.4,3.129257434392413,1,-66
2.4,2.2628990456094265,1,-67
2.4,1.525854544361572,1,-64
2.4,0.8465766890652945,1,-67
2.4,0.8515586241643303,1,-61
2.4,1.44660709604144,1,-66
2.4,2.271812512122719,1,-61
2.4,3.138405979180709,1,-67
2.4,3.9213660999817463,1,-60
2.4,4.808905498136342,1,-61
2.4,5.9361529704763205,1,-66
2.4,6.726472484803874,1,-67
2.4,7.617997905535514,1,-66
2.4,8.51130730785015,1,-61
2.4,9.306442504447777,1,-71
2.4,10.201878850903498,1,-70
2.4,10.998447712674768,1,-80
2.4,11.895138170208904,1,-76
2.4,12.692589652560645,1,-73
2.4,13.590080650541019,1,-77
2.4,14.388113569475964,1,-81
2.4,15.286146410657533,1,-77
2.4,16.084582434368226,1,-75
2.4,17.881574653475763,1,-80
2.4,18.680423766278846,1,-84
2.4,19.57924135628537,1,-85
2.4,20.378277947059324,1,-86
2.4,21.277280655373332,1,-86
2.4,22.07646239974722,1,-82
2.4,22.975609939398186,1,-79
2.4,23.774906352860818,1,-77
2.4,5.855246543863994,1,-69
2.4,6.655180845729139,1,-68
2.4,7.5551235654541005,1,-67
2.4,8.455078479186326,1,-64
2.4,9.255045763751177,1,-64
2.4,10.155015120079758,1,-68
2.4,10.954992108120262,1,-69
2.4,11.854969932011521,1,-75
2.4,12.654952867902194,1,-78
2.4,13.554936078371814,1,-75
2.4,14.354922921725311,1,-77
2.4,15.254909769926357,1,-77
2.4,16.054899317296364,1,-76
2.4,16.95488873712957,1,-81
2.4,17.854879223572564,1,-83
2.4,18.654871537705425,1,-76
2.4,19.554863642792597,1,-80
2.4,20.35485721119509,1,-82
2.4,21.254850554357247,1,-84
2.4,22.054845093266678,1,-85
2.4,22.95483940453318,1,-85
2.4,23.754834709756203,1,-89
2.4,5.898805988495303,1,-69
2.4,6.693536590610139,1,-64
2.4,7.588932210117355,1,-64
2.4,8.485302121296362,1,-62
2.4,9.28266513936625,1,-71
2.4,10.180193126337304,1,-73
2.4,10.978335579196603,1,-68
2.4,11.876544619095828,1,-73
2.4,12.675165959043802,1,-74
2.4,13.57380904865037,1,-74
2.4,14.37274546108542,1,-74
2.4,15.271682032083808,1,-80
2.4,16.070836695362196,1,-79
2.4,16.969980910092975,1,-83
2.4,17.86921128894166,1,-80
2.4,18.668589450967332,1,-86
2.4,19.567950635891552,1,-85
2.4,20.367430178807968,1,-84
2.4,22.06644946719943,1,-80
2.4,23.765609019932874,1,-87
2.4,26.86435020781331,1,-82
2.4,26.854819159464885,1,-82
2.4,26.872575464347026,1,-84
2.4,27.771996184771186,1,-79
2.4,27.754815295502897,1,-77
2.4,27.76403738810259,1,-87
2.4,25.065043229330353,1,-87
2.4,25.073858739475785,1,-84
2.4,25.973194876393347,1,-84
2.4,25.9646847099694,1,-83
2.4,30.563181969286344,1,-82
2.4,30.554804729980408,1,-79
2.4,30.57041203658689,1,-80
2.4,31.469962695983867,1,-82
2.4,31.45480173339442,1,-79
2.4,31.462939342782793,1,-79
2.4,28.663744209155208,1,-80
2.4,28.65481167426165,1,-79
2.4,28.671453260810924,1,-78
2.4,29.670888629880576,1,-79
2.4,29.654807908454117,1,-83
2.4,29.663439316569306,1,-87
2.4,15.281642977347497,1,-81
2.4,14.571758030074575,1,-85
2.4,13.958607096948484,1,-86
2.4,13.353999104647201,1,-81
2.4,12.67504682779701,1,-79
2.4,12.093113415774482,1,-84
2.4,11.444252360321032,1,-84
2.4,10.89300197772181,1,-81
2.4,14.938561245568156,1,-86
2.4,14.211549250082468,1,-87
2.4,13.582146814383112,1,-89
2.4,12.959988120650227,1,-85
2.4,12.259233747968254,1,-83
2.4,11.656560045196073,1,-81
2.4,10.981935716766433,1,-81
2.4,10.406223718867858,1,-80
2.4,14.631220457913539,1,-84
2.4,13.888129178834578,1,-88
2.4,13.24336483254668,1,-86
2.4,12.604494916015947,1,-82
2.4,11.882794792800246,1,-80
2.4,11.259990767657776,1,-79
2.4,10.560062125180282,1,-78
2.4,9.959994582709612,1,-75
2.4,14.361915334959486,1,-80
2.4,13.604121878624625,1,-83
2.4,12.94521966165159,1,-84
2.4,12.29086213771632,1,-80
2.4,11.549580602267659,1,-77
2.4,10.907767511650361,1,-76
2.4,10.183659071676736,1,-75
2.4,9.559994356069547,1,-71
2.4,14.132820386922818,1,-85
2.4,13.36204071573463,1,-87
2.4,12.690575719363078,1,-83
2.4,12.022366326510994,1,-79
2.4,11.263428078908936,1,-76
2.4,10.604310071319677,1,-75
2.4,9.857936502565874,1,-74
2.4,9.212246853431491,1,-70
2.4,13.96691132961896,1,-84
2.4,13.186437429774852,1,-89
2.4,12.505547252691699,1,-91
2.4,11.826888521045703,1,-79
2.4,11.054538076698249,1,-83
2.4,10.382167022790044,1,-79
2.4,9.61857120829481,1,-78
2.4,8.955640238920699,1,-73
2.4,13.81834331929538,1,-84
2.4,13.028972794884638,1,-86
2.4,12.33939674740146,1,-87
2.4,11.651063989598523,1,-77
2.4,10.866223451118987,1,-87
2.4,10.18142387338755,1,-90
2.4,9.401537751321042,1,-81
2.4,8.722126580682742,1,-77
2.4,13.714904742301059,1,-83
2.4,12.919215614359906,1,-85
2.4,10.73437525383406,1,-83
2.4,10.040587238307467,1,-82
2.4,8.557306357138865,1,-80
2.4,10.369046826331598,1,-82
2.4,9.777763143305641,1,-82
2.4,9.150579877062768,1,-81
2.4,8.572139294623366,1,-85
2.4,9.804240515572525,1,-82
2.4,9.176636207626553,1,-86
2.4,8.505240272152367,1,-83
2.4,7.87956674487642,1,-87
2.4,9.292423370021954,1,-83
2.4,8.627667824369398,1,-87
2.4,7.909811128439086,1,-81
2.4,7.232812183894914,1,-83
2.4,8.842801144901234,1,-84
2.4,8.141415852798296,1,-86
2.4,6.645266893664629,1,-81
2.4,8.46528984080303,1,-84
2.4,7.729725227246556,1,-85
2.4,6.9193288755956415,1,-80
2.4,6.133968706194348,1,-80
2.4,8.169891804016709,1,-82
2.4,7.405042342165792,1,-83
2.4,6.554625243992829,1,-74
2.4,5.719403123500561,1,-78
2.4,7.965747428200055,1,-90
2.4,7.179181853791185,1,-76
2.4,6.298342011174405,1,-78
2.4,5.423796833367228,1,-80
2.4,8.162606941802581,1,-71
2.4,7.697831648346406,1,-79
2.4,7.3528315692808,1,-81
2.4,7.081783114875884,1,-75
2.4,6.8760535255378175,1,-65
2.4,6.788787232340534,1,-67
2.4,6.795230098084879,1,-70
2.4,6.914015626670115,1,-70
2.4,7.114150130955021,1,-68
2.4,7.395853709051857,1,-72
2.4,7.799173807886066,1,-74
2.4,7.511334907114743,1,-71
2.4,7.003471431137583,1,-77
2.4,6.622396249597959,1,-77
2.4,6.320099056709311,1,-79
2.4,6.0886872219336245,1,-69
2.4,5.9899609419817255,1,-69
2.4,5.997262049168386,1,-67
2.4,6.131526081353263,1,-67
2.4,6.356345812355089,1,-67
2.4,6.67013133949946,1,-69
2.4,7.114710962933969,1,-68
2.4,6.816608547318591,1,-74
2.4,6.25256843923333,1,-77
2.4,5.822553742751159,1,-77
2.4,5.476280862698181,1,-74
2.4,5.20750536121416,1,-65
2.4,5.091721917681976,1,-67
2.4,5.1003090187685505,1,-65
2.4,5.2575290856876595,1,-64
2.4,5.518073222310529,1,-64
2.4,5.876789266828383,1,-66
2.4,6.376920266604344,1,-65
2.4,6.175123649605188,1,-69
2.4,5.546225030399789,1,-74
2.4,5.056494050996397,1,-75
2.4,4.653563375273916,1,-72
2.4,4.3340641536104005,1,-70
2.4,4.19423796267444,1,-68
2.4,4.204658379401141,1,-63
2.4,4.3940427953523775,1,-62
2.4,4.702672866287525,1,-62
2.4,5.118852614331233,1,-63
2.4,5.68604538208812,1,-70
2.4,5.664287429888256,1,-69
2.4,4.971178138863056,1,-72
2.4,4.4181593552336675,1,-74
2.4,3.950652109230523,1,-75
2.4,3.5687689877725988,1,-70
2.4,3.397592101476612,1,-66
2.4,3.4104474908646596,1,-66
2.4,3.64137502708317,1,-64
2.4,4.008382727209784,1,-59
2.4,4.489393287263049,1,-57
2.4,5.1267057734614,1,-63
2.4,5.17785207290885,1,-65
2.4,4.408924141879323,1,-68
2.4,3.77440486550862,1,-71
2.4,3.2145998333702366,1,-71
2.4,2.731686674679918,1,-66
2.4,2.503923339192442,1,-69
2.4,2.5213393441743266,1,-63
2.4,2.825882532661492,1,-65
2.4,3.285290259372848,1,-73
2.4,3.8575448264743333,1,-63
2.4,4.583569797459053,1,-62
2.4,4.750173900983216,1,-69
2.4,3.897770143235996,1,-79
2.4,3.1622985452722157,1,-79
2.4,2.467316779288703,1,-73
2.4,1.7933521933182714,1,-70
2.4,1.4225442310199905,1,-66
2.4,1.4529804159509683,1,-69
2.4,1.9338076659939463,1,-74
2.4,2.5587364242894854,1,-66
2.4,3.2610814293596717,1,-63
2.4,4.094277969170443,1,-60
2.4,20.115577349178494,2,-91
2.4,20.888634040717584,2,-91
2.4,19.85726648078863,2,-94
2.4,19.692207395046616,2,-94
2.4,19.61618393287093,2,-95
2.4,19.44784492144518,2,-95
2.4,21.750597051383423,2,-94
2.4,21.74563110355749,2,-94
2.4,21.15074731756767,2,-92
2.4,21.145640498503553,2,-94
2.4,21.16119354130033,2,-94
2.4,20.57366647175911,2,-95
2.4,20.55090635693576,2,-95
2.4,19.851104052205265,2,-94
2.4,19.845662803036785,2,-92
2.4,25.425668763937356,2,-94
2.4,25.49083427614477,2,-94
2.4,25.56181981186462,2,-95
2.4,25.662124465730656,2,-95
2.4,23.43252935756791,2,-99
2.4,23.50322173859786,2,-97
2.4,23.580191519452438,2,-97
2.4,23.688888367639244,2,-97
2.4,23.817670584985656,2,-98
2.4,23.96621438807782,2,-98
2.4,24.134154886710355,2,-98
2.4,24.293238402816595,2,-99
2.4,22.73521524184936,2,-96
2.4,22.808069012821683,2,-95
2.4,22.88737669751591,2,-95
2.4,22.999348079769817,2,-96
2.4,23.131969481538505,2,-97
2.4,23.28488806275963,2,-97
2.4,23.45770688058965,2,-97
2.4,23.62134653435364,2,-98
2.4,21.98496286311942,2,-96
2.4,22.038071424086937,2,-96
2.4,22.113222110166905,2,-95
2.4,22.195012775259492,2,-95
2.4,22.310459253326663,2,-96
2.4,22.44715109083481,2,-97
2.4,22.604702875622667,2,-98
2.4,22.782681845989966,2,-98
2.4,22.95113487599161,2,-99
2.4,21.341114593504596,2,-90
2.4,21.418710794385174,2,-90
2.4,21.033040961644932,2,-92
2.4,21.177979414822623,2,-92
2.4,19.43656276437102,2,-90
2.4,19.52956661305344,2,-90
2.4,19.66067069288606,2,-94
2.4,19.8156496763171,2,-95
2.4,19.993948386823032,2,-97
2.4,20.19494917288381,2,-98
2.4,20.384797573086615,2,-99
2.4,20.626147776454413,2,-94
2.4,20.88817780699294,2,-94
2.4,18.592217514122336,2,-94
2.4,18.65498732491809,2,-94
2.4,18.743706999771195,2,-91
2.4,18.840131424531766,2,-91
2.4,18.97599937010029,2,-92
2.4,19.136524033754505,2,-94
2.4,19.321090861928084,2,-97
2.4,19.52901820612849,2,-98
2.4,19.725276984003436,2,-99
2.4,18.151504953958145,2,-88
2.4,18.292488406282626,2,-93
2.4,18.45895804465684,2,-95
2.4,18.65023142201776,2,-98
2.4,18.865554115775023,2,-99
2.4,17.295744334729328,2,-97
2.4,16.597871914563605,2,-93
2.4,16.875110432037218,2,-93
2.4,17.026665912440656,2,-93
2.4,18.430446334701504,2,-92
2.4,15.9001865426855,2,-85
2.4,15.973538496294873,2,-92
2.4,16.986109975360982,2,-92
2.4,17.211389603847085,2,-92
2.4,15.302338778505186,2,-72
2.4,15.378542586752518,2,-82
2.4,15.486044430162856,2,-87
2.4,15.602614271119299,2,-90
2.4,15.766406441981408,2,-91
2.4,15.959247228305287,2,-90
2.4,16.180098024875722,2,-88
2.4,16.42782919606253,2,-87
2.4,16.660659413581506,2,-87
2.4,16.9551046029147,2,-87
2.4,17.27291440655561,2,-86
5,23.37604611770141,0,-88
5,23.202791472075187,0,-88
5,23.039087049974597,0,-87
5,22.885137799366845,0,-88
5,22.769135514897588,0,-86
5,22.633239540451843,0,-85
5,22.90947908829135,0,-87
5,22.732668829166553,0,-85
5,22.565554105677588,0,-86
5,22.40835183800818,0,-85
5,22.289868373225676,0,-84
5,22.15103230315527,0,-83
5,22.444351897455494,0,-83
5,22.263848097229644,0,-87
5,22.09318745894802,0,-84
5,21.932599756889744,0,-83
5,21.811532089600714,0,-83
5,21.669631563443428,0,-85
5,21.98075594916539,0,-86
5,21.796413285136424,0,-87
5,21.622063548518526,0,-88
5,21.45795032373492,0,-88
5,21.334189276736936,0,-86
5,21.189092290500298,0,-82
5,21.518790209877626,0,-88
5,21.330455506069885,0,-88
5,21.152265412861315,0,-87
5,20.98447836129912,0,-86
5,20.857908142850583,0,-86
5,20.709474452416572,0,-84
5,21.058561966494306,0,-85
5,20.866073710604557,0,-85
5,20.683883390120062,0,-86
5,20.51226540623406,0,-88
5,20.382763112383664,0,-87
5,20.230843583381546,0,-85
5,20.60018767139358,0,-87
5,20.495774981599183,0,-87
5,20.310263220747512,0,-86
5,20.135461059924875,0,-84
5,20.003519492717093,0,-83
5,19.848697491150766,0,-83
5,22.46031015135489,0,-81
5,22.32849148721646,0,-82
5,22.21210327939118,0,-81
5,22.111389194123074,0,-77
5,22.039590107206728,0,-74
5,21.96814812616956,0,-72
5,21.912907887657664,0,-62
5,21.85353912058508,0,-73
5,21.741830007951133,0,-83
5,21.622284155340456,0,-82
5,21.51880972762967,0,-78
5,21.445026744996873,0,-76
5,21.371597321989615,0,-73
5,21.31481109681519,0,-68
5,21.270703140584917,0,-82
5,21.155916716006214,0,-84
5,21.033040961644932,0,-78
5,20.926653150799723,0,-78
5,20.837005833216978,0,-78
5,20.775245175285423,0,-71
5,20.716824372786064,0,-72
5,20.688848496106196,0,-79
5,20.570815542766837,0,-83
5,20.444423496253936,0,-82
5,20.334956407472884,0,-78
5,20.242688855324158,0,-77
5,20.1791092988062,0,-75
5,20.118957529971805,0,-72
5,20.20478042678987,0,-84
5,20.083902810322826,0,-84
5,19.95442687962086,0,-78
5,19.842256728854657,0,-79
5,19.747687259358255,0,-75
5,19.682508785546684,0,-72
5,19.620834643122723,0,-76
5,19.6249533017212,0,-82
5,19.500481842622243,0,-84
5,19.367105929748053,0,-81
5,19.25151402081729,0,-80
5,19.15402809054448,0,-76
5,19.08682247240407,0,-70
5,19.023217185657934,0,-65
5,24.957491702728372,0,-61
5,24.15789544003542,0,-64
5,23.358326825601466,0,-59
5,22.458848859448093,0,-53
5,21.659349299816505,0,-52
5,20.859888113108145,0,-54
5,19.96054588660617,0,-55
5,19.161182429360647,0,-60
5,18.361874416604856,0,-59
5,17.46272865537021,0,-57
5,16.663565407529585,0,-61
5,15.864486505744377,0,-58
5,24.94558862990192,0,-57
5,24.145598192884364,0,-59
5,23.345308567078092,0,-55
5,22.44530891059443,0,-51
5,21.645309239923982,0,-55
5,20.845309594531507,0,-50
5,19.94531002746729,0,-53
5,19.14531044647007,0,-58
5,18.345310902016482,0,-54
5,17.445311464446966,0,-54
5,16.645312015444272,0,-59
5,15.845312622079195,0,-58
5,24.962259354729266,0,-56
5,24.162820863729827,0,-62
5,23.363420813156328,0,-60
5,22.464146814258186,0,-60
5,21.664842766391704,0,-56
5,20.86559206187075,0,-56
5,19.966506757375555,0,-56
5,19.16739189593233,0,-58
5,18.368354093172886,0,-52
5,17.469541839787933,0,-56
5,16.670705206800037,0,-50
5,15.871985763979207,0,-48
5,14.166789053656236,0,-51
5,13.368075107909998,0,-54
5,12.469719006082007,0,-54
5,11.671392894190978,0,-50
5,10.873312838804024,0,-55
5,9.975840420256347,0,-51
5,9.178502715059201,0,-46
5,8.381672392206577,0,-48
5,7.486046492655373,0,-48
5,6.690920122832625,0,-47
5,5.897112182251189,0,-43
5,5.006435067987529,0,-48
5,4.218046003768102,0,-44
5,3.4350301439482114,0,-46
5,2.6621329962572644,0,-51
5,1.8208273091321845,0,-45
5,1.1501878497055844,0,-46
5,0.8811651885313865,0,-44
5,1.226748584429366,0,-55
5,1.8741483637450487,0,-49
5,2.607671775599265,0,-45
5,3.468200122423294,0,-43
5,4.246873213212955,0,-41
5,5.032241259025097,0,-47
5,5.920465529749705,0,-49
5,6.712632277198209,0,-47
5,7.506460689886544,0,-45
5,8.400917336144426,0,-48
5,9.196897960109196,0,-56
5,9.993520505236853,0,-53
5,10.890312763576143,0,-46
5,11.687875430908655,0,-49
5,12.485749960990205,0,-43
5,13.283880159362166,0,-48
5,14.182028489895783,0,-54
5,14.980569151008394,0,-62
5,15.779257653263455,0,-67
5,16.677932488410942,0,-65
5,17.476869058499062,0,-66
5,18.27589866703826,0,-64
5,19.17490370478482,0,-65
5,19.974094524851417,0,-64
5,20.773347637962164,0,-65
5,21.672573268708728,0,-64
5,22.47193699011006,0,-68
5,23.27134444090856,0,-64
5,24.17072469098363,0,-64
5,24.970211294405466,0,-59
5,25.76972976356529,0,-56
5,26.6692225624802,0,-57
5,27.468799611323238,0,-55
5,28.26840059301128,0,-61
5,29.068023532515756,0,-60
5,29.967623397373526,0,-63
5,30.767287369651843,0,-68
5,14.145314139009814,0,-46
5,13.345314986586107,0,-51
5,12.445316070358345,0,-51
5,11.645317174343017,0,-48
5,10.845318441197438,0,-42
5,9.945320110026481,0,-47
5,9.145321869175842,0,-57
5,8.345323965596226,0,-49
5,7.445326862581294,0,-46
5,6.645330096436395,0,-47
5,5.845334215468966,0,-52
5,4.9453404423206395,0,-45
5,4.145348247177896,0,-45
5,3.3453597848825876,0,-47
5,2.4453817882346254,0,-48
5,1.6454215539363621,0,-44
5,0.8455365693375757,0,-40
5,0.04951858253173671,0,-43
5,0.8549339681728944,0,-45
5,1.654820863376046,0,-45
5,2.4547814749572767,0,-40
5,3.3547596172771232,0,-41
5,4.154748137931122,0,-45
5,4.954740365505633,0,-48
5,5.854734160445789,0,-51
5,6.654730053835363,0,-53
5,7.454726828620105,0,-49
5,8.354723938543293,0,-46
5,9.154721846631775,0,-58
5,9.954720090948104,0,-57
5,10.854994799122949,0,-54
5,11.654974564061261,0,-50
5,12.454956928421861,0,-54
5,13.254941421551912,0,-59
5,14.154926071466868,0,-59
5,14.954913977974638,0,-60
5,15.754903112636082,0,-60
5,16.654892136800825,0,-63
5,17.45488333070143,0,-64
5,18.254875296433212,0,-64
5,19.154867060051536,0,-60
5,19.954860362532635,0,-62
5,20.754854181325992,0,-61
5,21.654847773374556,0,-63
5,22.45484250864284,0,-65
5,23.254837606138697,0,-67
5,24.154832478984456,0,-64
5,24.954828231982106,0,-66
5,25.75482424882103,0,-62
5,26.654820053558417,0,-63
5,27.4548165553425,0,-64
5,28.25481325522144,0,-66
5,29.05481013683219,0,-64
5,29.95480682774112,0,-60
5,30.75480404891591,0,-64
5,14.175186492311393,0,-47
5,13.370468656396325,0,-51
5,12.472284958723339,0,-54
5,11.674134318720393,0,-54
5,10.876255425993545,0,-48
5,9.979047654529662,0,-53
5,9.181988460638726,0,-54
5,8.385489376967303,0,-49
5,7.490319892444609,0,-53
5,6.695701015657745,0,-48
5,5.90253607282573,0,-45
5,5.012822766758156,0,-43
5,4.2256256449024985,0,-52
5,3.4443333303828876,0,-50
5,2.5791262262065375,0,-46
5,1.838317733862989,0,-47
5,1.1776808101365837,0,-49
5,0.8212503214567135,0,-44
5,1.1844459001628798,0,-43
5,1.8467355225752942,0,-46
5,2.5880402025993,0,-42
5,3.453463781508379,0,-44
5,4.234847351454233,0,-42
5,5.022096383986243,0,-42
5,5.911845066471859,0,-46
5,6.705030357119677,0,-51
5,7.499663465104629,0,-52
5,8.394844375552482,0,-56
5,9.191350939316479,0,-55
5,9.98841589490559,0,-62
5,10.885628695189022,0,-61
5,11.683511119926722,0,-57
5,12.481664636152507,0,-63
5,13.379850974106557,0,-62
5,14.1784319333708,0,-58
5,14.977164354081102,0,-60
5,15.776025230998032,0,-62
5,16.674874275058457,0,-62
5,17.47395067204137,0,-59
5,18.273107893537542,0,-56
5,19.172243793796902,0,-66
5,19.971541054428236,0,-63
5,20.770892423982207,0,-61
5,21.666666381529524,0,-64
5,22.466240274875332,0,-67
5,23.265843463935695,0,-62
5,24.165428448266322,0,-56
5,24.965084660145013,0,-61
5,25.764762216797898,0,-63
5,26.664422590561692,0,-61
5,27.46413938371245,0,-62
5,28.263872206191316,0,-69
5,29.163589149620012,0,-60
5,29.96335181664032,0,-60
5,30.76312682559579,0,-68
5,7.509520097188542,1,-92
5,6.618258992363363,1,-89
5,5.729730542522776,1,-89
5,4.065192749399108,1,-88
5,3.1991017629464333,1,-88
5,1.6644014207923672,1,-89
5,1.0764256079523313,1,-89
5,1.0803481334160008,1,-89
5,1.5920653533395663,1,-85
5,2.367093595366294,1,-90
5,3.208051135680978,1,-89
5,3.977324740208277,1,-86
5,6.545788882215414,1,-88
5,5.645866814799544,1,-89
5,4.845960388858289,1,-90
5,0.4524290994089075,1,-86
5,0.46168397190269217,1,-89
5,1.2572478235577293,1,-86
5,2.1561846140255567,1,-88
5,3.055747386431088,1,-86
5,3.8555300659713767,1,-85
5,8.276676391593607,1,-89
5,7.480032893717234,1,-87
5,6.58478185599278,1,-87
5,5.691029088919819,1,-87
5,3.129257434392413,1,-91
5,2.2628990456094265,1,-87
5,1.525854544361572,1,-88
5,0.8465766890652945,1,-85
5,3.138405979180709,1,-86
5,3.9213660999817463,1,-88
5,4.808905498136342,1,-87
5,5.9361529704763205,1,-87
5,6.726472484803874,1,-87
5,6.655180845729139,1,-87
5,7.5551235654541005,1,-88
5,8.455078479186326,1,-90
5,6.693536590610139,1,-88
5,7.588932210117355,1,-87
5,8.485302121296362,1,-86
2.4,44.48453431135269,1,-91
2.4,43.684995797219536,1,-91
2.4,42.88547449554759,1,-85
2.4,41.986034829769096,1,-86
2.4,39.48772528970557,1,-85
2.4,38.688312362526574,1,-85
2.4,37.888924217581064,1,-87
2.4,36.989644177579244,1,-87
2.4,36.19031419163276,1,-87
2.4,35.39101448382442,1,-82
2.4,44.46334415146182,1,-84
2.4,42.86500352688882,1,-84
2.4,41.965125108576906,1,-84
2.4,41.165237643959806,1,-88
2.4,40.36535463970136,1,-89
2.4,39.465491929116766,1,-86
2.4,38.66561932922263,1,-86
2.4,37.86575211213332,1,-85
2.4,36.96590836210913,1,-85
2.4,36.16605377893784,1,-85
2.4,35.366205773961646,1,-86
2.4,44.45979732053737,1,-86
2.4,43.65980580222999,1,-87
2.4,42.85981460055106,1,-86
2.4,41.95982489968149,1,-86
2.4,39.459855973388954,1,-90
2.4,38.659866765753,1,-91
2.4,37.85987801421114,1,-91
2.4,36.95989125077709,1,-82
2.4,36.15990356976139,1,-89
2.4,35.359916446162835,1,-92
2.4,33.69261297551385,1,-84
2.4,32.89342235193746,1,-83
2.4,31.994381257359233,1,-79
2.4,31.19528004276342,1,-78
2.4,30.396226111996334,1,-83
2.4,29.49735174333331,1,-82
2.4,28.698411537489367,1,-83
2.4,27.89953206919924,1,-84
2.4,27.000871980337926,1,-80
2.4,26.20214022945018,1,-80
2.4,25.403488294109252,1,-81
2.4,24.505109988067115,1,-81
2.4,23.706654771022432,1,-76
2.4,22.908307343355048,1,-76
2.4,22.110079381196012,1,-80
2.4,21.212232514780467,1,-79
2.4,20.414305600884,1,-78
2.4,19.6244327940954,1,-70
2.4,18.727561520611477,1,-71
2.4,17.930605829515684,1,-76
2.4,17.133933883339107,1,-78
2.4,16.238069107407956,1,-72
2.4,15.442148595390824,1,-78
2.4,14.646672596439949,1,-80
2.4,13.752389471129213,1,-78
2.4,12.958135709692185,1,-71
2.4,12.164635053135541,1,-73
2.4,11.273045018729174,1,-67
2.4,10.481727381470517,1,-67
2.4,9.691835419807896,1,-69
2.4,8.805388794537334,1,-68
2.4,8.019971117662317,1,-62
2.4,7.237748381458966,1,-69
2.4,6.45988130993797,1,-70
2.4,5.592250401833483,1,-67
2.4,4.8309760361629674,1,-65
2.4,4.084531107380001,1,-67
2.4,3.275147689108957,1,-62
2.4,2.6060808296462774,1,-59
2.4,2.033893359009732,1,-74
2.4,1.6370461857091052,1,-70
2.4,1.6567996617934242,1,-63
2.4,2.022387209337739,1,-60
2.4,2.6708141161102397,1,-63
2.4,3.3463880450401713,1,-50
2.4,4.067355142246849,1,-58
2.4,4.907807644099624,1,-60
2.4,5.670241685912229,1,-57
2.4,6.441793669610258,1,-66
2.4,7.317096671505147,1,-64
2.4,8.099689414127292,1,-67
2.4,8.885383138081314,1,-76
2.4,9.673422270100382,1,-64
2.4,10.562116096407703,1,-60
2.4,11.35356161471671,1,-67
2.4,33.666552745561766,1,-80
2.4,32.866728444961886,1,-83
2.4,31.966936617279856,1,-82
2.4,31.167131751227316,1,-85
2.4,30.367337165176927,1,-86
2.4,26.968346118190595,1,-85
2.4,26.16862161550928,1,-81
2.4,25.368914485268657,1,-80
2.4,23.669602554423438,1,-80
2.4,22.86996174001047,1,-78
2.4,21.970397083527274,1,-80
2.4,21.170815121601663,1,-84
2.4,20.371265984670952,1,-78
2.4,19.571753695655023,1,-77
2.4,18.672352308739963,1,-78
2.4,17.87293500371108,1,-76
2.4,17.073572284441678,1,-74
2.4,16.1743645491987,1,-73
2.4,15.375146616391982,1,-75
2.4,14.576014488903471,1,-71
2.4,13.677112136669956,1,-73
2.4,12.878216542061201,1,-72
2.4,12.079467132675717,1,-73
2.4,11.18108779268429,1,-77
2.4,10.38276404108693,1,-71
2.4,9.584719820530065,1,-70
2.4,8.695945979299298,1,-75
2.4,7.899654510171047,1,-78
2.4,7.104196385604769,1,-68
2.4,6.309886781108983,1,-64
2.4,5.418290247738187,1,-74
2.4,4.628491559234914,1,-65
2.4,3.8429154322054613,1,-65
2.4,2.968366055156226,1,-65
2.4,2.2082259718103634,1,-63
2.4,1.490411637015722,1,-62
2.4,0.8743711260515892,1,-61
2.4,0.9108181878107168,1,-60
2.4,1.4746710400699137,1,-62
2.4,2.2842619584324635,1,-62
2.4,3.0467880792591684,1,-73
2.4,3.8246545602302278,1,-68
2.4,4.708628305930582,1,-73
2.4,5.4987494422445495,1,-72
2.4,6.291367922301062,1,-67
2.4,7.185019718280507,1,-74
2.4,7.9805747447946205,1,-74
2.4,8.77693785795637,1,-77
2.4,9.573907408555925,1,-75
2.4,10.471050619967544,1,-70
2.4,11.268893734129216,1,-65
2.4,33.6599458407632,1,-84
2.4,32.85949548192721,1,-83
2.4,31.959500017132868,1,-86
2.4,31.15950426836553,1,-86
2.4,30.359508743645108,1,-86
2.4,29.459514068867204,1,-91
2.4,28.659519083176516,1,-81
2.4,27.859524385461658,1,-84
2.4,26.95953072667352,1,-89
2.4,26.159536729606426,1,-90
2.4,25.35954311127868,1,-84
2.4,24.459550789642943,1,-85
2.4,23.659558105262587,1,-79
2.4,22.859565932918997,1,-82
2.4,21.959575420754195,1,-85
2.4,21.159584531955385,1,-75
2.4,20.35959435917474,1,-73
2.4,19.55960499026793,1,-80
2.4,18.659618039864444,1,-81
2.4,17.859630743629857,1,-84
2.4,17.05964463885409,1,-87
2.4,16.159661915470373,1,-78
2.4,15.359678972149053,1,-83
2.4,14.559697903207056,1,-86
2.4,13.659721851156876,1,-78
2.4,12.859745952239756,1,-74
2.4,12.05977325082528,1,-76
2.4,11.159808639920383,1,-75
2.4,10.35984525872929,1,-79
2.4,9.559888006142641,1,-74
2.4,8.659945537260072,1,-71
2.4,7.860007736222959,1,-71
2.4,7.060084030566412,1,-70
2.4,6.160193547038895,1,-70
2.4,5.36032176666231,1,-68
2.4,4.560494967361312,1,-68
2.4,3.7607418486918105,1,-59
2.4,2.8611845922314663,1,-65
2.4,2.0619025621975524,1,-61
2.4,1.2635296123047104,1,-70
2.4,0.373771453553815,1,-68
2.4,0.4525151982705175,1,-66
2.4,1.244923656229525,1,-64
2.4,2.1406675002600757,1,-65
2.4,2.940666973977805,1,-70
2.4,3.740666672802842,1,-69
2.4,4.640666458100465,1,-67
2.4,5.440666326886143,1,-69
2.4,6.240666229312924,1,-67
2.4,7.140666145676305,1,-64
2.4,7.94066608724871,1,-64
2.4,8.740666039516425,1,-61
2.4,9.640665995286668,1,-75
2.4,10.440665962372837,1,-74
2.4,11.24066593414397,1,-72
2.4,37.39786214168335,0,-60
2.4,36.49881218322966,0,-60
2.4,35.599810235519435,0,-61
2.4,34.70086003002397,0,-65
2.4,37.367837414035236,0,-61
2.4,36.4680472608569,0,-59
2.4,35.56826772614058,0,-66
2.4,34.6684996366548,0,-58
2.4,37.35947608352117,0,-60
2.4,36.45947958012445,0,-66
2.4,35.559483253723364,0,-72
2.4,34.65948711810596,0,-71
2.4,33.90183994606324,0,-60
2.4,33.00299910230599,0,-58
2.4,32.2040838194783,0,-63
2.4,31.305370348716608,0,-51
2.4,30.406732982821843,0,-54
2.4,29.608013705647327,0,-55
2.4,28.709539766637164,0,-51
2.4,27.811164514101915,0,-53
2.4,27.012699541800995,0,-58
2.4,26.114538758207786,0,-55
2.4,25.216509127400194,0,-55
2.4,24.41838236815517,0,-55
2.4,23.520641902289835,0,-56
2.4,22.623080990750868,0,-58
2.4,21.725721887486127,0,-51
2.4,20.928259756548513,0,-56
2.4,20.031356780205602,0,-53
2.4,19.13474464094595,0,-51
2.4,18.33803471965804,0,-49
2.4,17.442096072367697,0,-48
2.4,16.54659824302341,0,-55
2.4,15.751031024069485,0,-52
2.4,14.856586968059666,0,-48
2.4,33.86871612508966,0,-53
2.4,32.968972231178654,0,-57
2.4,32.16921190961014,0,-59
2.4,31.26949620482754,0,-60
2.4,30.369797347398368,0,-56
2.4,29.570080416313022,0,-56
2.4,28.67041774801232,0,-60
2.4,27.770776940227304,0,-59
2.4,26.97111634265506,0,-59
2.4,26.07152306228686,0,-56
2.4,25.171958859128868,0,-57
2.4,24.372373247405562,0,-52
2.4,23.47287318862289,0,-58
2.4,22.573412984028185,0,-55
2.4,21.673997595409407,0,-50
2.4,20.874559556335242,0,-57
2.4,19.97524554765993,0,-50
2.4,19.07599624417107,0,-52
2.4,18.276725571414666,0,-57
2.4,17.377626294494988,0,-49
2.4,16.478625356790065,0,-48
2.4,15.679609642928565,0,-52
2.4,14.780844244255444,0,-51
2.4,33.85933455657149,0,-63
2.4,32.959334559911206,0,-70
2.4,32.159334563036765,0,-57
2.4,31.25933456674425,0,-56
2.4,30.359334570671553,0,-56
2.4,29.559334574363255,0,-55
2.4,28.659334578762778,0,-56
2.4,27.759334583447576,0,-54
2.4,26.959334587874434,0,-60
2.4,26.059334593179535,0,-56
2.4,25.15933459886418,0,-55
2.4,24.359334604269847,0,-54
2.4,23.459334610791913,0,-53
2.4,22.55933461783437,0,-57
2.4,21.659334625462087,0,-57
2.4,20.85933463279486,0,-59
2.4,19.959334641746853,0,-57
2.4,19.059334651544287,0,-48
2.4,18.25933466106393,0,-47
2.4,17.35933467282233,0,-48
2.4,16.459334685866633,0,-49
2.4,15.659334698720327,0,-49
2.4,14.759334714846307,0,-65
2.4,13.764361248678945,0,-51
2.4,12.970840585301662,0,-52
2.4,12.07915160545763,0,-48
2.4,11.188793568832633,0,-43
2.4,10.39875792732596,0,-40
2.4,9.51195902269587,0,-48
2.4,8.725962947126206,0,-41
2.4,7.84510212635503,0,-53
2.4,7.066165316358961,0,-56
2.4,6.196280359734797,0,-51
2.4,5.431294063260543,0,-46
2.4,4.584992172286674,0,-42
2.4,3.8532088089155216,0,-38
2.4,3.0708982632814483,0,-38
2.4,2.373523575140097,0,-36
2.4,1.9022825938645165,0,-39
2.4,1.69760922630644,0,-30
2.4,1.8939223823628124,0,-33
2.4,2.43107795200723,0,-36
2.4,3.055356757223243,0,-37
2.4,3.8364570807231186,0,-46
2.4,4.567654522553633,0,-44
2.4,13.682573618203325,0,-44
2.4,12.884016676593049,0,-44
2.4,11.985870170373474,0,-45
2.4,11.0880242495843,0,-46
2.4,10.290254936810046,0,-44
2.4,9.393218015295098,0,-53
2.4,8.596371885164025,0,-57
2.4,7.700701760642288,0,-49
2.4,6.9054958193842495,0,-41
2.4,6.012409710744453,0,-43
2.4,5.220549342265452,0,-38
2.4,4.333282064826739,0,-35
2.4,3.5499856842701756,0,-43
2.4,2.6805962726311523,0,-40
2.4,1.8408678375062237,0,-37
2.4,1.172117443065722,0,-34
2.4,0.798158705183225,0,-35
2.4,1.1584999887068812,0,-33
2.4,1.91450260959725,0,-34
2.4,2.66277771271444,0,-39
2.4,3.531796025487538,0,-41
2.4,4.314933147897389,0,-36
2.4,13.659334737441704,0,-51
2.4,12.859334756302745,0,-50
2.4,11.959334780537613,0,-47
2.4,11.059334808716912,0,-47
2.4,10.259334837915736,0,-50
2.4,9.359334876730951,0,-50
2.4,8.559334918086012,0,-45
2.4,7.659334974936613,0,-41
2.4,6.859335037994671,0,-50
2.4,5.959335129171896,0,-52
2.4,5.1593352369230905,0,-45
2.4,4.259335406524954,0,-46
2.4,3.459335631367849,0,-40
2.4,2.5593360523331117,0,-34
2.4,1.6593369299490828,0,-38
2.4,0.8593392533027531,0,-40
2.4,0.04076727348951941,0,-44
2.4,0.8406704917872702,0,-39
2.4,1.7406679448081668,0,-41
2.4,2.540667195690288,0,-44
2.4,3.440666769330848,0,-46
2.4,4.240666542272769,0,-49
2.4,7.340666129875494,0,-46
2.4,7.3838184280474595,0,-43
2.4,7.5342945485927375,0,-48
2.4,8.413607571266617,0,-50
2.4,8.279128734153971,0,-47
2.4,8.240666068263048,0,-49
2.4,5.540666313148591,0,-48
2.4,5.597711902351853,0,-44
2.4,5.794756104299179,0,-42
2.4,6.660510215188722,0,-43
2.4,6.489805587230817,0,-47
2.4,6.440666208707011,0,-50
2.4,11.040665940817675,0,-54
2.4,11.069403767358178,0,-59
2.4,11.170341066027682,0,-54
2.4,12.060668204942257,0,-54
2.4,11.9672426975943,0,-53
2.4,11.94066591254659,0,-49
2.4,9.140666018783472,0,-48
2.4,9.175356702331245,0,-50
2.4,9.296880680184934,0,-53
2.4,10.281698376876433,0,-50
2.4,10.17194680218504,0,-56
2.4,10.140665974106952,0,-55
2.4,34.0184909161554,0,-62
2.4,33.23917551801972,0,-85
2.4,32.558097624243175,0,-87
2.4,31.877839523747156,0,-79
2.4,31.101474524641922,0,-84
2.4,30.423159753697146,0,-82
2.4,29.649177295570137,0,-83
2.4,28.97310211379132,0,-83
2.4,33.84881576753425,0,-85
2.4,33.06550156537247,0,-86
2.4,32.38077092290542,0,-80
2.4,31.69670735823682,0,-83
2.4,30.915794058359207,0,-85
2.4,30.233313646553956,0,-86
2.4,28.773690252522478,0,-81
2.4,33.69728377060091,0,-88
2.4,32.91036308553246,0,-84
2.4,32.22233589008725,0,-85
2.4,31.53483569016386,0,-84
2.4,30.749811819112104,0,-86
2.4,30.063563639442908,0,-89
2.4,29.280077247302607,0,-91
2.4,28.595276802297878,0,-86
2.4,33.56414065886882,0,-83
2.4,32.77402329701841,0,-83
2.4,32.08307240376976,0,-83
2.4,31.392522464076702,0,-82
2.4,30.60384831296114,0,-84
2.4,29.91425184347357,0,-87
2.4,29.1267493596511,0,-88
2.4,28.438256979849577,0,-84
2.4,33.44960601890939,0,-74
2.4,32.656717650820845,0,-86
2.4,31.963231055659268,0,-81
2.4,31.27003471871255,0,-80
2.4,30.478191157197344,0,-82
2.4,29.785685622571958,0,-84
2.4,28.994691460884074,0,-85
2.4,28.30298685128287,0,-81
2.4,33.3648043886173,0,-83
2.4,32.56985165449592,0,-79
2.4,31.874475189215243,0,-78
2.4,31.17930564300503,0,-82
2.4,30.385097750132374,0,-84
2.4,29.69042096496994,0,-81
2.4,28.896819236419443,0,-82
2.4,28.202714297994937,0,-78
2.4,33.28565421533163,0,-83
2.4,32.488764849526035,0,-79
2.4,31.791614825922668,0,-78
2.4,31.094592858435266,0,-76
2.4,30.29816446481581,0,-73
2.4,29.601447628942992,0,-72
2.4,28.805394748800595,0,-77
2.4,28.109032328172667,0,-77
2.4,33.22558323332417,0,-74
2.4,32.427217674350764,0,-76
2.4,31.728715352055367,0,-74
2.4,31.030280528602724,0,-71
2.4,30.232157954551564,0,-72
2.4,29.533884038185406,0,-72
2.4,28.73595955046841,0,-78
2.4,28.037872656073322,0,-71
2.4,28.36794000904103,0,-85
2.4,27.597193430885774,0,-84
2.4,26.73215822338416,0,-85
2.4,25.86950871776204,0,-85
2.4,28.143475275629513,0,-80
2.4,27.366407610337603,0,-86
2.4,26.493838217847266,0,-82
2.4,25.623166500879343,0,-82
2.4,27.946205123833693,0,-76
2.4,27.16349472598404,0,-79
2.4,26.284189996020103,0,-79
2.4,25.406334677894886,0,-84
2.4,27.776708967349023,0,-73
2.4,26.98908345909475,0,-77
2.4,26.103904381917705,0,-77
2.4,25.21977442402337,0,-78
2.4,27.635497847699916,0,-74
2.4,26.843729364516413,0,-78
2.4,25.953593281349722,0,-76
2.4,25.064161710139885,0,-82
2.4,27.523007130828667,0,-78
2.4,26.727906510402565,0,-78
2.4,25.833779910170723,0,-82
2.4,24.940075831189073,0,-82
2.4,27.439590043531346,0,-76
2.4,26.642000049963194,0,-81
2.4,25.744890069304226,0,-80
2.4,24.847989107750355,0,-77
2.4,25.200365336446886,0,-85
2.4,24.34258842253047,0,-83
2.4,23.582762264287204,0,-84
2.4,22.82568160907934,0,-84
2.4,21.977600845801696,0,-76
2.4,21.22734095082466,0,-79
2.4,20.480846387484377,0,-82
2.4,19.64607509824933,0,-77
2.4,18.909080667003,0,-83
2.4,18.17741446345989,0,-84
2.4,17.36149747558434,0,-82
2.4,24.108218842557456,0,-80
2.4,23.340764354789595,0,-77
2.4,22.57556966215893,0,-78
2.4,21.717724180708053,0,-78
2.4,20.95816329009977,0,-72
2.4,20.201724515487772,0,-77
2.4,19.354918532971933,0,-78
2.4,18.606395038350513,0,-79
2.4,17.86233470821574,0,-81
2.4,17.031329931824153,0,-82
2.4,24.747892798695826,0,-78
2.4,23.873864286999318,0,-84
2.4,23.098624653845423,0,-79
2.4,22.325132156482518,0,-76
2.4,21.4572767103081,0,-77
2.4,20.688155759465477,0,-77
2.4,19.92146715563587,0,-77
2.4,19.06221528709083,0,-77
2.4,18.301724414835164,0,-79
2.4,17.544747973731276,0,-80
2.4,16.697945367022506,0,-79
2.4,23.671429534936845,0,-81
2.4,22.889334659020882,0,-77
2.4,22.10852111828896,0,-75
2.4,21.231813489576187,0,-76
2.4,20.454216410347367,0,-76
2.4,19.67841543078349,0,-77
2.4,18.80806294876797,0,-77
2.4,18.036859393752355,0,-78
2.4,17.26827616455003,0,-79
2.4,16.407210601241378,0,-78
2.4,24.405695705328455,0,-79
2.4,23.51895365188274,0,-79
2.4,22.731613356393837,0,-73
2.4,21.945188782276556,0,-74
2.4,21.06168342531236,0,-79
2.4,20.277563305615683,0,-79
2.4,19.49473360983488,0,-79
2.4,18.61579535063561,0,-78
2.4,17.83628048226201,0,-77
2.4,17.05866250170554,0,-76
2.4,16.186450023566483,0,-79
2.4,24.27082946861328,0,-73
2.4,23.37897262740233,0,-70
2.4,22.586753330613977,0,-70
2.4,21.795102452688212,0,-68
2.4,20.90525505564322,0,-74
2.4,20.11503800261562,0,-77
2.4,19.325625960155723,0,-77
2.4,18.43862838635687,0,-70
2.4,17.651291218359624,0,-79
2.4,16.86514591044245,0,-74
2.4,15.982376062364269,0,-73
2.4,24.15055888568436,0,-71
2.4,23.254089801779568,0,-72
2.4,22.457465516268808,0,-66
2.4,21.661090053817162,0,-71
2.4,20.765500724468396,0,-68
2.4,19.969754260958535,0,-68
2.4,19.174361792462502,0,-72
2.4,18.280025934515695,0,-70
2.4,17.48554869232706,0,-69
2.4,16.69159902396756,0,-64
2.4,15.79913529264293,0,-66
2.4,44.95934415361241,1,-95
2.4,44.923335586440025,1,-95
2.4,42.177918927256044,1,-93
2.4,42.064128115350506,1,-93
2.4,41.7913024601523,1,-93
2.4,41.723458514202406,1,-93
2.4,41.37266979416059,1,-93
2.4,41.28269927446114,1,-93
2.4,41.188533458427855,1,-92
2.4,41.09525390003034,1,-92
2.4,40.9691097199931,1,-93
2.4,40.92959082055157,1,-93
2.4,40.928433631740674,1,-92
2.4,40.79915083207294,1,-92
2.4,40.494224529530854,1,-94
2.4,40.399341886966255,1,-94
2.4,39.9964622167574,1,-94
2.4,39.89926088196295,1,-95
2.4,39.80295998514265,1,-94
2.4,39.73172098776121,1,-93
2.4,39.672707012753,1,-87
2.4,39.63189542790866,1,-87
2.4,39.39873688533153,1,-94
2.4,39.30424813742822,1,-93
2.4,39.20533064162278,1,-93
2.4,38.974743277047615,1,-91
2.4,38.933200061139516,1,-89
2.4,39.213354608183586,1,-89
2.4,38.5111847915612,1,-91
2.4,38.43755173161022,1,-91
2.4,38.37654768462959,1,-95
2.4,38.33435620536224,1,-95
2.4,41.276697775658896,1,-86
2.4,41.26365510654661,1,-88
2.4,41.25946269430162,1,-86
2.4,40.69903100140123,1,-88
2.4,40.676953892123784,1,-93
2.4,40.663718858841605,1,-90
2.4,40.659464586998034,1,-88
2.4,40.099624974953315,1,-88
2.4,40.07721767564267,1,-88
2.4,40.0637845205591,1,-90
2.4,40.05946653639098,1,-89
2.4,39.4003407970531,1,-89
2.4,39.37753558074543,1,-84
2.4,39.36386365566544,1,-84
2.4,39.35946888579996,1,-85
2.4,38.800974905314,1,-87
2.4,38.77781720380549,1,-93
2.4,38.763933760400256,1,-90
2.4,38.759470967121516,1,-92
2.4,38.2016289218364,1,-91
2.4,38.17810767665984,1,-90
2.4,38.16400606932636,1,-90
2.4,38.15947311389423,1,-92
2.4,44.89531750306322,1,-91
2.4,43.459334529554724,1,-86
2.4,42.896995185721224,1,-86
2.4,42.15933453249298,1,-93
2.4,44.86338537891048,1,-92
2.4,44.878250597890684,1,-94
2.4,44.90402438309414,1,-92
2.4,45.10517649336681,1,-93
2.4,45.18352548848094,1,-93
2.4,44.20473207236461,1,-91
2.4,44.2359784686457,1,-91
2.4,44.488626719199075,1,-92
2.4,44.565472743472384,1,-92
2.4,43.50546252347592,1,-92
2.4,43.79389043179724,1,-91
2.4,43.87195337161553,1,-91
2.4,42.86357439504519,1,-92
2.4,42.87913290856067,1,-97
2.4,42.90610758459042,1,-97
2.4,42.93829900624143,1,-98
2.4,42.98641123215371,1,-99
2.4,43.045854384484784,1,-97
2.4,43.11658159873884,1,-94
2.4,43.19853745013993,1,-92
2.4,43.2776742827071,1,-93
2.4,42.179461480465086,1,-97
2.4,42.20688332313196,1,-98
2.4,42.239607637162315,1,-99
2.4,42.28851478134291,1,-99
2.4,42.34893754844737,1,-97
2.4,42.4208267311321,1,-94
2.4,42.504124148406696,1,-92
2.4,42.5845514607365,1,-93
2.4,42.688851614707936,1,-91
2.4,41.4637175552751,1,-94
2.4,41.47980113951929,1,-97
2.4,41.507685211831586,1,-98
2.4,41.54096032993759,1,-99
2.4,41.590689032569365,1,-98
2.4,41.65212411479543,1,-97
2.4,41.7252138681728,1,-95
2.4,41.80989717058865,1,-94
2.4,41.891657342532326,1,-95
2.4,40.76379282274474,1,-90
2.4,40.78015245638609,1,-90
2.4,41.02975023244459,1,-84
2.4,41.306802294133185,1,-91
2.4,41.42615049503205,1,-89
2.4,40.20924846494162,1,-92
2.4,40.24359720010571,1,-92
2.4,40.29492703399267,1,-92
2.4,40.83594915654495,1,-93
2.4,39.463939688867406,1,-92
2.4,39.480837944970226,1,-91
2.4,39.51013280042776,1,-92
2.4,39.54508878984069,1,-90
2.4,39.59732410740429,1,-92
2.4,39.66184697586911,1,-92
2.4,38.764022850558106,1,-92
2.4,38.781226084653746,1,-91
2.4,38.811049015705116,1,-91
2.4,38.84663407797915,1,-92
2.4,38.89980730362103,1,-91
2.4,38.965485205875275,1,-94
2.4,39.04360467989248,1,-96
2.4,39.134091218145834,1,-98
2.4,39.22142971589772,1,-99
2.4,39.33464856878147,1,-91
2.4,39.45996207676813,1,-91
2.4,38.064109070758754,1,-93
2.4,38.081628489614985,1,-93
2.4,38.11199886507519,1,-90
2.4,38.14823601400776,1,-89
2.4,38.2023813400536,1,-91
2.4,38.26925618719696,1,-92
2.4,38.34879396006802,1,-94
2.4,38.440916056490984,1,-95
2.4,38.529825859340875,1,-96
2.4,37.36419852134722,1,-94
2.4,37.382045960769496,1,-94
2.4,37.41298423386618,1,-94
2.4,37.50505128436572,1,-92
2.4,37.57316729946172,1,-92
2.4,37.654175465461684,1,-92
2.4,37.7479927817919,1,-92
2.4,37.83853079260821,1,-94
2.4,36.76427790425818,1,-90
2.4,36.78241643628057,1,-91
2.4,36.81385863995243,1,-91
2.4,36.90742026370555,1,-90
2.4,36.97663721314068,1,-92
2.4,37.058949373432824,1,-93
2.4,37.246250968681935,1,-90
2.4,37.365455173093736,1,-90
2.4,36.06437385583664,1,-88
2.4,36.08286422505828,1,-88
2.4,36.114915474834326,1,-90
2.4,36.153154402394456,1,-91
2.4,36.280830081246044,1,-91
2.4,36.36471724700585,1,-91
2.4,36.46185252459235,1,-94
2.4,36.555576086475064,1,-94
2.4,35.36447360566223,1,-86
2.4,35.416014055035255,1,-92
2.4,35.45500676964257,1,-92
2.4,34.76456230250082,1,-80
2.4,34.78374363341155,1,-86
2.4,34.8169908266831,1,-89
2.4,34.85665365054829,1,-91
2.4,34.91590372286988,1,-94
2.4,34.98906060263916,1,-96
2.4,35.07603727511978,1,-97
2.4,35.17673122955044,1,-97
2.4,35.27386955644327,1,-97
2.4,35.3997161366502,1,-95
2.4,35.53890729363875,1,-91
5,33.69261297551385,1,-90
5,32.89342235193746,1,-87
5,31.994381257359233,1,-88
5,31.19528004276342,1,-89
5,23.706654771022432,1,-87
5,22.908307343355048,1,-90
5,22.110079381196012,1,-88
5,21.212232514780467,1,-87
5,19.6244327940954,1,-90
5,18.727561520611477,1,-90
5,16.238069107407956,1,-90
5,15.442148595390824,1,-90
5,12.164635053135541,1,-87
5,11.273045018729174,1,-87
5,10.481727381470517,1,-89
5,9.691835419807896,1,-89
5,8.805388794537334,1,-90
5,8.019971117662317,1,-90
5,7.237748381458966,1,-84
5,6.45988130993797,1,-87
5,5.592250401833483,1,-88
5,4.8309760361629674,1,-86
5,4.084531107380001,1,-89
5,3.275147689108957,1,-90
5,2.6060808296462774,1,-89
5,2.033893359009732,1,-88
5,1.6370461857091052,1,-84
5,1.6567996617934242,1,-81
5,2.022387209337739,1,-79
5,2.6708141161102397,1,-81
5,3.3463880450401713,1,-76
5,4.067355142246849,1,-80
5,4.907807644099624,1,-78
5,5.670241685912229,1,-83
5,6.441793669610258,1,-86
5,7.317096671505147,1,-87
5,8.099689414127292,1,-86
5,8.885383138081314,1,-84
5,9.673422270100382,1,-83
5,11.35356161471671,1,-88
5,25.368914485268657,1,-89
5,24.469266850054883,1,-89
5,22.86996174001047,1,-90
5,21.970397083527274,1,-90
5,14.576014488903471,1,-88
5,11.18108779268429,1,-89
5,10.38276404108693,1,-91
5,9.584719820530065,1,-89
5,8.695945979299298,1,-88
5,7.899654510171047,1,-91
5,7.104196385604769,1,-90
5,6.309886781108983,1,-89
5,3.8429154322054613,1,-89
5,2.968366055156226,1,-85
5,2.2082259718103634,1,-86
5,1.490411637015722,1,-85
5,0.8743711260515892,1,-84
5,0.9108181878107168,1,-85
5,1.4746710400699137,1,-85
5,2.2842619584324635,1,-85
5,3.0467880792591684,1,-82
5,3.8246545602302278,1,-83
5,4.708628305930582,1,-85
5,5.4987494422445495,1,-80
5,6.291367922301062,1,-80
5,7.185019718280507,1,-83
5,7.9805747447946205,1,-88
5,8.77693785795637,1,-85
5,9.573907408555925,1,-87
5,10.471050619967544,1,-88
5,11.268893734129216,1,-83
5,31.959500017132868,1,-90
5,31.15950426836553,1,-90
5,14.559697903207056,1,-91
5,13.659721851156876,1,-90
5,12.859745952239756,1,-89
5,12.05977325082528,1,-88
5,10.35984525872929,1,-90
5,9.559888006142641,1,-90
5,8.659945537260072,1,-86
5,7.860007736222959,1,-86
5,7.060084030566412,1,-88
5,6.160193547038895,1,-89
5,5.36032176666231,1,-87
5,4.560494967361312,1,-88
5,3.7607418486918105,1,-84
5,2.8611845922314663,1,-85
5,2.0619025621975524,1,-86
5,1.2635296123047104,1,-85
5,0.373771453553815,1,-84
5,0.4525151982705175,1,-82
5,1.244923656229525,1,-85
5,2.1406675002600757,1,-86
5,2.940666973977805,1,-80
5,3.740666672802842,1,-80
5,4.640666458100465,1,-78
5,5.440666326886143,1,-82
5,6.240666229312924,1,-85
5,7.140666145676305,1,-84
5,7.94066608724871,1,-83
5,8.740666039516425,1,-84
5,9.640665995286668,1,-86
5,10.440665962372837,1,-86
5,11.24066593414397,1,-88
5,37.39786214168335,0,-66
5,36.49881218322966,0,-61
5,35.599810235519435,0,-59
5,34.70086003002397,0,-65
5,37.367837414035236,0,-65
5,36.4680472608569,0,-57
5,35.56826772614058,0,-51
5,34.6684996366548,0,-54
5,37.35947608352117,0,-66
5,36.45947958012445,0,-64
5,35.559483253723364,0,-60
5,34.65948711810596,0,-66
5,33.90183994606324,0,-57
5,33.00299910230599,0,-57
5,32.2040838194783,0,-55
5,31.305370348716608,0,-51
5,30.406732982821843,0,-52
5,29.608013705647327,0,-61
5,28.709539766637164,0,-52
5,27.811164514101915,0,-50
5,27.012699541800995,0,-48
5,26.114538758207786,0,-45
5,25.216509127400194,0,-54
5,24.41838236815517,0,-54
5,23.520641902289835,0,-51
5,22.623080990750868,0,-50
5,21.725721887486127,0,-50
5,20.928259756548513,0,-48
5,20.031356780205602,0,-51
5,19.13474464094595,0,-53
5,18.33803471965804,0,-50
5,17.442096072367697,0,-49
5,16.54659824302341,0,-49
5,15.751031024069485,0,-51
5,14.856586968059666,0,-53
5,33.86871612508966,0,-51
5,32.968972231178654,0,-51
5,32.16921190961014,0,-58
5,31.26949620482754,0,-55
5,30.369797347398368,0,-53
5,29.570080416313022,0,-58
5,28.67041774801232,0,-60
5,27.770776940227304,0,-59
5,26.97111634265506,0,-56
5,26.07152306228686,0,-55
5,25.171958859128868,0,-56
5,24.372373247405562,0,-63
5,23.47287318862289,0,-57
5,22.573412984028185,0,-55
5,21.673997595409407,0,-54
5,20.874559556335242,0,-53
5,19.97524554765993,0,-52
5,19.07599624417107,0,-51
5,18.276725571414666,0,-48
5,17.377626294494988,0,-48
5,16.478625356790065,0,-49
5,15.679609642928565,0,-51
5,14.780844244255444,0,-50
5,33.85933455657149,0,-60
5,32.959334559911206,0,-65
5,32.159334563036765,0,-63
5,31.25933456674425,0,-60
5,30.359334570671553,0,-62
5,29.559334574363255,0,-57
5,28.659334578762778,0,-63
5,27.759334583447576,0,-64
5,26.959334587874434,0,-61
5,26.059334593179535,0,-58
5,25.15933459886418,0,-55
5,24.359334604269847,0,-56
5,23.459334610791913,0,-58
5,22.55933461783437,0,-54
5,21.659334625462087,0,-58
5,20.85933463279486,0,-57
5,19.959334641746853,0,-55
5,19.059334651544287,0,-58
5,18.25933466106393,0,-53
5,17.35933467282233,0,-54
5,16.459334685866633,0,-51
5,15.659334698720327,0,-57
5,14.759334714846307,0,-54
5,13.764361248678945,0,-51
5,12.970840585301662,0,-48
5,12.07915160545763,0,-46
5,11.188793568832633,0,-50
5,10.39875792732596,0,-57
5,9.51195902269587,0,-52
5,8.725962947126206,0,-50
5,7.84510212635503,0,-47
5,7.066165316358961,0,-45
5,6.196280359734797,0,-45
5,5.431294063260543,0,-47
5,4.584992172286674,0,-48
5,3.8532088089155216,0,-48
5,3.0708982632814483,0,-56
5,2.373523575140097,0,-53
5,1.9022825938645165,0,-50
5,1.69760922630644,0,-42
5,1.8939223823628124,0,-46
5,2.43107795200723,0,-44
5,3.055356757223243,0,-59
5,3.8364570807231186,0,-57
5,4.567654522553633,0,-55
5,13.682573618203325,0,-52
5,12.884016676593049,0,-49
5,11.985870170373474,0,-47
5,11.0880242495843,0,-46
5,10.290254936810046,0,-49
5,9.393218015295098,0,-48
5,8.596371885164025,0,-45
5,7.700701760642288,0,-51
5,6.9054958193842495,0,-50
5,6.012409710744453,0,-45
5,5.220549342265452,0,-46
5,4.333282064826739,0,-44
5,3.5499856842701756,0,-46
5,2.6805962726311523,0,-51
5,1.8408678375062237,0,-54
5,1.172117443065722,0,-51
5,0.798158705183225,0,-42
5,1.1584999887068812,0,-39
5,1.91450260959725,0,-42
5,2.66277771271444,0,-52
5,3.531796025487538,0,-53
5,4.314933147897389,0,-52
5,13.659334737441704,0,-50
5,12.859334756302745,0,-62
5,11.959334780537613,0,-53
5,11.059334808716912,0,-48
5,10.259334837915736,0,-50
5,9.359334876730951,0,-58
5,8.559334918086012,0,-48
5,7.659334974936613,0,-50
5,6.859335037994671,0,-51
5,5.959335129171896,0,-47
5,5.1593352369230905,0,-49
5,4.259335406524954,0,-47
5,3.459335631367849,0,-44
5,2.5593360523331117,0,-47
5,1.6593369299490828,0,-45
5,0.8593392533027531,0,-46
5,0.04076727348951941,0,-49
5,0.8406704917872702,0,-50
5,1.7406679448081668,0,-52
5,2.540667195690288,0,-49
5,3.440666769330848,0,-53
5,4.240666542272769,0,-52
5,7.340666129875494,0,-55
5,7.3838184280474595,0,-56
5,7.5342945485927375,0,-52
5,8.413607571266617,0,-56
5,8.279128734153971,0,-58
5,8.240666068263048,0,-64
5,5.540666313148591,0,-66
5,5.597711902351853,0,-59
5,5.794756104299179,0,-53
5,6.660510215188722,0,-63
5,6.489805587230817,0,-64
5,6.440666208707011,0,-67
5,11.040665940817675,0,-64
5,11.069403767358178,0,-58
5,11.170341066027682,0,-60
5,12.060668204942257,0,-64
5,11.9672426975943,0,-54
5,11.94066591254659,0,-62
5,9.140666018783472,0,-60
5,9.175356702331245,0,-63
5,9.296880680184934,0,-63
5,10.281698376876433,0,-62
5,10.17194680218504,0,-63
5,10.140665974106952,0,-56
5,34.0184909161554,0,-84
5,33.23917551801972,0,-86
5,32.558097624243175,0,-85
5,31.877839523747156,0,-88
5,31.101474524641922,0,-88
5,30.423159753697146,0,-87
5,29.649177295570137,0,-84
5,28.97310211379132,0,-85
5,33.84881576753425,0,-81
5,33.06550156537247,0,-81
5,32.38077092290542,0,-82
5,31.69670735823682,0,-87
5,30.915794058359207,0,-87
5,30.233313646553956,0,-88
5,29.454342955769352,0,-87
5,28.773690252522478,0,-85
5,33.69728377060091,0,-83
5,32.91036308553246,0,-77
5,32.22233589008725,0,-83
5,31.53483569016386,0,-83
5,30.749811819112104,0,-85
5,30.063563639442908,0,-86
5,29.280077247302607,0,-86
5,28.595276802297878,0,-82
5,33.56414065886882,0,-75
5,32.77402329701841,0,-88
5,32.08307240376976,0,-82
5,31.392522464076702,0,-82
5,30.60384831296114,0,-83
5,29.91425184347357,0,-84
5,29.1267493596511,0,-83
5,28.438256979849577,0,-80
5,33.44960601890939,0,-85
5,32.656717650820845,0,-81
5,31.963231055659268,0,-83
5,31.27003471871255,0,-83
5,30.478191157197344,0,-83
5,29.785685622571958,0,-83
5,28.994691460884074,0,-83
5,28.30298685128287,0,-80
5,33.3648043886173,0,-80
5,32.56985165449592,0,-82
5,31.874475189215243,0,-84
5,31.17930564300503,0,-86
5,30.385097750132374,0,-86
5,29.69042096496994,0,-85
5,28.896819236419443,0,-84
5,28.202714297994937,0,-81
5,33.28565421533163,0,-85
5,32.488764849526035,0,-82
5,31.791614825922668,0,-83
5,31.094592858435266,0,-87
5,30.29816446481581,0,-87
5,29.601447628942992,0,-84
5,28.805394748800595,0,-83
5,28.109032328172667,0,-85
5,33.22558323332417,0,-79
5,32.427217674350764,0,-77
5,31.728715352055367,0,-85
5,31.030280528602724,0,-88
5,30.232157954551564,0,-84
5,29.533884038185406,0,-85
5,28.73595955046841,0,-82
5,28.037872656073322,0,-84
5,28.36794000904103,0,-90
5,27.597193430885774,0,-89
5,26.73215822338416,0,-87
5,25.86950871776204,0,-89
5,28.143475275629513,0,-85
5,27.366407610337603,0,-86
5,26.493838217847266,0,-89
5,25.623166500879343,0,-90
5,27.946205123833693,0,-81
5,27.16349472598404,0,-85
5,26.284189996020103,0,-86
5,27.776708967349023,0,-78
5,26.98908345909475,0,-81
5,26.103904381917705,0,-86
5,25.21977442402337,0,-88
5,27.635497847699916,0,-79
5,26.843729364516413,0,-80
5,25.953593281349722,0,-77
5,25.064161710139885,0,-77
5,27.523007130828667,0,-84
5,26.727906510402565,0,-79
5,25.833779910170723,0,-80
5,24.940075831189073,0,-81
5,27.439590043531346,0,-86
5,26.642000049963194,0,-84
5,25.744890069304226,0,-75
5,24.847989107750355,0,-82
5,25.200365336446886,0,-74
5,24.34258842253047,0,-78
5,23.582762264287204,0,-81
5,22.82568160907934,0,-86
5,21.977600845801696,0,-81
5,21.22734095082466,0,-85
5,20.480846387484377,0,-84
5,19.64607509824933,0,-87
5,18.909080667003,0,-88
5,18.17741446345989,0,-89
5,24.97404688356138,0,-81
5,24.108218842557456,0,-77
5,23.340764354789595,0,-84
5,22.57556966215893,0,-85
5,21.717724180708053,0,-83
5,20.201724515487772,0,-89
5,19.354918532971933,0,-88
5,18.606395038350513,0,-87
5,17.86233470821574,0,-85
5,17.031329931824153,0,-84
5,24.747892798695826,0,-84
5,23.873864286999318,0,-82
5,23.098624653845423,0,-82
5,22.325132156482518,0,-83
5,21.4572767103081,0,-83
5,20.688155759465477,0,-86
5,19.92146715563587,0,-88
5,19.06221528709083,0,-87
5,18.301724414835164,0,-86
5,17.544747973731276,0,-86
5,16.697945367022506,0,-83
5,24.552665399283228,0,-87
5,23.671429534936845,0,-79
5,22.889334659020882,0,-78
5,22.10852111828896,0,-80
5,21.231813489576187,0,-83
5,20.454216410347367,0,-81
5,19.67841543078349,0,-86
5,18.80806294876797,0,-86
5,18.036859393752355,0,-85
5,17.26827616455003,0,-85
5,16.407210601241378,0,-87
5,24.405695705328455,0,-70
5,23.51895365188274,0,-76
5,22.731613356393837,0,-77
5,21.945188782276556,0,-81
5,21.06168342531236,0,-81
5,20.277563305615683,0,-83
5,19.49473360983488,0,-88
5,18.61579535063561,0,-87
5,17.83628048226201,0,-88
5,17.05866250170554,0,-84
5,16.186450023566483,0,-84
5,24.27082946861328,0,-74
5,23.37897262740233,0,-74
5,22.586753330613977,0,-73
5,21.795102452688212,0,-78
5,20.90525505564322,0,-79
5,20.11503800261562,0,-82
5,19.325625960155723,0,-79
5,18.43862838635687,0,-80
5,17.651291218359624,0,-83
5,16.86514591044245,0,-84
5,15.982376062364269,0,-83
5,24.15055888568436,0,-86
5,23.254089801779568,0,-81
5,22.457465516268808,0,-78
5,21.661090053817162,0,-80
5,20.765500724468396,0,-79
5,19.969754260958535,0,-78
5,19.174361792462502,0,-75
5,18.280025934515695,0,-83
5,17.48554869232706,0,-81
5,16.69159902396756,0,-80
5,15.79913529264293,0,-82
2.4,2.9513567179336144,0,-41
2.4,2.9921537142519723,0,-45
2.4,3.113753558477593,0,-45
2.4,3.3072554476713574,0,-37
2.4,3.5059835274467366,0,-37
2.4,3.7992628058542963,0,-36
2.4,2.451358673404501,0,-36
2.4,2.50032732235111,0,-35
2.4,2.6446387451059303,0,-35
2.4,2.869946247812922,0,-38
2.4,3.096865086488506,0,-34
2.4,3.4253541039039246,0,-37
2.4,1.9513616309795254,0,-31
2.4,2.0125331272004123,0,-42
2.4,2.189238900005906,0,-40
2.4,2.4566734285450047,0,-42
2.4,2.718313122709571,0,-40
2.4,3.087345721864504,0,-38
2.4,1.4513666263362512,0,-39
2.4,1.5326260004523837,0,-38
2.4,1.7582433934136275,0,-42
2.4,2.0818014323423513,0,-37
2.4,2.3849274836519996,0,-50
2.4,2.798277412176758,0,-43
2.4,0.9513768723414872,0,-50
2.4,1.07125875793212,0,-45
2.4,1.3747991488454838,0,-37
2.4,1.7699011477724582,0,-37
2.4,2.1181435200340553,0,-45
2.4,2.574686261407835,0,-43
2.4,0.45140981647486245,0,-42
2.4,0.6680181102559024,0,-37
2.4,1.090286920425016,0,-35
2.4,1.5592315229207827,0,-38
2.4,1.945555149731268,0,-41
2.4,2.4346790782084304,0,-38
2.4,0.04923100236098751,0,-36
2.4,0.4951469387734777,0,-41
2.4,0.9938047414843341,0,-39
2.4,1.4933603843067293,0,-41
2.4,1.8931738261429496,0,-37
2.4,2.3930283135000163,0,-37
2.4,4.274794286331902,0,-49
2.4,4.72703279429283,0,-45
2.4,5.20920453487707,0,-43
2.4,5.713736494978382,0,-45
2.4,6.147297138358275,0,-43
2.4,6.679837943777668,0,-48
2.4,7.222963920925804,0,-52
2.4,3.964939483538203,0,-38
2.4,4.377581807498313,0,-41
2.4,4.894302333244663,0,-46
2.4,5.428182769313148,0,-46
2.4,5.882826323315023,0,-42
2.4,6.437283464175876,0,-47
2.4,6.999256478085096,0,-50
2.4,3.6413086316790726,0,-37
2.4,4.086759831989216,0,-44
2.4,4.636008927107936,0,-42
2.4,5.196494166270995,0,-42
2.4,5.764939242347008,0,-50
2.4,6.243156400505476,0,-51
2.4,6.821141743801877,0,-55
2.4,3.393746012028719,0,-50
2.4,3.8678145466633786,0,-41
2.4,4.444205465012255,0,-43
2.4,5.026125253424231,0,-50
2.4,5.611854231087333,0,-57
2.4,6.102080406237926,0,-50
2.4,6.692261062754263,0,-46
2.4,3.2582456726503044,0,-39
2.4,3.7494855962604303,0,-44
2.4,4.34161434082167,0,-45
2.4,4.935644631888766,0,-45
2.4,5.530963820181471,0,-46
2.4,6.02777223801434,0,-51
2.4,6.6245762884308625,0,-57
2.4,3.1928902747142365,0,-45
2.4,3.692834369367892,0,-47
2.4,4.292784472512999,0,-48
2.4,4.892746812917332,0,-45
2.4,5.492717380602858,0,-51
2.4,5.992697355648517,0,-49
2.4,6.592677335063558,0,-49
2.4,10.92208528075832,0,-56
2.4,10.499990070035844,0,-68
2.4,10.123617735846464,0,-57
2.4,9.761414407045505,0,-40
2.4,9.499634509641375,0,-40
2.4,9.299510761726289,0,-44
2.4,9.153058263334367,0,-48
2.4,9.09595075639085,0,-55
2.4,9.109015575427515,0,-62
2.4,9.207156994312172,0,-66
2.4,9.366407235893883,0,-63
2.4,9.589965020754718,0,-74
2.4,10.185061983530664,0,-68
2.4,9.731049902197364,0,-62
2.4,9.411677441582505,0,-51
2.4,9.020933844615174,0,-42
2.4,8.736995594574672,0,-49
2.4,8.518975091541881,0,-47
2.4,8.35885828177757,0,-48
2.4,8.296285696957117,0,-51
2.4,8.310607736876346,0,-64
2.4,8.418062492091602,0,-60
2.4,8.591950925805689,0,-77
2.4,8.835126784723974,0,-77
2.4,9.553403781438819,0,-66
2.4,9.067820487961994,0,-59
2.4,8.629206973563505,0,-57
2.4,8.201267472600044,0,-49
2.4,7.887878849717538,0,-51
2.4,7.645683575620628,0,-40
2.4,7.466863632278649,0,-47
2.4,7.396749089548682,0,-49
2.4,7.41280929772465,0,-49
2.4,7.533081497565488,0,-64
2.4,7.726911507171365,0,-67
2.4,7.996437083498563,0,-70
2.4,10.257818913127842,0,-71
2.4,10.651792968567172,0,-64
2.4,11.147119296470613,0,-72
2.4,11.628246351038547,0,-74
2.4,12.14306212580398,0,-74
2.4,13.330768077885057,0,-81
2.4,13.926493533443837,0,-80
2.4,15.904102819177542,0,-93
2.4,16.650467310183863,0,-89
2.4,17.32616247869664,0,-88
2.4,18.01204460434431,0,-90
2.4,18.706993222310814,0,-90
2.4,20.209577313115854,0,-93
2.4,20.970773835033953,0,-93
2.4,21.783271802111717,0,-92
2.4,22.511081160072454,0,-91
2.4,23.24363610939697,0,-91
2.4,24.0728933605953,0,-91
2.4,25.558949194596803,0,-87
2.4,26.400709443053067,0,-87
2.4,27.152077336498674,0,-89
2.4,27.9061489331276,0,-90
2.4,28.757446399887968,0,-91
2.4,30.27782047347227,0,-89
2.4,31.136537825974607,0,-89
2.4,32.66863445217346,0,-92
2.4,33.43706807661863,0,-95
2.4,34.303281136430066,0,-96
2.4,35.0746766387896,0,-95
2.4,40.70033555879095,0,-91
2.4,41.57757676636185,0,-91
2.4,44.80185262574891,0,-90
2.4,45.58512743527233,0,-89
2.4,46.46699278471277,0,-89
2.4,9.555882222870435,0,-74
2.4,9.977611419977478,0,-80
2.4,10.50477533375157,0,-82
2.4,11.013997884659739,0,-82
2.4,11.556210191666771,0,-84
2.4,12.20014627611134,0,-84
2.4,14.136365639881822,0,-83
2.4,14.791709775922635,0,-83
2.4,22.902623437376484,0,-95
2.4,23.743793620203096,0,-95
2.4,24.49501133025847,0,-91
2.4,25.249226219038565,0,-90
2.4,30.016827836265787,0,-90
2.4,30.909804657926834,0,-90
2.4,36.52588667334066,0,-94
2.4,37.3049358914396,0,-94
2.4,38.963234742762864,0,-93
2.4,39.74482993057508,0,-92
2.4,41.408053878026685,0,-94
2.4,46.31536952953519,0,-91
2.4,47.102349190333285,0,-91
2.4,8.78626347121319,0,-81
2.4,9.323345207108499,0,-74
2.4,9.885461092707992,0,-82
2.4,10.424978925932525,0,-79
2.4,10.996273468627043,0,-86
2.4,11.671144132490245,0,-88
2.4,12.29526128034924,0,-87
2.4,13.682429232679388,0,-84
2.4,14.358506687604157,0,-84
2.4,17.25971677735718,0,-92
2.4,18.07471710426239,0,-92
2.4,18.805670500936927,0,-87
2.4,19.542033864992227,0,-91
2.4,20.283217993484087,0,-92
2.4,21.122180458838223,0,-82
2.4,21.871999266789054,0,-82
2.4,23.47636623674212,0,-90
2.4,24.235874572054108,0,-88
2.4,24.99790912982589,0,-89
2.4,25.857939516279394,0,-87
2.4,26.624629210906523,0,-86
2.4,28.25997700589088,0,-89
2.4,29.032122639658557,0,-93
2.4,29.80573752744375,0,-94
2.4,30.677672087682915,0,-94
2.4,31.454052351169203,0,-94
2.4,33.10759473391743,0,-90
2.4,33.88732319992258,0,-90
2.4,36.32965645312282,0,-93
2.4,37.11282504192617,0,-93
2.4,41.25335092048171,0,-94
2.4,42.039942991863136,0,-94
2.4,46.96640645664663,0,-93
2.4,47.756059092450585,0,-93
2.4,9.351460237409587,1,-88
2.4,9.49459760792331,1,-84
2.4,9.71930856084493,1,-89
2.4,10.020106489725746,1,-85
2.4,8.615737023875965,1,-83
2.4,7.741735283048053,1,-82
2.4,8.015737043923135,1,-85
2.4,10.346032024700957,1,-94
2.4,10.006072883447944,1,-91
2.4,10.46323750755788,1,-91
2.4,9.34524107509915,1,-90
2.4,9.833177276059558,1,-85
2.4,10.42827648784518,1,-95
2.4,11.064652080904986,1,-95
2.4,16.205734617852,1,-94
2.4,16.58866116041136,1,-94
2.4,15.17563035561415,1,-97
2.4,15.499608727548406,1,-94
2.4,15.89955078918233,1,-93
2.4,16.273715903709437,1,-96
2.4,16.726974439668975,1,-98
2.4,17.144380651461173,1,-96
2.4,14.463464069616434,1,-94
2.4,14.80303708398863,1,-92
2.4,15.221292701365293,1,-92
2.4,15.6117220548373,1,-94
2.4,16.083647288727366,1,-96
2.4,16.517318914552813,1,-94
2.4,13.43151946278144,1,-89
2.4,13.760953059142874,1,-95
2.4,14.117434013048925,1,-94
2.4,14.555404072147377,1,-94
2.4,14.963218294215368,1,-95
2.4,15.454958631812485,1,-96
2.4,15.905780720476825,1,-94
2.4,12.452646392067622,1,-89
2.4,14.40827655890299,1,-99
2.4,15.384875430284906,1,-97
2.4,9.815743052202647,2,-91
2.4,8.016694932990063,2,-93
2.4,9.076134764425925,2,-88
2.4,8.496190288250196,2,-85
2.4,7.823412368758845,2,-85
2.4,8.94620621856221,2,-90
2.4,8.357250316771495,2,-90
2.4,9.440534548941718,2,-91
2.4,8.843795549530654,2,-91
2.4,7.500710765957221,2,-87
2.4,9.395768167414671,2,-91
2.4,8.79599264483201,2,-93
2.4,8.19624998155101,2,-88
2.4,7.496602259528438,2,-87
2.4,9.513917154216063,2,-88
2.4,8.537896870557216,2,-88
2.4,7.384156924076755,2,-90
2.4,7.070099373904349,2,-87
2.4,6.8137241530879935,2,-88
2.4,6.64498788460225,2,-91
2.4,6.512787088797136,2,-92
2.4,6.454217794705621,2,-92
2.4,9.053879479766875,2,-92
2.4,8.524861600732041,2,-88
2.4,8.02208183635194,2,-87
2.4,6.78114204955535,2,-86
2.4,6.437734009241118,2,-85
2.4,6.1550752108509394,2,-86
2.4,5.967744800455842,2,-87
2.4,5.820181241238088,2,-84
2.4,5.754567000074961,2,-83
2.4,8.626172247932494,2,-84
2.4,6.628836235389491,2,-84
2.4,6.198548339176258,2,-84
2.4,5.8208704839222065,2,-90
2.4,5.506638254696668,2,-87
2.4,5.296422568132641,2,-89
2.4,5.129583189472294,2,-86
2.4,7.707772880119978,2,-97
2.4,7.1477475087614195,2,-96
2.4,6.6887458915061995,2,-93
2.4,6.1838380702144065,2,-89
2.4,5.72017350751925,2,-85
2.4,5.308570111962077,2,-83
2.4,4.962000434412424,2,-83
2.4,4.727628947289019,2,-85
2.4,4.539934706660116,2,-85
2.4,4.45550657257164,2,-85
2.4,7.32583625181249,2,-97
2.4,6.7341226945952,2,-94
2.4,6.2447926801454425,2,-91
2.4,5.700698842728853,2,-88
2.4,5.194083073361662,2,-85
2.4,4.736985396903194,2,-83
2.4,4.345061832467534,2,-82
2.4,4.075363723657328,2,-84
2.4,3.8560499423106696,2,-90
2.4,3.7562817832380633,2,-90
2.4,7.6292502336556725,2,-99
2.4,6.993281833676311,2,-95
2.4,6.370755252143906,2,-91
2.4,5.851115247100774,2,-89
2.4,5.266505607359316,2,-88
2.4,4.713450221423703,2,-87
2.4,4.204419658803239,2,-85
2.4,3.757349643674803,2,-83
2.4,3.4419040510971777,2,-84
2.4,3.179187816793962,2,-87
2.4,3.057411789723976,2,-84
2.4,6.717447790797047,2,-88
2.4,6.066682495365666,2,-86
2.4,5.518483818197908,2,-86
2.4,4.894302333244663,2,-88
2.4,4.293568097363332,2,-88
2.4,3.7276344622546036,2,-84
2.4,3.2149324039052813,2,-82
2.4,2.8398622350065126,2,-81
2.4,2.5150246899997186,2,-84
2.4,2.3592119168909327,2,-83
2.4,6.5316527973480385,2,-91
2.4,5.860291796710852,2,-87
2.4,5.2907510898484436,2,-86
2.4,3.381366902187412,2,-87
2.4,2.806095829564721,2,-87
2.4,2.367108142193025,2,-86
2.4,1.9656379713285224,2,-85
2.4,1.7618922531813674,2,-87
2.4,7.071072804353631,2,-87
2.4,6.37970236625201,2,-82
2.4,5.690442334252545,2,-83
2.4,5.101976196689821,2,-88
2.4,4.419354340747245,2,-84
2.4,3.7431570186907135,2,-88
2.4,3.0776218325300357,2,-87
2.4,2.4315196527187597,2,-83
2.4,1.9082229884616608,2,-81
2.4,1.3790745633161203,2,-80
2.4,1.068820999362173,2,-85
2.4,6.302278659248457,2,-89
2.4,5.603503187855842,2,-89
2.4,5.004825184604011,2,-81
2.4,4.306832572313271,2,-90
2.4,3.609617498216478,2,-90
2.4,2.9137381764535,2,-88
2.4,2.2204508187335725,2,-84
2.4,1.6307755794561636,2,-82
2.4,0.9591458012432634,2,-83
2.4,0.4006149591997134,2,-85
2.4,5.004636764571791,2,-90
2.4,4.3066136142908835,2,-90
2.4,3.609356244579859,2,-91
2.4,2.913414522133712,2,-88
2.4,2.220026093376299,2,-85
2.4,1.6301972296037144,2,-83
2.4,0.9581621391495393,2,-90
2.4,0.39825414296856665,2,-88
2.4,7.07067271587652,2,-89
2.4,6.379258917188783,2,-88
2.4,5.68994516757628,2,-89
2.4,4.418714161342938,2,-91
2.4,3.742401169990286,2,-91
2.4,3.07670248718277,2,-89
2.4,2.430355914702344,2,-87
2.4,1.9067398942343088,2,-86
2.4,1.377021678027132,2,-84
2.4,1.0661708958927105,2,-87
2.4,7.184204625291582,2,-93
2.4,5.830425323511569,2,-86
2.4,5.257650293161477,2,-90
2.4,4.598197286184331,2,-89
2.4,3.9527142522784247,2,-88
2.4,2.743175771828884,2,-90
2.4,2.292169380147328,2,-87
2.4,1.8747192175835243,2,-86
2.4,7.376375133825421,2,-93
2.4,6.065638752011368,2,-95
2.4,5.517336370209633,2,-88
2.4,4.893008512104795,2,-85
2.4,3.7259355408425954,2,-88
2.4,3.2129623919377,2,-88
2.4,7.628173053344755,2,-92
2.4,5.26494504400445,2,-86
2.4,4.711706484266508,2,-86
2.4,4.20246471387578,2,-84
2.4,3.7551619604037136,2,-84
2.4,7.887167271891434,2,-88
2.4,7.273784383131475,2,-95
2.4,6.67745991599945,2,-95
2.4,6.183647635652873,2,-89
2.4,5.633651547567292,2,-83
2.4,5.1204063741952535,2,-78
2.4,4.6560813045297404,2,-77
2.4,4.256715258492561,2,-81
2.4,3.981036541407198,2,-87
2.4,3.7562193255335052,2,-92
2.4,3.653726221134171,2,-92
5,2.9513567179336144,0,-52
5,2.9921537142519723,0,-48
5,3.113753558477593,0,-51
5,3.3072554476713574,0,-47
5,3.5059835274467366,0,-49
5,3.7992628058542963,0,-51
5,2.451358673404501,0,-53
5,2.50032732235111,0,-47
5,2.6446387451059303,0,-45
5,2.869946247812922,0,-47
5,3.096865086488506,0,-47
5,3.4253541039039246,0,-47
5,1.9513616309795254,0,-49
5,2.0125331272004123,0,-49
5,2.189238900005906,0,-46
5,2.4566734285450047,0,-46
5,2.718313122709571,0,-47
5,3.087345721864504,0,-45
5,1.4513666263362512,0,-46
5,1.5326260004523837,0,-47
5,1.7582433934136275,0,-44
5,2.0818014323423513,0,-43
5,2.3849274836519996,0,-41
5,2.798277412176758,0,-47
5,0.9513768723414872,0,-46
5,1.07125875793212,0,-46
5,1.3747991488454838,0,-51
5,1.7699011477724582,0,-46
5,2.1181435200340553,0,-50
5,2.574686261407835,0,-51
5,0.45140981647486245,0,-48
5,0.6680181102559024,0,-48
5,1.090286920425016,0,-52
5,1.5592315229207827,0,-49
5,1.945555149731268,0,-48
5,2.4346790782084304,0,-53
5,0.04923100236098751,0,-51
5,0.4951469387734777,0,-48
5,0.9938047414843341,0,-52
5,1.4933603843067293,0,-49
5,1.8931738261429496,0,-52
5,2.3930283135000163,0,-50
5,4.274794286331902,0,-51
5,4.72703279429283,0,-54
5,5.20920453487707,0,-55
5,5.713736494978382,0,-59
5,6.147297138358275,0,-54
5,6.679837943777668,0,-56
5,7.222963920925804,0,-57
5,3.964939483538203,0,-50
5,4.377581807498313,0,-50
5,4.894302333244663,0,-54
5,5.428182769313148,0,-51
5,5.882826323315023,0,-52
5,6.437283464175876,0,-53
5,6.999256478085096,0,-54
5,3.6413086316790726,0,-49
5,4.086759831989216,0,-51
5,4.636008927107936,0,-53
5,5.196494166270995,0,-49
5,5.764939242347008,0,-50
5,6.243156400505476,0,-54
5,6.821141743801877,0,-49
5,3.393746012028719,0,-46
5,3.8678145466633786,0,-50
5,4.444205465012255,0,-52
5,5.026125253424231,0,-54
5,5.611854231087333,0,-58
5,6.102080406237926,0,-50
5,6.692261062754263,0,-50
5,3.2582456726503044,0,-50
5,3.7494855962604303,0,-52
5,4.34161434082167,0,-55
5,4.935644631888766,0,-53
5,5.530963820181471,0,-58
5,6.02777223801434,0,-58
5,6.6245762884308625,0,-53
5,3.1928902747142365,0,-58
5,3.692834369367892,0,-54
5,4.292784472512999,0,-60
5,4.892746812917332,0,-60
5,5.492717380602858,0,-61
5,5.992697355648517,0,-59
5,6.592677335063558,0,-60
5,10.92208528075832,0,-68
5,10.499990070035844,0,-61
5,10.123617735846464,0,-57
5,9.761414407045505,0,-53
5,9.499634509641375,0,-53
5,9.299510761726289,0,-57
5,9.153058263334367,0,-60
5,9.09595075639085,0,-56
5,9.109015575427515,0,-67
5,9.207156994312172,0,-66
5,9.366407235893883,0,-74
5,9.589965020754718,0,-76
5,10.185061983530664,0,-71
5,9.731049902197364,0,-65
5,9.411677441582505,0,-55
5,9.020933844615174,0,-51
5,8.736995594574672,0,-50
5,8.518975091541881,0,-56
5,8.35885828177757,0,-59
5,8.296285696957117,0,-61
5,8.310607736876346,0,-57
5,8.418062492091602,0,-69
5,8.591950925805689,0,-71
5,8.835126784723974,0,-74
5,9.553403781438819,0,-64
5,9.067820487961994,0,-62
5,8.629206973563505,0,-60
5,8.201267472600044,0,-57
5,7.887878849717538,0,-54
5,7.645683575620628,0,-48
5,7.466863632278649,0,-54
5,7.396749089548682,0,-56
5,7.41280929772465,0,-72
5,7.533081497565488,0,-61
5,7.726911507171365,0,-72
5,7.996437083498563,0,-79
5,10.257818913127842,0,-86
5,10.651792968567172,0,-88
5,11.628246351038547,0,-88
5,12.14306212580398,0,-88
5,16.650467310183863,0,-90
5,17.32616247869664,0,-90
5,30.27782047347227,0,-90
5,31.136537825974607,0,-90
5,9.555882222870435,0,-86
5,9.977611419977478,0,-86
5,28.482525593258636,0,-89
5,29.248796706212154,0,-89
5,30.016827836265787,0,-89
5,30.909804657926834,0,-91
5,31.680496659331098,0,-91
5,8.78626347121319,0,-88
5,9.323345207108499,0,-86
5,9.885461092707992,0,-86
5,10.424978925932525,0,-86
5,18.07471710426239,0,-90
5,18.805670500936927,0,-90
5,24.99790912982589,0,-84
5,25.857939516279394,0,-84
2.4,21.11820448390356,1,-94
2.4,20.528615556211104,1,-94
2.4,21.440196611949993,1,-92
2.4,21.091245569312477,1,-92
2.4,20.14807049326963,1,-92
2.4,20.04191970406116,1,-93
2.4,19.772845838391902,1,-92
2.4,19.442840364894813,1,-92
2.4,19.677378722052506,1,-93
2.4,19.403250255971592,1,-92
2.4,19.328269461056596,1,-94
2.4,18.9668291832131,1,-94
2.4,18.690028347298565,1,-95
2.4,18.401196883561703,1,-95
2.4,19.77889577375449,1,-91
2.4,19.420995049590235,1,-93
2.4,19.075255683826988,1,-93
2.4,18.742350708770207,1,-92
2.4,18.16768146142142,1,-94
2.4,19.243213488050714,1,-95
2.4,18.938317619383934,1,-94
2.4,18.5836004299445,1,-90
2.4,18.241725127492703,1,-91
2.4,17.967168517408908,1,-92
2.4,17.650764154000107,1,-90
2.4,17.349345979237963,1,-91
2.4,18.775145562236172,1,-94
2.4,18.462521490552902,1,-90
2.4,18.098481441167742,1,-90
2.4,16.828684780569162,1,-86
2.4,18.314773174124113,1,-89
2.4,17.99415253146386,1,-90
2.4,17.620438587411858,1,-92
2.4,17.25949555172219,1,-92
2.4,16.912141123674534,1,-92
2.4,16.633674467568927,1,-90
2.4,16.313474705905538,1,-88
2.4,17.937435835889865,1,-93
2.4,17.609946430146714,1,-93
2.4,16.502763566570692,1,-89
2.4,16.217269013002902,1,-91
2.4,15.88867977294745,1,-92
2.4,16.38461779180178,1,-91
2.4,16.018302995966607,1,-91
2.4,15.384894229851863,1,-89
2.4,19.75954856845136,1,-89
2.4,18.99875944224432,1,-88
2.4,18.241325638767243,1,-88
2.4,17.39376898099537,1,-90
2.4,16.6450082631255,1,-87
2.4,15.901238970432328,1,-87
2.4,13.61810708321991,1,-85
2.4,12.81600869361182,1,-77
2.4,12.114585405618024,1,-77
2.4,11.426122713558295,1,-79
2.4,20.050792094035593,1,-86
2.4,19.301486064899763,1,-87
2.4,18.51950827667931,1,-87
2.4,17.685288380874173,1,-84
2.4,16.94941078120306,1,-83
2.4,16.219606238908575,1,-82
2.4,13.988533385615897,1,-76
2.4,13.20894789849593,1,-79
2.4,12.529541304471586,1,-78
2.4,11.865180403842963,1,-79
2.4,20.339628545002647,1,-88
2.4,19.60136704579469,1,-83
2.4,18.86813956857553,1,-83
2.4,18.050039586769195,1,-84
2.4,13.693458604546626,1,-80
2.4,13.039321656808362,1,-74
2.4,12.402298576674852,1,-71
2.4,10.0183141937784,1,-69
2.4,9.389340764960087,1,-74
2.4,8.715328926967171,1,-80
2.4,8.152917209227029,1,-83
2.4,7.633030835506284,1,-77
2.4,7.110583523205339,1,-75
2.4,6.71367997120497,1,-70
2.4,6.392698919160692,1,-70
2.4,6.137087075781778,1,-66
2.4,6.014726801028228,1,-60
2.4,5.997502747501395,1,-60
2.4,6.104693072626685,1,-70
2.4,6.307168796397935,1,-73
2.4,6.601021052953497,1,-80
2.4,6.974710005212747,1,-78
2.4,7.4755480040933655,1,-77
2.4,7.9797818689976605,1,-81
2.4,8.45941730695782,1,-82
2.4,9.126827459634976,1,-86
2.4,9.751516814999936,1,-81
2.4,10.400249079156998,1,-84
2.4,11.153583245450564,1,-83
2.4,11.840418908487782,1,-82
2.4,17.11652710435886,1,-92
2.4,17.964207146961456,1,-92
2.4,21.109459464170772,1,-98
2.4,22.65028653902701,1,-92
2.4,23.520474455348847,1,-92
2.4,28.388723079335826,1,-94
2.4,29.171779150242003,1,-94
2.4,29.95573066219173,1,-94
2.4,30.83866141405076,1,-94
2.4,10.516313281550149,1,-76
2.4,9.918968986290237,1,-73
2.4,9.283489864036964,1,-69
2.4,8.7576415073327,1,-69
2.4,8.275831407552722,1,-77
2.4,7.796577697357061,1,-71
2.4,7.436378453669841,1,-67
2.4,7.147924539436925,1,-73
2.4,6.920264700585812,1,-75
2.4,6.811986805731023,1,-75
2.4,6.796783427234759,1,-65
2.4,6.8915530369737805,1,-69
2.4,7.071534768118027,1,-70
2.4,7.334828197850417,1,-81
2.4,7.719905633922674,1,-81
2.4,8.130808306186452,1,-88
2.4,8.596693807925817,1,-88
2.4,9.109129768672174,1,-74
2.4,9.732085256880929,1,-82
2.4,10.320202719059282,1,-85
2.4,10.935249648625224,1,-83
2.4,11.654051792507516,1,-83
2.4,12.313002229258593,1,-83
2.4,12.98780676684892,1,-90
2.4,13.76300704489016,1,-89
2.4,14.464213204767676,1,-88
2.4,17.446776323536206,1,-91
2.4,18.242230241102302,1,-92
2.4,18.98873521024154,1,-92
2.4,19.739431744605675,1,-92
2.4,22.1076594268863,1,-92
2.4,22.871416791499264,1,-92
2.4,23.73349835896857,1,-93
2.4,24.50208246395484,1,-93
2.4,25.272616520370878,1,-93
2.4,26.141583427375096,1,-93
2.4,26.915710743090024,1,-92
2.4,30.123280453101717,1,-92
2.4,31.001439701422083,1,-92
2.4,37.47295484028401,1,-90
2.4,11.118783611751784,1,-75
2.4,10.482946699350988,1,-72
2.4,9.883795313852024,1,-73
2.4,9.391619163988857,1,-66
2.4,8.944026567306375,1,-76
2.4,8.502520187648585,1,-78
2.4,8.173490702059388,1,-69
2.4,7.9119562038683435,1,-70
2.4,7.706898810586541,1,-77
2.4,7.609821942194164,1,-69
2.4,7.596215551653289,1,-74
2.4,7.681128108023504,1,-75
2.4,7.843011521548867,1,-73
2.4,8.081208476609659,1,-77
2.4,8.43226948971137,1,-75
2.4,8.810009617610914,1,-81
2.4,9.241719005557153,1,-84
2.4,9.720209405818158,1,-85
2.4,10.306294639570776,1,-82
2.4,10.8633700992337,1,-80
2.4,11.449275550365808,1,-79
2.4,12.137674774556032,1,-87
2.4,12.771697210949425,1,-87
2.4,15.549687781389736,1,-92
2.4,16.341053466756385,1,-89
2.4,17.053537143908603,1,-90
2.4,17.773469831013575,1,-90
2.4,19.32424820928149,1,-90
2.4,20.06239441266167,1,-90
2.4,20.898251311386986,1,-91
2.4,21.64555401437365,1,-91
2.4,24.763007673537867,1,-92
2.4,25.52566648992686,1,-90
2.4,26.386301143958477,1,-90
2.4,36.05748700037002,1,-92
2.4,36.84040539268172,1,-94
2.4,37.62404244910974,1,-93
2.4,13.081168603740357,0,-58
2.4,12.28064372678289,0,-59
2.4,11.49484443778433,0,-73
2.4,10.72700736242643,0,-62
2.4,13.503757847678344,0,-65
2.4,12.729835596480575,0,-75
2.4,11.97355221386341,0,-52
2.4,11.23846924286412,0,-41
2.4,13.971613363459012,0,-73
2.4,13.225098044350217,0,-54
2.4,12.498818207629286,0,-52
2.4,11.796511979905537,0,-45
2.4,10.062891615675404,0,-50
2.4,9.34125398292541,0,-43
2.4,8.727664446391104,0,-50
2.4,8.076469834865279,0,-58
2.4,7.477071839843339,0,-56
2.4,6.998550136525263,0,-44
2.4,6.535819942298537,0,-50
2.4,6.170427912457669,0,-52
2.4,5.941993044266901,0,-48
2.4,5.8072816052612515,0,-48
2.4,5.810486894184958,0,-42
2.4,5.929153283798175,0,-47
2.4,6.184827965874567,0,-58
2.4,6.555099943719667,0,-60
2.4,7.021863967412291,0,-63
2.4,7.503310888675918,0,-62
2.4,8.105363199561882,0,-58
2.4,8.75866147887344,0,-54
2.4,9.37375333667262,0,-60
2.4,10.096756405968726,0,-64
2.4,10.846277159752093,0,-70
2.4,11.53060401459696,0,-65
2.4,12.317145255542332,0,-66
2.4,10.606426902500312,0,-47
2.4,9.924390658512584,0,-50
2.4,9.349151333573083,0,-61
2.4,8.74436212440569,0,-57
2.4,8.19396773653828,0,-50
2.4,7.759781439107018,0,-56
2.4,7.345164823705405,0,-56
2.4,7.022014283102015,0,-55
2.4,6.822154007889901,0,-48
2.4,6.705149037274094,0,-46
2.4,6.707925306437689,0,-43
2.4,6.810973691920024,0,-54
2.4,7.0346713453235425,0,-52
2.4,7.362325667980573,0,-60
2.4,7.780814709662163,0,-57
2.4,8.21791812208996,0,-60
2.4,8.771055612984338,0,-65
2.4,9.378094415751715,0,-67
2.4,9.9549864684003,0,-68
2.4,10.638561645764078,0,-57
2.4,11.352366810291674,0,-68
2.4,12.007886279886712,0,-70
2.4,12.76505273061498,0,-70
2.4,11.128455301097658,0,-57
2.4,10.480446349904094,0,-56
2.4,9.937447177645653,0,-53
2.4,9.370704067101201,0,-53
2.4,8.859307705338859,0,-59
2.4,8.459340029408676,0,-53
2.4,8.080697496989073,0,-51
2.4,7.788126240793411,0,-47
2.4,7.608417119073746,0,-51
2.4,7.503682386835406,0,-45
2.4,7.506163312051861,0,-48
2.4,7.598393802802859,0,-58
2.4,7.799540158699251,0,-55
2.4,8.09629946283188,0,-59
2.4,8.478638056701165,0,-59
2.4,8.881464069162291,0,-61
2.4,9.39561825089282,0,-69
2.4,9.964681661809356,0,-69
2.4,10.50942345404729,0,-63
2.4,11.159086864128655,0,-57
2.4,11.841556398795648,0,-65
2.4,12.471389604255725,0,-65
2.4,13.201999733594421,0,-72
2.4,13.298029204721967,0,-73
2.4,14.022506246920264,0,-75
2.4,14.84681513825801,0,-81
2.4,15.679450183418316,0,-85
2.4,16.425536787867127,0,-88
2.4,17.270654216741928,0,-84
2.4,18.026330680134134,0,-83
2.4,18.880832505327586,0,-87
2.4,19.643801485698084,0,-89
2.4,20.5055157241705,0,-89
2.4,22.141511107739976,0,-87
2.4,22.914615747366398,0,-87
2.4,23.786484674161954,0,-87
2.4,24.660374925350006,0,-87
2.4,26.315858915847684,0,-89
2.4,27.096817731868068,0,-89
2.4,29.641948460226732,0,-90
2.4,30.426932300743328,0,-90
2.4,13.713937607371939,0,-69
2.4,14.417530489448247,0,-69
2.4,15.220460693384391,0,-74
2.4,16.033703939625074,0,-80
2.4,16.76403181632713,0,-80
2.4,18.335296609512408,0,-81
2.4,19.176035566912333,0,-84
2.4,19.927705356582486,0,-83
2.4,20.7776485455755,0,-86
2.4,21.536568431361932,0,-84
2.4,22.393771859680644,0,-83
2.4,25.658559900028735,0,-89
2.4,26.528455183972778,0,-89
2.4,27.30333377379641,0,-90
2.4,28.17675058391264,0,-91
2.4,28.954487979988535,0,-91
2.4,29.830850012830506,0,-92
2.4,30.610990072248068,0,-89
2.4,14.121554816992942,0,-78
2.4,14.805789785236586,0,-71
2.4,15.588734697508501,0,-70
2.4,16.38370799831329,0,-77
2.4,17.099093206637434,0,-77
2.4,19.469631886965225,0,-90
2.4,20.21038511580649,0,-89
2.4,21.04891695156551,0,-88
2.4,23.40214401650307,0,-88
2.4,24.256495684122218,0,-88
2.4,25.114036337843615,0,-90
2.4,25.878715615227293,0,-90
2.4,27.51033007642362,0,-91
2.4,28.377376538687773,0,-91
2.4,29.149761575933116,0,-89
2.4,30.02042368519199,0,-87
2.4,30.79576170439231,0,-89
2.4,33.81105151020039,0,-77
2.4,34.689255433492846,0,-89
2.4,32.05827081450347,0,-89
2.4,31.704132189611297,0,-88
2.4,32.589403741109415,0,-88
2.4,32.93402444161257,0,-90
2.4,37.42806827814645,0,-90
2.4,37.12518774786054,0,-89
2.4,38.014428887181545,0,-88
2.4,38.31027973453445,0,-89
2.4,35.56854904033622,0,-90
2.4,35.40869180136929,0,-89
2.4,35.24969434073301,0,-89
2.4,36.546724295467335,0,-89
2.4,7.530095343696446,0,-66
2.4,6.730188452074607,0,-52
2.4,6.030290185912117,0,-57
2.4,5.330418637609768,0,-36
2.4,4.5306140386769975,0,-43
2.4,3.830851953981866,0,-40
2.4,3.0312583869749865,0,-40
2.4,2.3318427336498875,0,-35
2.4,7.560989461413442,0,-35
2.4,6.764736680084794,0,-54
2.4,6.068824060454729,0,-40
2.4,5.373973260319018,0,-34
2.4,4.581777964710134,0,-37
2.4,3.8912276268258736,0,-40
2.4,3.1072098672365915,0,-37
2.4,2.4297564250191876,0,-33
2.4,7.675596874904998,0,-39
2.4,6.892596615306228,0,-48
2.4,6.211026584003684,0,-41
2.4,5.534059482248999,0,-38
2.4,4.768533848925639,0,-36
2.4,4.1094863662286505,0,-37
2.4,3.3765335641007144,0,-37
2.4,2.765852858589599,0,-34
2.4,7.870261313101213,0,-57
2.4,7.108735038793972,0,-48
2.4,6.450044726794282,0,-41
2.4,5.8010378471025605,0,-38
2.4,5.075937432513903,0,-37
2.4,4.462522150607817,0,-37
2.4,3.7983160294984577,0,-37
2.4,3.267440555819572,0,-35
2.4,8.139240682455817,0,-44
2.4,7.405426361947256,0,-40
2.4,6.775640392471619,0,-41
2.4,6.161027986786178,0,-39
2.4,5.4837365517721635,0,-38
2.4,4.921415415824155,0,-38
2.4,4.328213304631734,0,-37
2.4,3.870709694133718,0,-36
2.4,8.43001698803652,0,-40
2.4,7.723877726496183,0,-39
2.4,7.122306526662092,0,-39
2.4,6.540352695811062,0,-42
2.4,5.90671770959833,0,-43
2.4,5.388717586471954,0,-38
2.4,4.852976194257668,0,-37
2.4,4.4497574167477065,0,-37
2.4,8.818810133404083,0,-45
2.4,8.14644173147455,0,-40
2.4,7.5784877126099275,0,-40
2.4,7.034375532771139,0,-37
2.4,6.449460431022796,0,-35
2.4,5.97867066973908,0,-34
2.4,5.500691201338052,0,-35
2.4,5.1484528567665295,0,-38
2.4,9.260541988430091,0,-42
2.4,8.62268743691642,0,-41
2.4,8.088244664982994,0,-42
2.4,7.580808986282101,0,-44
2.4,7.041432070379928,0,-37
2.4,6.6129213459442076,0,-36
2.4,6.184159558333215,0,-33
2.4,5.873056492899898,0,-36
2.4,1.7293334813566745,0,-37
2.4,0.9293519274315425,0,-35
2.4,0.030550118005994758,0,-34
2.4,0.8707305061841152,0,-31
2.4,1.9455328984607818,0,-35
2.4,1.2877107494591857,0,-31
2.4,0.8918729051620501,0,-34
2.4,1.246064036737944,0,-33
2.4,2.4899000438261063,0,-35
2.4,2.0180938886793083,0,-34
2.4,1.7916308906173253,0,-34
2.4,1.9917779878549957,0,-37
2.4,3.1990789608100116,0,-38
2.4,2.847315738160556,0,-36
2.4,2.691550708693085,0,-33
2.4,2.8287247165738334,0,-40
2.4,3.986051952339467,0,-41
2.4,3.70967800247256,0,-39
2.4,3.591510710929074,0,-34
2.4,3.695427917225247,0,-34
2.4,4.812807303019858,0,-47
2.4,4.586525357095588,0,-43
2.4,4.491486742268117,0,-34
2.4,4.575007263454315,0,-37
2.4,5.661944728205432,0,-41
2.4,5.470897441968074,0,-39
2.4,5.391470775699546,0,-38
2.4,5.461244860827221,0,-36
2.4,1.5707115394843243,0,-52
2.4,2.4707029455113987,0,-54
2.4,3.270699276949535,0,-49
2.4,4.070697050324147,0,-50
2.4,4.9706954020747665,0,-59
2.4,5.7706943685735705,0,-57
2.4,6.5706935867354375,0,-61
2.4,7.470692907318286,0,-57
2.4,8.270692427525958,0,-54
2.4,9.070692032365265,0,-56
2.4,9.970691663606104,0,-59
2.4,1.758795181570458,0,-57
2.4,2.5943397609806134,0,-52
2.4,3.3650705060495323,0,-51
2.4,4.146902485707128,0,-51
2.4,5.033293010609801,0,-50
2.4,5.824700785957418,0,-50
2.4,6.618174972091055,0,-56
2.4,7.512488154127232,0,-56
2.4,8.308464297400661,0,-59
2.4,9.105145781175661,0,-59
2.4,10.00204569081498,0,-60
2.4,2.308216727252335,0,-47
2.4,2.994178145110435,0,-51
2.4,3.6821465858839018,0,-52
2.4,4.408095302419853,0,-52
2.4,5.250575444644662,0,-57
2.4,6.013455181107196,0,-51
2.4,6.7848908561939645,0,-53
2.4,7.659763849829446,0,-52
2.4,8.441864897665296,0,-53
2.4,9.227035475477102,0,-54
2.4,10.113131165489872,0,-53
2.4,3.0302423053642915,0,-50
2.4,3.580447839853135,0,-51
2.4,4.1728536338084625,0,-52
2.4,4.825537085596586,0,-54
2.4,5.605626322647408,0,-52
2.4,6.3258317385492475,0,-60
2.4,7.063232114246032,0,-52
2.4,7.907369107636624,0,-50
2.4,8.66715564182884,0,-50
2.4,9.433593569524021,0,-52
2.4,10.301937970093517,0,-57
2.4,3.7374582512271246,0,-52
2.4,4.1959304670543816,0,-47
2.4,4.711574386511871,0,-59
2.4,5.298304815213467,0,-58
2.4,6.017414080782851,0,-56
2.4,6.6934574724041696,0,-51
2.4,7.39428655450698,0,-50
2.4,8.204432457815242,0,-54
2.4,8.93900512753694,0,-46
2.4,9.683951331218637,0,-49
2.4,10.53167373640585,0,-56
2.4,4.569802856679682,0,-52
2.4,4.951801334222453,0,-52
2.4,5.395686904267776,0,-49
2.4,5.914941917226768,0,-57
2.4,6.566869588232721,0,-52
2.4,7.191444702153753,0,-57
2.4,7.847928237402198,0,-54
2.4,8.615521802195403,0,-50
2.4,9.317742035460297,0,-51
2.4,10.034610971764838,0,-60
2.4,10.854982987520193,0,-60
2.4,5.615528341641711,0,-52
2.4,5.930547770692923,0,-51
2.4,6.30590973418985,0,-52
2.4,6.755560546026495,0,-52
2.4,7.3331327954510215,0,-52
2.4,7.897337355780036,0,-58
2.4,8.499472808726333,0,-53
2.4,9.212940699416654,0,-49
2.4,9.872759343073612,0,-55
2.4,10.551989279824292,0,-58
2.4,11.334977550318145,0,-58
2.4,19.261242320684772,1,-86
2.4,19.23365288414498,1,-89
2.4,19.231519721525363,1,-90
2.4,19.254851293402904,1,-89
2.4,19.295050340537962,1,-87
2.4,19.365353474066374,1,-88
2.4,19.476219882872055,1,-90
2.4,19.599517556756883,1,-90
2.4,18.562446467586316,1,-85
2.4,18.53381683285038,1,-87
2.4,18.531603112663745,1,-87
2.4,18.555814761333686,1,-85
2.4,18.597524856006075,1,-88
2.4,18.67045468919823,1,-92
2.4,18.785422647676853,1,-91
2.4,18.91322425139328,1,-88
2.4,19.065885741688774,1,-87
2.4,17.863744903795432,1,-89
2.4,17.833993650316177,1,-88
2.4,17.831693050609587,1,-85
2.4,17.856853714548894,1,-85
2.4,17.900192565881333,1,-94
2.4,17.97595175303032,1,-90
2.4,18.095332745703242,1,-88
2.4,18.386325414312697,1,-88
2.4,18.542023394274846,1,-88
2.4,17.80510566600099,1,-80
2.4,17.965841396669827,1,-80
2.4,16.566447134198885,1,-87
2.4,16.534361740987976,1,-85
2.4,16.531880283666688,1,-84
2.4,16.605742457293577,1,-87
2.4,16.68737936554458,1,-87
2.4,16.958561359139214,1,-85
2.4,17.128652921445113,1,-85
2.4,15.931977003810513,1,-86
2.4,15.960132793356935,1,-88
2.4,16.008607312768408,1,-88
2.4,16.226511682321277,1,-88
2.4,16.37429781420105,1,-88
2.4,16.550395053888888,1,-85
2.4,16.723194842870917,1,-85
2.4,15.269609009812127,1,-83
2.4,15.234792641981581,1,-83
2.4,15.232099473671271,1,-83
2.4,15.261546511001336,1,-87
2.4,15.312232731391322,1,-88
2.4,15.40072786435538,1,-88
2.4,15.53990490647798,1,-85
2.4,15.694157895026382,1,-85
2.4,15.877800211794433,1,-84
2.4,16.057839483520006,1,-84
2.4,14.571544957155549,1,-82
2.4,14.535056586406732,1,-89
2.4,14.532233740952773,1,-84
2.4,14.563095997531798,1,-82
2.4,14.616204512326767,1,-87
2.4,14.70888785319277,1,-84
2.4,14.85454838183403,1,-83
2.4,13.96454763212136,1,-84
2.4,14.01992367606261,1,-82
2.4,14.116522497210898,1,-87
2.4,14.268231606078857,1,-87
2.4,14.436079131687666,1,-87
2.4,14.830643868046431,1,-89
2.4,13.275681191589925,1,-89
2.4,13.232520778899817,1,-90
2.4,13.266406962537214,1,-90
2.4,13.426286550648731,1,-82
2.4,13.58570558677676,1,-84
2.4,13.761880097654453,1,-85
2.4,12.635920392628094,1,-88
2.4,12.632673181099676,1,-78
2.4,12.668164003995033,1,-76
2.4,12.729180984845417,1,-85
2.4,12.835497500159105,1,-85
2.4,13.186135497509394,1,-85
2.4,13.404182813223557,1,-87
2.4,13.616966850336107,1,-88
2.4,16.84805618302965,1,-89
2.4,17.081178719847124,1,-91
2.4,16.070847935630173,1,-87
2.4,16.292999192382702,1,-90
2.4,16.533949679245367,1,-90
2.4,15.102172404833436,1,-87
2.4,15.36181241449547,1,-89
2.4,15.688315020733986,1,-87
2.4,14.309813680441037,1,-88
2.4,14.558861112112174,1,-85
2.4,14.82801760838605,1,-91
2.4,15.16601640927001,1,-89
2.4,14.299473127743779,1,-86
2.4,14.649671643511569,1,-89
2.4,20.053886770771673,1,-89
2.4,20.232351418650424,1,-93
2.4,20.42688701786448,1,-90
2.4,20.63703909366446,1,-94
2.4,19.383687413410296,1,-87
2.4,19.56826530517295,1,-87
2.4,19.7693367710318,1,-93
2.4,19.9864040207163,1,-91
2.4,18.715669928342674,1,-90
2.4,20.862335724129018,1,-90
2.4,21.14367516298693,1,-89
2.4,21.444182123120264,1,-89
2.4,22.40130601785678,1,-90
2.4,20.218951876695773,1,-88
2.4,20.50911900896233,1,-89
2.4,20.81878742999746,1,-89
2.4,19.579452957577978,1,-88
2.4,20.198288867656338,1,-91
2.4,20.840789093164517,1,-92
2.4,21.211705201548636,1,-92
2.4,21.59894407347373,1,-93
2.4,22.787714880284984,1,-88
2.4,23.2301075545681,1,-88
2.4,19.03469998855954,1,-92
2.4,19.34264075006588,1,-96
2.4,19.670681196078327,1,-97
2.4,19.967107152278825,1,-96
2.4,20.329862654780154,1,-94
2.4,20.709931508671513,1,-92
2.4,21.106378434622687,1,-91
2.4,21.518298217032545,1,-91
2.4,21.883026012642325,1,-92
2.4,22.32139724572862,1,-92
2.4,18.721824545486445,1,-97
2.4,19.06055250625278,1,-97
2.4,19.36631950465689,1,-96
2.4,19.740118507448084,1,-94
2.4,20.131324502370298,1,-91
2.4,20.538942858661816,1,-89
2.4,20.96201615501275,1,-89
2.4,21.336255308648944,1,-91
2.4,21.78563146037982,1,-92
2.4,22.24795913469663,1,-92
2.4,17.777450039480012,1,-92
2.4,18.10678539768582,1,-95
2.4,18.456804300026825,1,-96
2.4,18.772407791285683,1,-95
2.4,19.157798459477643,1,-94
2.4,19.56065411343916,1,-91
2.4,19.97991834010452,1,-90
2.4,20.41458019183557,1,-91
2.4,20.798671922065598,1,-93
2.4,17.157117853301507,1,-90
2.4,17.498132487889038,1,-88
2.4,18.998635542361296,1,-89
2.4,19.430030880137952,1,-91
2.4,19.87672124709593,1,-92
2.4,20.271006803994453,1,-93
2.4,20.74347281385713,1,-93
2.4,21.22850941330715,1,-94
2.4,16.630439518200866,1,-93
2.4,16.982033626753232,1,-91
2.4,17.354751903493693,1,-89
2.4,17.690027782472605,1,-90
2.4,18.098481441167742,1,-90
2.4,17.119756016676238,1,-89
2.4,17.541493482658847,1,-89
2.4,17.980599020438756,1,-93
2.4,18.43583165103879,1,-93
2.4,20.32248509836333,1,-93
2.4,15.800866822801737,1,-91
2.4,16.200782076293635,1,-92
2.4,16.995086252444626,1,-95
2.4,17.447948425521915,1,-96
2.4,17.91671989487231,1,-96
2.4,18.400184763283043,1,-96
2.4,18.825420808996228,1,-96
2.4,19.33324639493918,1,-92
2.4,19.85276715470841,1,-92
2.4,15.224202950492556,1,-89
2.4,15.63887153887475,1,-92
2.4,16.46031347981872,1,-95
2.4,16.92748851382101,1,-95
2.4,17.410279001704215,1,-95
2.4,17.907421993375348,1,-94
2.4,18.344084380575058,1,-94
2.4,18.864871568428406,1,-90
2.4,19.396941171868793,1,-92
2.4,14.249469150533832,1,-93
2.4,14.6582849816633,1,-87
2.4,15.088514378006082,1,-87
2.4,15.938346306307047,1,-95
2.4,16.420378513037143,1,-95
2.4,16.917646941671656,1,-94
2.4,17.428847511372997,1,-94
2.4,17.87720321771634,1,-95
2.4,18.411201547404993,1,-94
2.4,18.956009336113134,1,-95
2.4,13.759803654430355,1,-86
2.4,14.18274106582065,1,-83
2.4,14.626964540592688,1,-83
2.4,15.023240695155975,1,-90
2.4,15.502119484645675,1,-90
2.4,16.50731969701659,1,-94
2.4,17.030841174503163,1,-94
2.4,18.590726599228656,1,-93
2.4,13.200043929258136,1,-87
2.4,13.640348502365512,1,-93
2.4,16.043708009851763,1,-93
2.4,16.581873061781106,1,-93
2.4,12.654253153000147,1,-88
2.4,15.597741177210601,1,-90
2.4,16.150773274456288,1,-90
2.4,17.206251602466086,1,-93
2.4,17.78800274732965,1,-93
2.4,12.198973251740236,1,-87
2.4,12.67410335796242,1,-95
2.4,14.135008323465179,1,-96
2.4,14.676389468669406,1,-90
2.4,15.230704362166275,1,-85
2.4,15.796591496248523,1,-83
2.4,16.28993469023697,1,-84
2.4,16.874238345591376,1,-84
2.4,17.46705090378644,1,-81
5,13.081168603740357,0,-69
5,12.28064372678289,0,-72
5,11.49484443778433,0,-77
5,10.72700736242643,0,-71
5,13.503757847678344,0,-67
5,12.729835596480575,0,-66
5,11.97355221386341,0,-69
5,11.23846924286412,0,-65
5,13.971613363459012,0,-74
5,13.225098044350217,0,-65
5,12.498818207629286,0,-63
5,11.796511979905537,0,-62
5,10.062891615675404,0,-69
5,9.34125398292541,0,-57
5,8.727664446391104,0,-65
5,8.076469834865279,0,-68
5,7.477071839843339,0,-63
5,6.998550136525263,0,-65
5,6.535819942298537,0,-65
5,6.170427912457669,0,-65
5,5.941993044266901,0,-63
5,5.8072816052612515,0,-62
5,5.810486894184958,0,-54
5,5.929153283798175,0,-57
5,6.184827965874567,0,-72
5,6.555099943719667,0,-75
5,7.021863967412291,0,-72
5,7.503310888675918,0,-81
5,8.105363199561882,0,-80
5,8.75866147887344,0,-70
5,9.37375333667262,0,-69
5,10.096756405968726,0,-82
5,10.846277159752093,0,-83
5,11.53060401459696,0,-84
5,12.317145255542332,0,-85
5,10.606426902500312,0,-65
5,9.924390658512584,0,-61
5,9.349151333573083,0,-68
5,8.74436212440569,0,-66
5,8.19396773653828,0,-71
5,7.759781439107018,0,-71
5,7.345164823705405,0,-64
5,7.022014283102015,0,-59
5,6.822154007889901,0,-64
5,6.705149037274094,0,-59
5,6.707925306437689,0,-52
5,6.810973691920024,0,-58
5,7.0346713453235425,0,-67
5,7.362325667980573,0,-70
5,7.780814709662163,0,-72
5,8.21791812208996,0,-79
5,8.771055612984338,0,-74
5,9.378094415751715,0,-80
5,9.9549864684003,0,-71
5,10.638561645764078,0,-70
5,11.352366810291674,0,-78
5,12.007886279886712,0,-82
5,12.76505273061498,0,-86
5,11.128455301097658,0,-61
5,10.480446349904094,0,-62
5,9.937447177645653,0,-65
5,9.370704067101201,0,-66
5,8.859307705338859,0,-70
5,8.459340029408676,0,-68
5,8.080697496989073,0,-67
5,7.788126240793411,0,-59
5,7.608417119073746,0,-63
5,7.503682386835406,0,-59
5,7.506163312051861,0,-55
5,7.598393802802859,0,-59
5,7.799540158699251,0,-66
5,8.09629946283188,0,-75
5,8.478638056701165,0,-76
5,8.881464069162291,0,-78
5,9.39561825089282,0,-83
5,9.964681661809356,0,-79
5,10.50942345404729,0,-77
5,11.159086864128655,0,-76
5,11.841556398795648,0,-80
5,12.471389604255725,0,-82
5,13.201999733594421,0,-83
5,13.298029204721967,0,-83
5,14.022506246920264,0,-86
5,15.679450183418316,0,-86
5,19.643801485698084,0,-89
5,20.5055157241705,0,-89
5,14.417530489448247,0,-87
5,14.121554816992942,0,-83
5,14.805789785236586,0,-89
5,15.588734697508501,0,-90
5,7.530095343696446,0,-56
5,6.730188452074607,0,-53
5,6.030290185912117,0,-55
5,5.330418637609768,0,-49
5,4.5306140386769975,0,-45
5,3.830851953981866,0,-46
5,3.0312583869749865,0,-46
5,2.3318427336498875,0,-45
5,7.560989461413442,0,-50
5,6.764736680084794,0,-50
5,6.068824060454729,0,-51
5,5.373973260319018,0,-50
5,4.581777964710134,0,-52
5,3.8912276268258736,0,-51
5,3.1072098672365915,0,-50
5,2.4297564250191876,0,-47
5,7.675596874904998,0,-49
5,6.892596615306228,0,-52
5,6.211026584003684,0,-51
5,5.534059482248999,0,-51
5,4.768533848925639,0,-51
5,4.1094863662286505,0,-51
5,3.3765335641007144,0,-50
5,2.765852858589599,0,-47
5,7.870261313101213,0,-51
5,7.108735038793972,0,-51
5,6.450044726794282,0,-49
5,5.8010378471025605,0,-49
5,5.075937432513903,0,-49
5,4.462522150607817,0,-49
5,3.7983160294984577,0,-48
5,3.267440555819572,0,-46
5,8.139240682455817,0,-47
5,7.405426361947256,0,-50
5,6.775640392471619,0,-48
5,6.161027986786178,0,-47
5,5.4837365517721635,0,-46
5,4.921415415824155,0,-46
5,4.328213304631734,0,-47
5,3.870709694133718,0,-46
5,8.43001698803652,0,-50
5,7.723877726496183,0,-49
5,7.122306526662092,0,-49
5,6.540352695811062,0,-46
5,5.90671770959833,0,-46
5,5.388717586471954,0,-45
5,4.852976194257668,0,-47
5,4.4497574167477065,0,-48
5,8.818810133404083,0,-52
5,8.14644173147455,0,-47
5,7.5784877126099275,0,-45
5,7.034375532771139,0,-45
5,6.449460431022796,0,-44
5,5.97867066973908,0,-46
5,5.500691201338052,0,-49
5,5.1484528567665295,0,-49
5,9.260541988430091,0,-56
5,8.62268743691642,0,-54
5,8.088244664982994,0,-52
5,7.580808986282101,0,-51
5,7.041432070379928,0,-46
5,6.6129213459442076,0,-46
5,6.184159558333215,0,-47
5,5.873056492899898,0,-62
5,1.7293334813566745,0,-47
5,0.9293519274315425,0,-46
5,0.030550118005994758,0,-45
5,0.8707305061841152,0,-42
5,1.9455328984607818,0,-46
5,1.2877107494591857,0,-43
5,0.8918729051620501,0,-43
5,1.246064036737944,0,-38
5,2.4899000438261063,0,-47
5,2.0180938886793083,0,-46
5,1.7916308906173253,0,-47
5,1.9917779878549957,0,-44
5,3.1990789608100116,0,-48
5,2.847315738160556,0,-48
5,2.691550708693085,0,-43
5,2.8287247165738334,0,-44
5,3.986051952339467,0,-50
5,3.70967800247256,0,-50
5,3.591510710929074,0,-50
5,3.695427917225247,0,-46
5,4.812807303019858,0,-55
5,4.586525357095588,0,-50
5,4.491486742268117,0,-50
5,4.575007263454315,0,-48
5,5.661944728205432,0,-46
5,5.470897441968074,0,-48
5,5.391470775699546,0,-50
5,5.461244860827221,0,-54
5,1.5707115394843243,0,-56
5,2.4707029455113987,0,-61
5,3.270699276949535,0,-66
5,4.070697050324147,0,-68
5,4.9706954020747665,0,-70
5,5.7706943685735705,0,-67
5,6.5706935867354375,0,-66
5,7.470692907318286,0,-65
5,8.270692427525958,0,-67
5,9.070692032365265,0,-68
5,9.970691663606104,0,-71
5,1.758795181570458,0,-59
5,2.5943397609806134,0,-64
5,3.3650705060495323,0,-61
5,4.146902485707128,0,-61
5,5.033293010609801,0,-64
5,5.824700785957418,0,-64
5,6.618174972091055,0,-65
5,7.512488154127232,0,-65
5,8.308464297400661,0,-69
5,9.105145781175661,0,-68
5,10.00204569081498,0,-68
5,2.308216727252335,0,-64
5,2.994178145110435,0,-63
5,3.6821465858839018,0,-63
5,4.408095302419853,0,-64
5,5.250575444644662,0,-65
5,6.013455181107196,0,-62
5,6.7848908561939645,0,-63
5,7.659763849829446,0,-63
5,8.441864897665296,0,-63
5,9.227035475477102,0,-65
5,10.113131165489872,0,-61
5,3.0302423053642915,0,-60
5,3.580447839853135,0,-63
5,4.1728536338084625,0,-63
5,4.825537085596586,0,-63
5,5.605626322647408,0,-62
5,6.3258317385492475,0,-65
5,7.063232114246032,0,-63
5,7.907369107636624,0,-62
5,8.66715564182884,0,-62
5,9.433593569524021,0,-63
5,10.301937970093517,0,-63
5,3.7374582512271246,0,-63
5,4.1959304670543816,0,-66
5,4.711574386511871,0,-62
5,5.298304815213467,0,-65
5,6.017414080782851,0,-72
5,6.6934574724041696,0,-68
5,7.39428655450698,0,-66
5,8.204432457815242,0,-64
5,8.93900512753694,0,-59
5,9.683951331218637,0,-63
5,10.53167373640585,0,-68
5,4.569802856679682,0,-60
5,4.951801334222453,0,-62
5,5.395686904267776,0,-66
5,5.914941917226768,0,-61
5,6.566869588232721,0,-66
5,7.191444702153753,0,-66
5,7.847928237402198,0,-64
5,8.615521802195403,0,-65
5,9.317742035460297,0,-66
5,10.034610971764838,0,-66
5,10.854982987520193,0,-65
5,5.615528341641711,0,-68
5,5.930547770692923,0,-64
5,6.30590973418985,0,-63
5,6.755560546026495,0,-63
5,7.3331327954510215,0,-69
5,7.897337355780036,0,-65
5,8.499472808726333,0,-71
5,9.212940699416654,0,-68
5,9.872759343073612,0,-66
5,10.551989279824292,0,-67
5,11.334977550318145,0,-63
2.4,12.4416360988106,2,-92
2.4,13.542707752953264,2,-92
2.4,13.065349398008737,2,-92
2.4,12.210672126886035,2,-92
2.4,11.738779127339363,2,-94
2.4,14.170884917983091,2,-88
2.4,13.697167625785537,2,-91
2.4,13.225385536120081,2,-93
2.4,12.755753375993166,2,-93
2.4,12.381760031484962,2,-94
2.4,14.336019218935487,2,-89
2.4,12.112550135062076,2,-93
2.4,14.516504907609637,2,-93
2.4,14.05444187233351,2,-93
2.4,13.595063734788015,2,-93
2.4,12.77587244970818,2,-95
2.4,12.32563744645117,2,-95
2.4,13.80337732730346,2,-92
2.4,13.354087286297856,2,-94
2.4,12.9973222064462,2,-94
2.4,14.427778005616181,2,-93
2.4,13.980672365429669,2,-93
2.4,9.782917245487113,2,-93
2.4,9.224075875892678,2,-93
2.4,8.762533730284412,2,-91
2.4,8.214627399130663,2,-93
2.4,11.025330086400428,2,-94
2.4,10.562022776165241,2,-92
2.4,10.01071581138979,2,-92
2.4,11.259967350682988,2,-92
2.4,10.806724126607177,2,-91
2.4,10.268563301687823,2,-92
2.4,9.73763309089771,2,-92
2.4,11.52110350456098,2,-94
2.4,11.078548983190627,2,-94
2.4,10.554257600851438,2,-91
2.4,10.038449055372373,2,-91
2.4,4.366236094196341,2,-91
2.4,4.502884178991296,2,-89
2.4,8.981983797289322,2,-87
2.4,9.689581065965397,2,-87
2.4,5.377620945282948,2,-93
2.4,5.5109381825894665,2,-94
2.4,5.891000041492368,2,-95
2.4,7.432443738347306,2,-94
2.4,8.028273053580408,2,-94
2.4,10.7695150752867,2,-89
2.4,6.062127032301769,2,-89
2.4,6.161276852642725,2,-91
2.4,6.3602893608748845,2,-91
2.4,9.91773156827048,2,-95
2.4,10.562828587050726,2,-95
2.4,14.333968679454587,2,-97
2.4,15.098165663508011,2,-97
2.4,39.68586240808069,2,-98
2.4,13.85110953058285,2,-93
2.4,14.596752499352391,2,-93
2.4,14.168124810713948,2,-93
2.4,14.897909549702447,2,-93
2.4,8.535187603635498,1,-76
2.4,9.331820254687381,1,-74
2.4,10.145753353119437,1,-83
2.4,10.97313778911369,1,-66
2.4,9.007345254345969,1,-66
2.4,9.765536870419844,1,-79
2.4,10.546049127709868,1,-89
2.4,11.344275827068497,1,-79
2.4,9.54123208148322,1,-74
2.4,11.005543753300234,1,-74
2.4,12.563245722127807,1,-86
2.4,13.32092682112284,1,-86
2.4,15.04174109093728,1,-86
2.4,15.81220804776924,1,-86
2.4,12.06584196563828,1,-86
2.4,15.314594873796917,1,-86
2.4,16.07198694771975,1,-86
2.4,17.789762452623005,1,-87
2.4,13.944621109919435,1,-89
2.4,14.766377339610123,1,-89
2.4,15.596773434665643,1,-91
2.4,16.341092064835788,1,-88
2.4,17.184432830558585,1,-83
2.4,19.649009228971522,1,-94
2.4,21.27789824714593,1,-91
2.4,22.144579374023714,1,-91
2.4,11.787855233226614,1,-78
2.4,12.579565942378746,1,-87
2.4,13.273128269568144,1,-87
2.4,13.967332917281052,1,-80
2.4,14.761379919279568,1,-81
2.4,15.456674670933067,1,-85
2.4,11.6959846282078,1,-85
2.4,12.493518508507536,1,-85
2.4,13.88988532155424,1,-86
2.4,14.688119775692025,1,-86
2.4,15.386725360089747,1,-86
2.4,16.185279287240494,1,-86
2.4,16.884126283812556,1,-87
2.4,11.658412492575406,1,-81
2.4,12.458351823021594,1,-78
2.4,13.158304788533334,1,-89
2.4,13.858262505440322,1,-84
2.4,14.658219126784818,1,-79
2.4,15.358184877471492,1,-79
2.4,16.158149368963677,1,-83
2.4,16.858121063496224,1,-85
2.4,13.17359139838884,1,-91
2.4,13.872777843440664,1,-83
2.4,14.67194306806721,1,-76
2.4,15.37128388113235,1,-76
2.4,16.170600373934988,1,-79
2.4,16.870055459756504,1,-83
2.4,13.237297146905389,1,-94
2.4,13.933287139696192,1,-85
2.4,14.729169658075453,1,-78
2.4,15.425916296224491,1,-77
2.4,16.22254116583686,1,-81
2.4,16.919849190788472,1,-87
2.4,14.023505277319854,1,-85
2.4,14.814541793864738,1,-84
2.4,15.507453154013357,1,-83
2.4,16.300093607800726,1,-87
2.4,16.99421979335385,1,-93
2.4,12.025321944302704,1,-84
2.4,14.168317673131941,1,-89
2.4,14.951694686085927,1,-86
2.4,15.638530261750429,1,-85
2.4,12.24626037971973,1,-80
2.4,13.010105364179049,1,-80
2.4,15.809052918231663,1,-89
2.4,16.587287375294256,1,-84
2.4,17.53512109585491,1,-83
2.4,18.331732600751163,1,-80
2.4,19.228256862804383,1,-78
2.4,17.473503167597265,1,-82
2.4,18.27280113302771,1,-82
2.4,20.071426080880755,1,-87
2.4,17.4581257312968,1,-86
2.4,18.25809689833293,1,-90
2.4,19.15806733951667,1,-92
2.4,17.489110759312585,1,-90
2.4,18.287726579612084,1,-92
2.4,17.566212917223762,1,-94
2.4,18.3614755548781,1,-94
2.4,19.256615133219203,1,-82
2.4,20.152187678400264,1,-84
2.4,19.36853292045277,1,-89
2.4,19.521344948348165,1,-85
2.4,20.405302017586973,1,-91
2.4,20.822818218970216,1,-83
2.4,21.72011050655173,1,-88
2.4,22.517885085326416,1,-88
2.4,23.31581216717773,1,-92
2.4,24.213643650876953,1,-87
2.4,25.01184693601816,1,-89
2.4,25.81016147663451,1,-87
2.4,26.708385898187274,1,-91
2.4,29.2040273887237,1,-92
2.4,20.774799253038356,1,-92
2.4,21.674079584623286,1,-91
2.4,22.47348825037473,1,-90
2.4,23.272937554998897,1,-91
2.4,24.172361578369188,1,-91
2.4,25.771436919072112,1,-92
2.4,26.670965537645127,1,-92
2.4,27.470572455072737,1,-90
2.4,28.270201614218248,1,-90
2.4,20.75753176815054,1,-92
2.4,21.657529105193873,1,-92
2.4,22.457526917304737,1,-91
2.4,23.257524879931093,1,-90
2.4,24.157522749180114,1,-95
2.4,24.957520984190353,1,-90
2.4,25.75751932883772,1,-92
2.4,26.657517585326467,1,-91
2.4,27.45751613149188,1,-92
2.4,28.257514759976395,1,-93
2.4,29.15751330698187,1,-91
2.4,20.77926770142573,1,-89
2.4,21.67836266981562,1,-93
2.4,22.477619009654973,1,-90
2.4,23.27692644320443,1,-89
2.4,24.17620206895389,1,-88
2.4,24.975601990303208,1,-91
2.4,25.775039147927295,1,-93
2.4,26.67444629066788,1,-92
2.4,27.473951903810136,1,-92
2.4,28.27348548573415,1,-94
2.4,29.172991333570174,1,-91
2.4,22.525671616335163,1,-89
2.4,23.323332310502174,1,-86
2.4,25.018857292086757,1,-88
2.4,26.714951063730037,1,-93
2.4,27.51327967794166,1,-93
2.4,22.613463309911275,1,-91
2.4,23.40813258608748,1,-91
2.4,23.558101443569843,1,-89
2.4,26.920158318570554,1,-90
2.4,27.712576065679105,1,-90
2.4,2.7487506879987973,0,-31
2.4,2.0488631214818454,0,-27
2.4,1.349092226781701,0,-27
2.4,0.6498150368814983,0,-33
2.4,0.06444881675520073,0,-34
2.4,0.6529650800583704,0,-44
2.4,1.4522013701758982,0,-37
2.4,2.1519987372987126,0,-45
2.4,2.8518955645552166,0,-49
2.4,3.451840433588084,0,-49
2.4,2.8259662252984663,0,-36
2.4,2.151347217982753,0,-31
2.4,1.500168189942917,0,-36
2.4,0.9234253320713603,0,-37
2.4,0.6592483687768552,0,-33
2.4,0.925644725329018,0,-35
2.4,1.5935317948803391,0,-40
2.4,2.2497896184063637,0,-39
2.4,2.926390792919414,0,-43
2.4,3.5136387322414593,0,-47
2.4,3.0653776061492755,0,-39
2.4,2.457386744913371,0,-44
2.4,1.913363363261252,0,-40
2.4,1.504383297456105,0,-44
2.4,1.3583310250041212,0,-38
2.4,1.5057466318352617,0,-32
2.4,1.9874099584756932,0,-32
2.4,2.544014168365195,0,-43
2.4,3.158198510961165,0,-51
2.4,3.7089232807462023,0,-44
2.4,3.374240817227167,0,-42
2.4,2.833321520483747,0,-38
2.4,2.3769561595096382,0,-45
2.4,2.062069429002162,0,-39
2.4,1.9580664947465767,0,-39
2.4,2.0630642606675234,0,-44
2.4,2.436957030275412,0,-36
2.4,2.908774538049186,0,-41
2.4,3.4587828869412602,0,-51
2.4,3.968006190370873,0,-50
2.4,3.8230819837397756,0,-37
2.4,3.3553190012560843,0,-38
2.4,2.979995863417365,0,-44
2.4,2.73543142699266,0,-34
2.4,2.657908794447797,0,-36
2.4,2.7361814459931986,0,-42
2.4,3.0280710574823955,0,-46
2.4,3.41927244819085,0,-42
2.4,3.897901207156425,0,-35
2.4,4.356090895352778,0,-45
2.4,4.262032036336197,0,-39
2.4,3.848002965766858,0,-41
2.4,3.525526424570523,0,-34
2.4,3.3213771716171454,0,-43
2.4,3.2578275558972347,0,-37
2.4,3.321994902127009,0,-38
2.4,3.566255116157979,0,-42
2.4,3.9038936075817254,0,-37
2.4,4.3292718839444495,0,-43
2.4,4.745997167396518,0,-42
2.4,4.818233269623821,0,-36
2.4,4.456184644547882,0,-37
2.4,4.180884037150374,0,-45
2.4,4.010237035125643,0,-35
2.4,3.9577639072735433,0,-43
2.4,4.01074866970141,0,-39
2.4,4.215285318371315,0,-43
2.4,4.504535498924529,0,-49
2.4,4.877811989700477,0,-46
2.4,5.251184997187737,0,-47
2.4,5.40794106867518,0,-40
2.4,5.0880287290912705,0,-35
2.4,4.848736546137829,0,-34
2.4,4.7023883122990915,0,-44
2.4,4.657719389086352,0,-42
2.4,4.702824646238198,0,-47
2.4,4.878430595696791,0,-42
2.4,5.130428327423067,0,-39
2.4,5.461090053150516,0,-47
2.4,5.797016356406402,0,-51
2.4,5.932519517593184,0,-39
2.4,5.642428340033973,0,-34
2.4,5.427633675757145,0,-39
2.4,5.29730281029955,0,-37
2.4,5.257690665285602,0,-43
2.4,5.297690145490376,0,-38
2.4,5.454176959119585,0,-43
2.4,5.680691511355414,0,-48
2.4,5.981008760483463,0,-49
2.4,6.289225696443385,0,-47
2.4,6.560887332394747,0,-36
2.4,6.299797801054597,0,-45
2.4,6.108163560348299,0,-39
2.4,5.99265148542457,0,-40
2.4,5.957664466347962,0,-36
2.4,5.992993879471231,0,-73
2.4,6.1317616606603975,0,-52
2.4,6.334091158875064,0,-43
2.4,6.6047649886073705,0,-37
2.4,6.885115440031313,0,-43
2.4,7.110147945910709,0,-38
2.4,6.869964596599662,0,-45
2.4,6.694671261856494,0,-44
2.4,6.589448615030071,0,-41
2.4,6.557646461799047,0,-37
2.4,6.589760000465878,0,-36
2.4,6.716208922264492,0,-42
2.4,6.901425362437797,0,-43
2.4,7.150656038371174,0,-45
2.4,7.410382975725208,0,-53
2.4,5.39174033062979,0,-52
2.4,5.8560018665266576,0,-51
2.4,6.343079057412692,0,-57
2.4,6.933748025013744,0,-54
2.4,5.805155038179447,0,-50
2.4,6.238727361018758,0,-55
2.4,6.6980305428497315,0,-45
2.4,7.259877609074576,0,-54
2.4,6.248902803025555,0,-48
2.4,6.653621593499625,0,-55
2.4,7.086083147783992,0,-63
2.4,7.619369010823848,0,-50
2.4,6.797002354230461,0,-50
2.4,7.170853162019028,0,-46
2.4,7.573838467980557,0,-55
2.4,8.07497609190619,0,-53
2.4,7.287537459785359,0,-48
2.4,7.637414241456247,0,-44
2.4,8.016981374770836,0,-52
2.4,8.492008013963305,0,-53
2.4,7.793405125626103,0,-48
2.4,8.121518178269325,0,-60
2.4,8.479442881922306,0,-56
2.4,8.92990264972566,0,-59
2.4,4.051801629741691,0,-51
2.4,4.651772835661828,0,-52
2.4,5.251750620738296,0,-57
2.4,5.851732961290094,0,-59
2.4,4.104576861082178,0,-52
2.4,4.697812818360805,0,-49
2.4,5.292573980983059,0,-48
2.4,5.888398204265973,0,-52
2.4,4.272938797863249,0,-55
2.4,4.845606261151321,0,-52
2.4,5.424186031648682,0,-50
2.4,6.006969966110746,0,-54
2.4,4.499663009009167,0,-47
2.4,5.046668332917202,0,-50
2.4,5.6045298937817325,0,-54
2.4,6.170303833533397,0,-64
2.4,4.845350550414203,0,-50
2.4,5.357174257406892,0,-44
2.4,5.885678388431266,0,-44
2.4,6.426749112877422,0,-51
2.4,6.451718586397952,0,-57
2.4,7.151704864147241,0,-57
2.4,7.851693588625434,0,-59
2.4,8.451685410466105,0,-57
2.4,9.151677224600972,0,-60
2.4,9.851670202005067,0,-55
2.4,10.551664111166025,0,-60
2.4,11.25165877818304,0,-60
2.4,11.851654708456847,0,-56
2.4,12.551650452202766,0,-57
2.4,13.251646645608849,0,-54
2.4,6.484992481092526,0,-59
2.4,7.1817363656445306,0,-55
2.4,7.87905749258219,0,-56
2.4,8.47711277731041,0,-59
2.4,9.175164891435681,0,-58
2.4,9.873492823252992,0,-60
2.4,10.572041916140083,0,-59
2.4,11.270771048265388,0,-57
2.4,11.869800928837904,0,-56
2.4,12.568786092381226,0,-61
2.4,13.26787826224789,0,-57
2.4,6.592843259291123,0,-53
2.4,7.27927139124342,0,-52
2.4,7.968061353501826,0,-54
2.4,8.559900455086684,0,-53
2.4,9.251708250198325,0,-56
2.4,9.94466265353341,0,-54
2.4,10.638539610227369,0,-61
2.4,11.333169670668973,0,-64
2.4,11.929066554093616,0,-50
2.4,12.624770833476127,0,-64
2.4,13.320925205990156,0,-60
2.4,6.74199847715355,0,-54
2.4,7.414631023303541,0,-54
2.4,8.091907250922352,0,-52
2.4,8.675301552416125,0,-51
2.4,9.358582519332089,0,-52
2.4,10.044166292776248,0,-53
2.4,10.731611540804908,0,-55
2.4,11.42058212213946,0,-57
2.4,12.012143442215272,0,-59
2.4,12.703298777173979,0,-62
2.4,13.395372692386886,0,-65
2.4,6.977463595583612,0,-57
2.4,7.629364847317836,0,-54
2.4,8.289114411038343,0,-51
2.4,8.859532255548675,0,-50
2.4,9.529612874241112,0,-50
2.4,10.2037116422749,0,-52
2.4,10.881081794770724,0,-54
2.4,11.56114833268241,0,-56
2.4,12.14586533920532,0,-59
2.4,12.82981896146254,0,-59
2.4,13.515415803063481,0,-66
2.4,7.272926026672373,0,-57
2.4,7.900484968357507,0,-56
2.4,8.539313349505177,0,-53
2.4,9.094051162648096,0,-51
2.4,9.748024225177927,0,-51
2.4,10.407986646823204,0,-53
2.4,11.07286755028907,0,-55
2.4,11.74183143858057,0,-57
2.4,12.31797465494482,0,-59
2.4,12.99287148191875,0,-63
2.4,13.670293306708963,0,-62
2.4,7.621411139100305,0,-63
2.4,8.222415551223175,0,-59
2.4,8.83800470936688,0,-56
2.4,9.375085136179566,0,-50
2.4,10.01071581138979,0,-52
2.4,10.654418839251813,0,-55
2.4,11.304815369920842,0,-58
2.4,11.960813529764307,0,-57
2.4,12.526889253187193,0,-56
2.4,13.19110170180684,0,-59
2.4,13.858837391830734,0,-61
2.4,7.957064092714258,0,-52
2.4,8.534464173066585,0,-56
2.4,9.129035462038228,0,-53
2.4,9.649931737322053,0,-59
2.4,10.268563301687823,0,-61
2.4,10.897045564122614,0,-54
2.4,11.533768324895332,0,-59
2.4,12.177439037751462,0,-61
2.4,12.733888470768745,0,-61
2.4,13.387834975520564,0,-60
2.4,14.046221380768783,0,-56
2.4,8.38601954071873,0,-58
2.4,8.935744707807565,0,-53
2.4,9.505248193966601,0,-55
2.4,10.006579700213715,0,-58
2.4,10.604425823330734,0,-63
2.4,11.21410080159431,0,-58
2.4,11.833776511921824,0,-57
2.4,12.461961173102212,0,-55
2.4,13.00624351408703,0,-54
2.4,13.647145492502288,0,-58
2.4,14.293592614850889,0,-59
2.4,8.849620246037126,0,-55
2.4,9.37219228595235,0,-54
2.4,9.91666264378592,0,-53
2.4,10.398177343096386,0,-53
2.4,10.974711923521161,0,-56
2.4,11.564882686394704,0,-56
2.4,12.166705441320856,0,-56
2.4,12.778533994228795,0,-55
2.4,13.309876975745672,0,-56
2.4,13.936822982849403,0,-56
2.4,14.570423624626489,0,-61
2.4,9.342710166799781,0,-65
2.4,9.839128162932859,0,-68
2.4,10.35908551718794,0,-55
2.4,10.820930959036604,0,-58
2.4,11.376060678724922,0,-54
2.4,11.946420648538446,0,-54
2.4,12.52993120721819,0,-53
2.4,13.124838505803211,0,-53
2.4,13.642700607696357,0,-54
2.4,14.255016296624607,0,-61
2.4,14.875069726318175,0,-65
2.4,9.860866494511413,0,-56
2.4,10.332419744105072,0,-54
2.4,10.828716799056421,0,-58
2.4,11.271335394796422,0,-49
2.4,11.805304372517684,0,-54
2.4,12.355865856894836,0,-53
2.4,12.920898994240845,0,-53
2.4,13.498586613611385,0,-53
2.4,14.00263313212884,0,-54
2.4,14.599861108201917,0,-58
2.4,15.205859203760282,0,-65
2.4,10.322095196564417,0,-58
2.4,10.773479428333854,0,-59
2.4,11.250336383349929,0,-54
2.4,11.676984319864056,0,-56
2.4,12.193201899097119,0,-57
2.4,12.726994236579978,0,-54
2.4,13.276241638495984,0,-62
2.4,13.839104081895218,0,-58
2.4,14.331179150975428,0,-53
2.4,14.91525747693104,0,-52
2.4,15.508936628568113,0,-59
2.4,10.877320626362541,0,-55
2.4,11.306560650988724,0,-59
2.4,11.761824837170504,0,-63
2.4,12.170555351671707,0,-62
2.4,12.666673885195724,0,-62
2.4,13.181306348753669,0,-62
2.4,13.71236838790033,0,-58
2.4,14.258024286389846,0,-59
2.4,14.736117216523034,0,-59
2.4,15.304749601509366,0,-60
2.4,15.883877678661955,0,-62
2.4,11.44843040641143,0,-51
2.4,11.857013473731078,0,-57
2.4,12.291907022998291,0,-61
2.4,12.68356701917322,0,-61
2.4,13.160360256301995,0,-64
2.4,13.656401129926126,0,-70
2.4,14.169668364758651,0,-65
2.4,14.69835743588502,0,-71
2.4,15.162572518568885,0,-64
2.4,15.715782358083702,0,-63
2.4,16.280295601507035,0,-62
2.4,11.948871076164735,0,-44
2.4,12.340896634386043,0,-51
2.4,12.759307954838114,0,-56
2.4,13.137040517339475,0,-61
2.4,13.597942612763651,0,-65
2.4,14.078574254725085,0,-67
2.4,14.57698400875855,0,-68
2.4,15.091410554928155,0,-67
2.4,15.54389161713439,0,-65
2.4,16.08399130660718,0,-62
2.4,16.636014730000984,0,-58
5,2.7487506879987973,0,-37
5,2.0488631214818454,0,-37
5,1.349092226781701,0,-40
5,0.6498150368814983,0,-41
5,0.06444881675520073,0,-43
5,0.6529650800583704,0,-42
5,1.4522013701758982,0,-53
5,2.1519987372987126,0,-50
5,2.8518955645552166,0,-52
5,3.451840433588084,0,-53
5,2.8259662252984663,0,-42
5,2.151347217982753,0,-39
5,1.500168189942917,0,-38
5,0.9234253320713603,0,-41
5,0.6592483687768552,0,-44
5,0.925644725329018,0,-44
5,1.5935317948803391,0,-45
5,2.2497896184063637,0,-47
5,2.926390792919414,0,-47
5,3.5136387322414593,0,-53
5,3.0653776061492755,0,-41
5,2.457386744913371,0,-39
5,1.913363363261252,0,-38
5,1.504383297456105,0,-44
5,1.3583310250041212,0,-45
5,1.5057466318352617,0,-50
5,1.9874099584756932,0,-47
5,2.544014168365195,0,-52
5,3.158198510961165,0,-52
5,3.7089232807462023,0,-53
5,3.374240817227167,0,-47
5,2.833321520483747,0,-40
5,2.3769561595096382,0,-40
5,2.062069429002162,0,-41
5,1.9580664947465767,0,-42
5,2.0630642606675234,0,-44
5,2.436957030275412,0,-44
5,2.908774538049186,0,-43
5,3.4587828869412602,0,-49
5,3.968006190370873,0,-46
5,3.8230819837397756,0,-43
5,3.3553190012560843,0,-39
5,2.979995863417365,0,-39
5,2.73543142699266,0,-45
5,2.657908794447797,0,-49
5,2.7361814459931986,0,-49
5,3.0280710574823955,0,-49
5,3.41927244819085,0,-48
5,3.897901207156425,0,-49
5,4.356090895352778,0,-49
5,4.262032036336197,0,-44
5,3.848002965766858,0,-44
5,3.525526424570523,0,-41
5,3.3213771716171454,0,-45
5,3.2578275558972347,0,-49
5,3.321994902127009,0,-49
5,3.566255116157979,0,-48
5,3.9038936075817254,0,-50
5,4.3292718839444495,0,-47
5,4.745997167396518,0,-46
5,4.818233269623821,0,-52
5,4.456184644547882,0,-46
5,4.180884037150374,0,-46
5,4.010237035125643,0,-52
5,3.9577639072735433,0,-47
5,4.01074866970141,0,-45
5,4.215285318371315,0,-48
5,4.504535498924529,0,-53
5,4.877811989700477,0,-49
5,5.251184997187737,0,-51
5,5.40794106867518,0,-46
5,5.0880287290912705,0,-45
5,4.848736546137829,0,-44
5,4.7023883122990915,0,-45
5,4.657719389086352,0,-47
5,4.702824646238198,0,-46
5,4.878430595696791,0,-49
5,5.130428327423067,0,-44
5,5.461090053150516,0,-48
5,5.797016356406402,0,-49
5,5.932519517593184,0,-44
5,5.642428340033973,0,-43
5,5.427633675757145,0,-42
5,5.29730281029955,0,-51
5,5.257690665285602,0,-49
5,5.297690145490376,0,-52
5,5.454176959119585,0,-51
5,5.680691511355414,0,-53
5,5.981008760483463,0,-56
5,6.289225696443385,0,-53
5,6.560887332394747,0,-49
5,6.299797801054597,0,-46
5,6.108163560348299,0,-44
5,5.99265148542457,0,-46
5,5.957664466347962,0,-50
5,5.992993879471231,0,-48
5,6.1317616606603975,0,-49
5,6.334091158875064,0,-52
5,6.6047649886073705,0,-52
5,6.885115440031313,0,-53
5,7.110147945910709,0,-51
5,6.869964596599662,0,-48
5,6.694671261856494,0,-47
5,6.589448615030071,0,-51
5,6.557646461799047,0,-46
5,6.589760000465878,0,-50
5,6.716208922264492,0,-51
5,6.901425362437797,0,-54
5,7.150656038371174,0,-55
5,7.410382975725208,0,-56
5,5.39174033062979,0,-61
5,5.8560018665266576,0,-60
5,6.343079057412692,0,-57
5,6.933748025013744,0,-56
5,5.805155038179447,0,-53
5,6.238727361018758,0,-56
5,6.6980305428497315,0,-53
5,7.259877609074576,0,-60
5,6.248902803025555,0,-55
5,6.653621593499625,0,-54
5,7.086083147783992,0,-62
5,7.619369010823848,0,-64
5,6.797002354230461,0,-58
5,7.170853162019028,0,-53
5,7.573838467980557,0,-57
5,8.07497609190619,0,-61
5,7.287537459785359,0,-57
5,7.637414241456247,0,-55
5,8.016981374770836,0,-59
5,8.492008013963305,0,-61
5,7.793405125626103,0,-57
5,8.121518178269325,0,-53
5,8.479442881922306,0,-55
5,8.92990264972566,0,-56
5,4.051801629741691,0,-54
5,4.651772835661828,0,-56
5,5.251750620738296,0,-57
5,5.851732961290094,0,-57
5,4.104576861082178,0,-55
5,4.697812818360805,0,-60
5,5.292573980983059,0,-62
5,5.888398204265973,0,-62
5,4.272938797863249,0,-64
5,4.845606261151321,0,-57
5,5.424186031648682,0,-56
5,6.006969966110746,0,-56
5,4.499663009009167,0,-49
5,5.046668332917202,0,-56
5,5.6045298937817325,0,-57
5,6.170303833533397,0,-60
5,4.845350550414203,0,-52
5,5.357174257406892,0,-51
5,5.885678388431266,0,-58
5,6.426749112877422,0,-54
5,6.451718586397952,0,-58
5,7.151704864147241,0,-57
5,7.851693588625434,0,-59
5,8.451685410466105,0,-63
5,9.151677224600972,0,-60
5,9.851670202005067,0,-63
5,10.551664111166025,0,-66
5,11.25165877818304,0,-63
5,11.851654708456847,0,-67
5,12.551650452202766,0,-61
5,13.251646645608849,0,-58
5,6.484992481092526,0,-60
5,7.1817363656445306,0,-60
5,7.87905749258219,0,-58
5,8.47711277731041,0,-59
5,9.175164891435681,0,-59
5,9.873492823252992,0,-59
5,10.572041916140083,0,-59
5,11.270771048265388,0,-61
5,11.869800928837904,0,-58
5,12.568786092381226,0,-62
5,13.26787826224789,0,-63
5,6.592843259291123,0,-55
5,7.27927139124342,0,-58
5,7.968061353501826,0,-57
5,8.559900455086684,0,-54
5,9.251708250198325,0,-54
5,9.94466265353341,0,-55
5,10.638539610227369,0,-57
5,11.333169670668973,0,-58
5,11.929066554093616,0,-57
5,12.624770833476127,0,-64
5,13.320925205990156,0,-67
5,6.74199847715355,0,-65
5,7.414631023303541,0,-59
5,8.091907250922352,0,-57
5,8.675301552416125,0,-54
5,9.358582519332089,0,-53
5,10.044166292776248,0,-52
5,10.731611540804908,0,-52
5,11.42058212213946,0,-54
5,12.012143442215272,0,-57
5,12.703298777173979,0,-61
5,13.395372692386886,0,-63
5,6.977463595583612,0,-60
5,7.629364847317836,0,-60
5,8.289114411038343,0,-58
5,8.859532255548675,0,-56
5,9.529612874241112,0,-54
5,10.2037116422749,0,-53
5,10.881081794770724,0,-53
5,11.56114833268241,0,-54
5,12.14586533920532,0,-57
5,12.82981896146254,0,-61
5,13.515415803063481,0,-67
5,7.272926026672373,0,-59
5,7.900484968357507,0,-59
5,8.539313349505177,0,-59
5,9.094051162648096,0,-58
5,9.748024225177927,0,-57
5,10.407986646823204,0,-56
5,11.07286755028907,0,-55
5,11.74183143858057,0,-56
5,12.31797465494482,0,-58
5,12.99287148191875,0,-60
5,13.670293306708963,0,-69
5,7.621411139100305,0,-57
5,8.222415551223175,0,-58
5,8.83800470936688,0,-62
5,9.375085136179566,0,-62
5,10.01071581138979,0,-60
5,10.654418839251813,0,-58
5,11.304815369920842,0,-59
5,11.960813529764307,0,-57
5,12.526889253187193,0,-61
5,13.19110170180684,0,-64
5,13.858837391830734,0,-63
5,7.957064092714258,0,-56
5,8.534464173066585,0,-55
5,9.129035462038228,0,-56
5,9.649931737322053,0,-60
5,10.268563301687823,0,-63
5,10.897045564122614,0,-58
5,11.533768324895332,0,-62
5,12.177439037751462,0,-59
5,12.733888470768745,0,-57
5,13.387834975520564,0,-61
5,14.046221380768783,0,-63
5,8.38601954071873,0,-61
5,8.935744707807565,0,-58
5,9.505248193966601,0,-57
5,10.006579700213715,0,-60
5,10.604425823330734,0,-59
5,11.21410080159431,0,-62
5,11.833776511921824,0,-58
5,12.461961173102212,0,-60
5,13.00624351408703,0,-57
5,13.647145492502288,0,-54
5,14.293592614850889,0,-63
5,8.849620246037126,0,-57
5,9.37219228595235,0,-57
5,9.91666264378592,0,-55
5,10.398177343096386,0,-56
5,10.974711923521161,0,-58
5,11.564882686394704,0,-58
5,12.166705441320856,0,-57
5,12.778533994228795,0,-56
5,13.309876975745672,0,-57
5,13.936822982849403,0,-59
5,14.570423624626489,0,-62
5,9.342710166799781,0,-62
5,9.839128162932859,0,-57
5,10.35908551718794,0,-55
5,10.820930959036604,0,-59
5,11.376060678724922,0,-57
5,11.946420648538446,0,-57
5,12.52993120721819,0,-56
5,13.124838505803211,0,-56
5,13.642700607696357,0,-58
5,14.255016296624607,0,-63
5,14.875069726318175,0,-66
5,9.860866494511413,0,-61
5,10.332419744105072,0,-58
5,10.828716799056421,0,-58
5,11.271335394796422,0,-59
5,11.805304372517684,0,-57
5,12.355865856894836,0,-57
5,12.920898994240845,0,-57
5,13.498586613611385,0,-57
5,14.00263313212884,0,-59
5,14.599861108201917,0,-63
5,15.205859203760282,0,-60
5,10.322095196564417,0,-61
5,10.773479428333854,0,-63
5,11.250336383349929,0,-57
5,11.676984319864056,0,-62
5,12.193201899097119,0,-58
5,12.726994236579978,0,-60
5,13.276241638495984,0,-56
5,13.839104081895218,0,-55
5,14.331179150975428,0,-66
5,14.91525747693104,0,-64
5,15.508936628568113,0,-63
5,10.877320626362541,0,-60
5,11.306560650988724,0,-59
5,11.761824837170504,0,-60
5,12.170555351671707,0,-59
5,12.666673885195724,0,-59
5,13.181306348753669,0,-66
5,13.71236838790033,0,-66
5,14.258024286389846,0,-64
5,14.736117216523034,0,-60
5,15.304749601509366,0,-61
5,15.883877678661955,0,-65
5,11.44843040641143,0,-58
5,11.857013473731078,0,-64
5,12.291907022998291,0,-63
5,12.68356701917322,0,-63
5,13.160360256301995,0,-62
5,13.656401129926126,0,-67
5,14.169668364758651,0,-66
5,14.69835743588502,0,-59
5,15.162572518568885,0,-57
5,15.715782358083702,0,-60
5,16.280295601507035,0,-60
5,11.948871076164735,0,-53
5,12.340896634386043,0,-57
5,12.759307954838114,0,-59
5,13.137040517339475,0,-60
5,13.597942612763651,0,-62
5,14.078574254725085,0,-62
5,14.57698400875855,0,-60
5,15.091410554928155,0,-57
5,15.54389161713439,0,-54
5,16.08399130660718,0,-52
5,16.636014730000984,0,-50
2.4,20.7705183150982,1,-93
2.4,20.446165031766924,1,-94
2.4,19.88482484521843,1,-95
2.4,19.620246369967298,1,-94
2.4,19.363972443911496,1,-95
2.4,19.069207173791533,1,-92
2.4,20.073350723149744,1,-91
2.4,19.78000936412633,1,-91
2.4,18.544859986544257,1,-89
2.4,18.256589641796435,1,-88
2.4,19.59429965418831,1,-87
2.4,17.5961163236011,1,-93
2.4,17.292036985332864,1,-93
2.4,21.30978230536236,1,-88
2.4,15.833281261619863,1,-90
2.4,15.096876777034367,1,-87
2.4,14.276604741544162,1,-87
2.4,12.844735449555786,1,-87
2.4,21.582167911479765,1,-87
2.4,20.039401932696755,1,-92
2.4,19.19592103405023,1,-91
2.4,18.450644358853406,1,-90
2.4,16.883569666797587,1,-88
2.4,16.155426877832863,1,-88
2.4,15.434400231832834,1,-84
2.4,14.63306068605345,1,-81
2.4,13.930877860103433,1,-82
2.4,13.239797991831933,1,-80
2.4,21.852574078463814,1,-92
2.4,21.106347073004972,1,-92
2.4,19.534751961641696,1,-93
2.4,18.80291007036573,1,-93
2.4,15.853827940714298,1,-84
2.4,15.074800658685175,1,-82
2.4,14.394183124112738,1,-83
2.4,13.72644894799412,1,-83
2.4,11.372593204972805,1,-78
2.4,10.703213027740341,1,-78
2.4,9.973190243974702,1,-85
2.4,9.34919336381001,1,-82
2.4,8.753873969009724,1,-83
2.4,8.126257686698574,1,-78
2.4,7.614391433464962,1,-79
2.4,7.155546786474221,1,-79
2.4,6.716219497510719,1,-79
2.4,6.407066196797101,1,-74
2.4,6.186549131910053,1,-75
2.4,6.0563309591582435,1,-79
2.4,6.051614462129553,1,-79
2.4,6.15182334837831,1,-80
2.4,6.351993657195311,1,-73
2.4,6.685325567717032,1,-66
2.4,7.065158940729359,1,-70
2.4,7.431099246224255,1,-78
2.4,8.00418581322025,1,-70
2.4,8.56095108290856,1,-74
2.4,9.153839432464945,1,-79
2.4,9.855888132516107,1,-78
2.4,10.505304554941219,1,-77
2.4,11.174270298478806,1,-77
2.4,12.646460538039259,1,-86
2.4,13.357988510684574,1,-86
2.4,14.169742819716342,1,-94
2.4,14.899815585714466,1,-94
2.4,15.636732312081593,1,-88
2.4,16.472800366817363,1,-88
2.4,17.974396728341457,1,-87
2.4,18.73130616532678,1,-87
2.4,19.58692383159057,1,-89
2.4,20.350687410894196,1,-91
2.4,21.117134535900572,1,-93
2.4,21.982245689024726,1,-93
2.4,22.753505629771492,1,-87
2.4,23.526685090667577,1,-87
2.4,25.175256876388737,1,-93
2.4,25.953351454167834,1,-93
2.4,26.830247971811165,1,-90
2.4,27.6109597649244,1,-89
2.4,28.392745412370235,1,-92
2.4,29.27343072782882,1,-94
2.4,30.057222750753095,1,-92
2.4,30.841847097730483,1,-93
2.4,31.725467481585014,1,-93
2.4,11.816975006372632,1,-87
2.4,11.174246785024591,1,-81
2.4,10.477096245523088,1,-80
2.4,9.884960224975664,1,-79
2.4,9.323911816439916,1,-75
2.4,8.737338615738174,1,-79
2.4,8.26341206750979,1,-79
2.4,7.842631695347127,1,-71
2.4,7.443965773308267,1,-76
2.4,7.166276532871299,1,-80
2.4,6.969821536953356,1,-76
2.4,6.85449974704941,1,-64
2.4,6.8503328162723145,1,-67
2.4,6.939016688630626,1,-64
2.4,7.145327643321607,1,-69
2.4,7.416104101333319,1,-71
2.4,7.76025083056017,1,-66
2.4,8.16849960914529,1,-74
2.4,8.693108787420549,1,-73
2.4,9.20831327124166,1,-72
2.4,9.76196323557522,1,-80
2.4,10.423132002332306,1,-80
2.4,11.039228852118285,1,-79
2.4,11.677648160517498,1,-86
2.4,12.418261596783962,1,-85
2.4,13.093361447602227,1,-87
2.4,13.781836122554685,1,-92
2.4,14.569995244826776,1,-94
2.4,15.280957245724881,1,-90
2.4,16.000329598388547,1,-90
2.4,16.777907319462106,1,-92
2.4,17.513453883567827,1,-93
2.4,19.0001803347929,1,-92
2.4,19.844208406484057,1,-92
2.4,20.598434411172352,1,-91
2.4,21.355991971874463,1,-87
2.4,22.211801989665044,1,-88
2.4,22.975357245089462,1,-89
2.4,25.375944926004237,1,-87
2.4,27.018645938024335,1,-89
2.4,27.79406629544723,1,-89
2.4,28.570842027268167,1,-93
2.4,29.446201260475593,1,-93
2.4,30.225513421343752,1,-91
2.4,31.005879353684325,1,-91
2.4,32.667310907571604,1,-94
2.4,33.4505021613031,1,-94
2.4,12.359775408906403,1,-88
2.4,11.016104930209938,1,-83
2.4,10.454542588979809,1,-81
2.4,9.925741970058944,1,-75
2.4,9.376892245382326,1,-72
2.4,8.936945848157979,1,-71
2.4,8.54937974383552,1,-75
2.4,8.185209131697654,1,-71
2.4,7.9335075118779335,1,-70
2.4,7.653050952250491,1,-78
2.4,7.649319040878025,1,-80
2.4,7.728840449934004,1,-74
2.4,7.914589643554341,1,-78
2.4,8.159878806529825,1,-71
2.4,8.473872494240844,1,-75
2.4,8.849260305813615,1,-75
2.4,9.335692930113442,1,-80
2.4,9.817232573223832,1,-80
2.4,10.338324250484888,1,-86
2.4,10.964793788917582,1,-89
2.4,11.552038596926627,1,-79
2.4,12.163572199657443,1,-79
2.4,12.876266663190892,1,-87
2.4,13.52853044838936,1,-89
2.4,14.195915926927535,1,-89
2.4,14.962278687743943,1,-89
2.4,15.655436002906896,1,-93
2.4,16.358348613246704,1,-94
2.4,17.159292639203752,1,-92
2.4,17.879155930558607,1,-92
2.4,18.605566632076158,1,-90
2.4,19.429690276119885,1,-87
2.4,20.167690922298082,1,-88
2.4,20.910252271284087,1,-91
2.4,21.656905202732418,1,-92
2.4,22.50127324142925,1,-92
2.4,24.012352723301685,1,-91
2.4,24.867224168241524,1,-91
2.4,26.394405158221872,1,-89
2.4,27.229253578086944,1,-89
2.4,30.413922530303008,1,-92
2.4,31.189574806185956,1,-93
2.4,32.06361381871968,1,-92
2.4,32.84171469377609,1,-92
2.4,33.62084348940081,1,-92
2.4,34.498505351161334,1,-92
2.4,35.27959416398527,1,-87
2.4,36.06151213256178,1,-91
2.4,14.558631150170758,0,-67
2.4,13.73897723602612,0,-60
2.4,12.930013535080521,0,-65
2.4,12.133878380084706,0,-63
2.4,14.942452637505474,0,-67
2.4,14.145057276286154,0,-54
2.4,13.36070356960057,0,-51
2.4,12.591828874316034,0,-55
2.4,15.369451541335698,0,-56
2.4,14.595403221795136,0,-57
2.4,13.836601813021483,0,-52
2.4,13.095697929374783,0,-52
2.4,11.439138842329172,0,-69
2.4,10.675188615636053,0,-69
2.4,10.015115820139203,0,-54
2.4,9.298833228751018,0,-55
2.4,8.617079200137693,0,-53
2.4,8.047170114570875,0,-53
2.4,7.4567218922368435,0,-58
2.4,6.933141849370007,0,-52
2.4,6.536921967935883,0,-59
2.4,6.185232682786017,0,-50
2.4,5.9500300726572695,0,-57
2.4,5.850277837583684,0,-50
2.4,5.867836509501982,0,-49
2.4,6.021400155077386,0,-51
2.4,6.301032800492914,0,-48
2.4,6.642733418125743,0,-49
2.4,7.115592862833432,0,-55
2.4,7.665338630153767,0,-47
2.4,8.206114136808276,0,-51
2.4,8.861493313863425,0,-51
2.4,9.556768192070358,0,-50
2.4,10.201701386943492,0,-54
2.4,10.951733457023428,0,-67
2.4,11.923801713860222,0,-62
2.4,11.192980024853862,0,-61
2.4,10.565306183361393,0,-62
2.4,9.888955924337818,0,-54
2.4,9.250794765792701,0,-56
2.4,8.722390538735043,0,-55
2.4,8.180822161343942,0,-56
2.4,7.706594952432477,0,-53
2.4,7.352176458182618,0,-54
2.4,7.041324676335859,0,-56
2.4,6.8356424513646,0,-52
2.4,6.7489925643976525,0,-55
2.4,6.764218739781881,0,-51
2.4,6.897855441000336,0,-57
2.4,7.143260054783077,0,-53
2.4,7.446412365807878,0,-47
2.4,7.871137887686763,0,-51
2.4,8.371413630462873,0,-54
2.4,8.86924230606519,0,-50
2.4,9.478882508450992,0,-61
2.4,10.131878805746727,0,-60
2.4,10.742339644869581,0,-60
2.4,11.45703345421747,0,-57
2.4,12.393630194858071,0,-55
2.4,11.692212106022508,0,-54
2.4,11.092822762652265,0,-56
2.4,10.45066846517187,0,-58
2.4,9.848970803807847,0,-57
2.4,9.354417074604719,0,-61
2.4,8.851602867897876,0,-58
2.4,8.415261603556925,0,-65
2.4,8.091941718011594,0,-56
2.4,7.81058738463491,0,-56
2.4,7.625682252647271,0,-58
2.4,7.548107228288196,0,-62
2.4,7.561724489496962,0,-53
2.4,7.681499318517164,0,-50
2.4,7.902606298285475,0,-50
2.4,8.177657318394932,0,-53
2.4,8.566202994467254,0,-57
2.4,9.028044542853193,0,-57
2.4,9.491495202503044,0,-53
2.4,10.063510108528726,0,-53
2.4,10.68082348088299,0,-59
2.4,11.261566637958435,0,-59
2.4,11.945234935592518,0,-59
2.4,11.896719861661749,0,-62
2.4,12.59979509270901,0,-72
2.4,13.403752866401842,0,-71
2.4,14.219224501670164,0,-80
2.4,14.95223188491585,0,-82
2.4,15.784644210929043,0,-79
2.4,16.530513778373997,0,-86
2.4,17.375374537037594,0,-86
2.4,19.747789259824753,0,-86
2.4,20.609243925379005,0,-86
2.4,21.377647861426855,0,-89
2.4,22.24476528562371,0,-88
2.4,23.114396750462937,0,-88
2.4,23.88929111650675,0,-84
2.4,24.762955893320367,0,-85
2.4,25.541082151818216,0,-87
2.4,26.41803611193021,0,-87
2.4,27.198814770549202,0,-87
2.4,28.07848427974642,0,-87
2.4,28.861465180398657,0,-91
2.4,12.363457984084757,0,-76
2.4,13.041395103117841,0,-66
2.4,13.819686709942001,0,-67
2.4,14.611964114596953,0,-81
2.4,15.32619940486441,0,-80
2.4,16.139335262735813,0,-79
2.4,16.86952979885286,0,-82
2.4,17.698214321216316,0,-84
2.4,18.440436086793152,0,-85
2.4,19.280960494654426,0,-82
2.4,20.032431966883646,0,-81
2.4,20.882147519667207,0,-83
2.4,21.640863613648605,0,-87
2.4,22.49783839549617,0,-86
2.4,23.35804972584791,0,-87
2.4,24.125119272380402,0,-87
2.4,25.761793946526687,0,-89
2.4,26.631481030326132,0,-91
2.4,27.406179499886832,0,-91
2.4,28.279399380208535,0,-89
2.4,29.056966844747166,0,-89
2.4,12.817180478547957,0,-67
2.4,13.472305234482619,0,-75
2.4,14.227043363130278,0,-72
2.4,14.997817087220087,0,-76
2.4,15.694502550036681,0,-77
2.4,16.489486493473027,0,-77
2.4,17.204826582381653,0,-79
2.4,18.01809679891714,0,-84
2.4,18.7476586582577,0,-83
2.4,19.57499577756957,0,-85
2.4,20.31559382846742,0,-87
2.4,21.153938336125144,0,-87
2.4,21.903241770112064,0,-82
2.4,22.75033526270115,0,-80
2.4,23.601345493226127,0,-85
2.4,24.360755365998447,0,-86
2.4,25.218091849450932,0,-87
2.4,25.98259127644394,0,-87
2.4,26.84512626090744,0,-92
2.4,27.61383162249417,0,-90
2.4,28.4806855851607,0,-87
2.4,32.25803860038364,0,-79
2.4,31.90349326313699,0,-87
2.4,32.78869678587956,0,-89
2.4,32.96091301486839,0,-89
2.4,33.133771425377496,0,-88
2.4,30.51081030214042,0,-88
2.4,30.135715908874378,0,-90
2.4,31.01914131412579,0,-90
2.4,31.383678876424273,0,-89
2.4,35.86595787176264,0,-89
2.4,35.706328738244856,0,-88
2.4,35.54741568815149,0,-88
2.4,36.43548430625781,0,-89
2.4,36.5905406695355,0,-89
2.4,36.74632891302712,0,-88
2.4,34.010771284910376,0,-88
2.4,34.82292574494981,0,-87
2.4,34.98658570843589,0,-87
2.4,9.135884784610264,0,-72
2.4,8.335903292929343,0,-41
2.4,7.63592266897345,0,-45
2.4,6.935945955961231,0,-42
2.4,6.135979075535696,0,-57
2.4,5.436016051566095,0,-43
2.4,4.6360719822152445,0,-45
2.4,3.9361395709188876,0,-43
2.4,9.165664890945724,0,-46
2.4,8.368530683728896,0,-45
2.4,7.671527690231221,0,-46
2.4,6.975124973751848,0,-43
2.4,6.18023149330619,0,-44
2.4,5.48591766328351,0,-47
2.4,4.694484585098022,0,-44
2.4,4.004774252962991,0,-47
2.4,9.264687527842309,0,-50
2.4,8.476870171233825,0,-49
2.4,7.789567330566322,0,-44
2.4,7.104744224453015,0,-43
2.4,6.326158661169937,0,-44
2.4,5.649806607643111,0,-43
2.4,4.8849982205897176,0,-42
2.4,4.2264925071076425,0,-39
2.4,9.43077181804324,0,-44
2.4,8.658080040944157,0,-44
2.4,7.986387249117582,0,-43
2.4,7.320000859995869,0,-42
2.4,6.566986028745394,0,-41
2.4,5.918220746069678,0,-39
2.4,5.1930944253505045,0,-37
2.4,4.579111377557749,0,-33
2.4,9.660459573925062,0,-40
2.4,8.907714190006171,0,-41
2.4,8.256355333215113,0,-43
2.4,7.613634788048478,0,-42
2.4,6.892773577971275,0,-40
2.4,6.277767030931562,0,-38
2.4,5.599397450266254,0,-35
2.4,5.0352043755462965,0,-31
2.4,9.910165160730266,0,-43
2.4,9.177922772847289,0,-41
2.4,8.547180688497303,0,-49
2.4,7.928072213299622,0,-47
2.4,7.238592537965547,0,-44
2.4,6.655618170250067,0,-42
2.4,6.019978915208906,0,-40
2.4,5.499106967229509,0,-35
2.4,10.246774888148645,0,-45
2.4,9.54040295374313,0,-44
2.4,8.935285099942975,0,-45
2.4,8.345019539505902,0,-44
2.4,7.692999676727684,0,-46
2.4,7.147186532028151,0,-44
2.4,6.559357303501733,0,-47
2.4,6.084833566538519,0,-45
2.4,10.63303426608959,0,-46
2.4,9.954110237245333,0,-44
2.4,9.375731540136199,0,-49
2.4,8.81500840669917,0,-52
2.4,8.200443044224743,0,-47
2.4,7.6907280161923754,0,-46
2.4,6.714925288334607,0,-47
2.4,3.3359394729568237,0,-41
2.4,2.536017562760246,0,-38
2.4,1.6361966886502275,0,-37
2.4,0.7368134969390493,0,-48
2.4,3.4657815892816193,0,-37
2.4,2.7045396902246406,0,-43
2.4,1.8868729319490345,0,-41
2.4,1.1941708364566297,0,-48
2.4,3.809828327100241,0,-35
2.4,3.133318495361171,0,-38
2.4,2.4624051897878103,0,-37
2.4,1.982219423781213,0,-43
2.4,4.31716825469513,0,-34
2.4,3.7337427135174126,0,-38
2.4,3.1916436480387222,0,-44
2.4,2.837665184863694,0,-40
2.4,4.937721295974427,0,-36
2.4,4.436663668582097,0,-40
2.4,3.99120771614782,0,-44
2.4,3.7142285280740976,0,-48
2.4,5.634202823300857,0,-38
2.4,5.200685951438359,0,-45
2.4,4.826270702189203,0,-46
2.4,4.599852542868243,0,-45
2.4,6.3818015725548305,0,-51
2.4,6.002523154712548,0,-54
2.4,5.68120046717081,0,-48
2.4,5.49015421217869,0,-50
2.4,0.05408721423671408,0,-34
2.4,0.8652629381092588,0,-38
2.4,1.6648041516834395,0,-37
2.4,2.4646431333682686,0,-45
2.4,3.3645535068090333,0,-44
2.4,4.164506358691016,0,-47
2.4,4.964474405511104,0,-46
2.4,5.864448878479244,0,-45
2.4,6.664431975772082,0,-48
2.4,7.464418696127,0,-45
2.4,8.364406792858174,0,-48
2.4,0.841396174335048,0,-38
2.4,1.2056956695232979,0,-34
2.4,1.8645629404512423,0,-38
2.4,2.6037449702882047,0,-43
2.4,3.4677431271105896,0,-43
2.4,4.248309699988887,0,-47
2.4,5.03498045859332,0,-46
2.4,5.924253771044774,0,-47
2.4,6.71711810638574,0,-48
2.4,7.5114957609341735,0,-53
2.4,8.406445330331586,0,-45
2.4,1.7410047040595944,0,-36
2.4,1.943412438181668,0,-38
2.4,2.4082659355387155,0,-40
2.4,3.0170577932272207,0,-43
2.4,3.7879271710256934,0,-40
2.4,4.513456011128462,0,-45
2.4,5.260625255213355,0,-44
2.4,6.117183387892684,0,-45
2.4,6.887875253843316,0,-47
2.4,7.6645755540606455,0,-49
2.4,8.543504722842126,0,-47
2.4,2.6408800118387834,0,-37
2.4,2.778489115013984,0,-40
2.4,3.121361029046166,0,-42
2.4,3.6118952898783045,0,-44
2.4,4.27686124516177,0,-48
2.4,4.9309669459208125,0,-45
2.4,5.622928768280864,0,-42
2.4,6.431413721607574,0,-42
2.4,7.168401172498586,0,-45
2.4,7.917630218776072,0,-48
2.4,8.771238385005717,0,-49
2.4,3.4408239321957983,0,-44
2.4,3.5475377175856684,0,-40
2.4,3.8220304510940104,0,-45
2.4,4.232116454031815,0,-43
2.4,4.812126786131931,0,-58
2.4,5.401801284498104,0,-41
2.4,6.040062088141338,0,-36
2.4,6.799125278587233,0,-38
2.4,7.500066497393263,0,-50
2.4,8.219117372122007,0,-50
2.4,9.04431561269505,0,-54
2.4,4.340785549845026,0,-43
2.4,4.425852879961664,0,-39
2.4,4.648770442435495,0,-48
2.4,4.9913885380582075,0,-39
2.4,5.4917860540247245,0,-43
2.4,6.015197999615424,0,-42
2.4,6.594353636708781,0,-45
2.4,7.295975220030284,0,-46
2.4,7.953247595963103,0,-42
2.4,8.634641870633072,0,-38
2.4,9.423523479007809,0,-50
2.4,5.4407558823178,0,-45
2.4,5.508863684671942,0,-41
2.4,5.689505427336745,0,-48
2.4,5.972718386052637,0,-48
2.4,6.396805409297114,0,-50
2.4,6.851424111512128,0,-47
2.4,7.365114070210093,0,-48
2.4,7.999416215732766,0,-54
2.4,8.603112965893523,0,-46
2.4,9.236690187254423,0,-46
2.4,9.978085995853304,0,-52
2.4,20.86260540654476,1,-92
2.4,20.966751018095724,1,-90
2.4,21.071062392538728,1,-94
2.4,21.18670726384285,1,-95
2.4,21.460480553539902,1,-92
2.4,20.163539759840358,1,-91
2.4,20.138898430156864,1,-91
2.4,20.138573045617857,1,-89
2.4,20.16256478345941,1,-91
2.4,19.46454127237874,1,-91
2.4,19.439013896739898,1,-91
2.4,19.50481521358896,1,-91
2.4,19.5761260429576,1,-88
2.4,19.68780670733042,1,-86
2.4,18.839119697087614,1,-92
2.4,18.83877186269599,1,-89
2.4,18.864416758230764,1,-88
2.4,19.095729957997214,1,-92
2.4,19.22326187103177,1,-92
2.4,18.13889072110471,1,-90
2.4,18.165523689827662,1,-90
2.4,18.209750616009856,1,-90
2.4,18.537902477349917,1,-90
2.4,18.69547331824599,1,-90
2.4,17.539373761403645,1,-90
2.4,17.539000150399854,1,-90
2.4,17.566542648149,1,-91
2.4,17.612273765213253,1,-91
2.4,17.814715928405153,1,-91
2.4,17.95135086680899,1,-91
2.4,16.58647221497774,1,-89
2.4,16.762397050295046,1,-89
2.4,15.571768360953596,1,-88
2.4,15.539847625401833,1,-88
2.4,15.539425940304826,1,-83
2.4,15.570505864862904,1,-85
2.4,15.622081150068047,1,-86
2.4,15.711025230481393,1,-83
2.4,15.849963277189783,1,-82
2.4,16.36410373735357,1,-90
2.4,14.87346634731352,1,-88
2.4,14.84004364947015,1,-87
2.4,14.872144572495333,1,-86
2.4,14.92613314816613,1,-81
2.4,15.019199216013325,1,-79
2.4,14.74467467266729,1,-90
2.4,14.942299874393761,1,-90
2.4,18.364987798343705,1,-95
2.4,18.580676613215527,1,-95
2.4,17.598328896383308,1,-92
2.4,18.306436229423625,1,-90
2.4,17.03227376567284,1,-90
2.4,16.5947927826135,1,-87
2.4,16.833178965051797,1,-92
2.4,17.13367469059028,1,-93
2.4,16.598794476904686,1,-89
2.4,15.492626854893798,1,-92
2.4,15.747706291284382,1,-92
2.4,23.81832072906061,1,-93
2.4,24.16524977495391,1,-93
2.4,21.07169003762431,1,-92
2.4,21.35188552271736,1,-92
2.4,20.807214735729886,1,-97
2.4,21.114144060138607,1,-97
2.4,21.3919575065927,1,-97
2.4,21.732527241381277,1,-99
2.4,22.852645870837666,1,-99
2.4,23.197676389446748,1,-99
2.4,20.175733353616845,1,-96
2.4,20.492123137678018,1,-96
2.4,20.778254913763572,1,-96
2.4,21.12871911865108,1,-98
2.4,21.496270977273316,1,-99
2.4,21.880049366074903,1,-99
2.4,22.27921575359838,1,-98
2.4,22.632989664800526,1,-98
2.4,23.49736176327016,1,-92
2.4,19.242488231000895,1,-94
2.4,19.54891934746572,1,-95
2.4,19.87528973341599,1,-95
2.4,20.170173736455826,1,-96
2.4,20.53102050294442,1,-97
2.4,20.909081692552533,1,-98
2.4,21.303440838497124,1,-98
2.4,21.71320993986975,1,-98
2.4,22.076056089447675,1,-98
2.4,22.512199954645737,1,-93
2.4,22.961403291860513,1,-93
2.4,18.610571850904535,1,-93
2.4,18.927236431956775,1,-93
2.4,19.264142163218775,1,-92
2.4,19.568238036580723,1,-92
2.4,18.07292323619032,1,-91
2.4,18.39884367656673,1,-92
2.4,19.439135882886976,1,-93
2.4,19.838016488723248,1,-93
2.4,20.253241531675048,1,-93
2.4,20.68382669802371,1,-93
2.4,17.450804726393002,1,-92
2.4,17.788127499324148,1,-92
2.4,18.1461944844015,1,-93
2.4,18.46870706999558,1,-93
2.4,19.272958504192548,1,-94
2.4,16.834803737976056,1,-91
2.4,17.184222741505774,1,-91
2.4,18.293716584343617,1,-97
2.4,18.71702328902222,1,-98
2.4,19.156561673100725,1,-97
2.4,19.611240385779354,1,-97
2.4,20.012234159143862,1,-99
2.4,16.587873357581334,1,-91
2.4,16.971282711117272,1,-91
2.4,17.7347144822171,1,-97
2.4,18.171048183835527,1,-98
2.4,18.623476754698196,1,-97
2.4,19.0908559464026,1,-97
2.4,19.50255232880755,1,-97
2.4,16.753305188222466,1,-90
2.4,17.18604460203782,1,-97
2.4,17.635958250028402,1,-98
2.4,18.101765597042085,1,-98
2.4,18.582271445218097,1,-97
2.4,19.00498825664855,1,-96
2.4,19.509907046648397,1,-90
2.4,20.026566538035727,1,-94
2.4,15.115152965638986,1,-99
2.4,15.912939321246974,1,-91
2.4,14.530240206966207,1,-98
2.4,17.672521411637558,1,-93
2.4,18.116478123972364,1,-93
2.4,18.64547328307546,1,-93
2.4,13.955927477943188,1,-93
2.4,13.473124413184843,1,-83
2.4,13.907263418324577,1,-89
2.4,14.362411709743613,1,-93
2.4,14.767790514892939,1,-94
2.4,15.256950253090341,1,-94
2.4,15.76202478613661,1,-94
2.4,16.28153308789736,1,-93
2.4,16.81413732624448,1,-93
2.4,17.280161474864443,1,-93
2.4,17.833980905308294,1,-93
2.4,18.39776533344233,1,-91
5,7.065158940729359,1,-87
5,7.431099246224255,1,-88
5,8.00418581322025,1,-88
5,19.58692383159057,1,-98
5,6.85449974704941,1,-90
5,6.8503328162723145,1,-90
5,7.76025083056017,1,-89
5,8.16849960914529,1,-89
5,8.693108787420549,1,-89
5,14.558631150170758,0,-85
5,13.73897723602612,0,-85
5,12.930013535080521,0,-80
5,12.133878380084706,0,-83
5,14.942452637505474,0,-81
5,14.145057276286154,0,-78
5,13.36070356960057,0,-76
5,12.591828874316034,0,-73
5,15.369451541335698,0,-74
5,14.595403221795136,0,-70
5,13.836601813021483,0,-76
5,13.095697929374783,0,-76
5,11.439138842329172,0,-77
5,10.675188615636053,0,-73
5,10.015115820139203,0,-79
5,9.298833228751018,0,-80
5,8.617079200137693,0,-77
5,8.047170114570875,0,-75
5,7.4567218922368435,0,-72
5,6.933141849370007,0,-73
5,6.536921967935883,0,-68
5,6.185232682786017,0,-70
5,5.9500300726572695,0,-68
5,5.850277837583684,0,-66
5,5.867836509501982,0,-63
5,6.021400155077386,0,-61
5,6.301032800492914,0,-62
5,6.642733418125743,0,-61
5,7.115592862833432,0,-66
5,7.665338630153767,0,-52
5,8.206114136808276,0,-53
5,8.861493313863425,0,-64
5,9.556768192070358,0,-66
5,10.201701386943492,0,-67
5,10.951733457023428,0,-74
5,11.923801713860222,0,-72
5,11.192980024853862,0,-72
5,10.565306183361393,0,-75
5,9.888955924337818,0,-82
5,9.250794765792701,0,-75
5,8.722390538735043,0,-73
5,8.180822161343942,0,-74
5,7.706594952432477,0,-75
5,7.352176458182618,0,-71
5,7.041324676335859,0,-65
5,6.8356424513646,0,-68
5,6.7489925643976525,0,-63
5,6.764218739781881,0,-63
5,6.897855441000336,0,-61
5,7.143260054783077,0,-58
5,7.446412365807878,0,-65
5,7.871137887686763,0,-66
5,8.371413630462873,0,-57
5,8.86924230606519,0,-51
5,9.478882508450992,0,-64
5,10.131878805746727,0,-68
5,10.742339644869581,0,-70
5,11.45703345421747,0,-76
5,12.393630194858071,0,-80
5,11.692212106022508,0,-75
5,11.092822762652265,0,-75
5,10.45066846517187,0,-79
5,9.848970803807847,0,-77
5,9.354417074604719,0,-75
5,8.851602867897876,0,-74
5,8.415261603556925,0,-78
5,8.091941718011594,0,-72
5,7.81058738463491,0,-65
5,7.625682252647271,0,-64
5,7.548107228288196,0,-66
5,7.561724489496962,0,-71
5,7.681499318517164,0,-63
5,7.902606298285475,0,-62
5,8.177657318394932,0,-62
5,8.566202994467254,0,-62
5,9.028044542853193,0,-60
5,9.491495202503044,0,-54
5,10.063510108528726,0,-59
5,10.68082348088299,0,-64
5,11.261566637958435,0,-73
5,11.945234935592518,0,-81
5,11.896719861661749,0,-84
5,12.59979509270901,0,-87
5,13.403752866401842,0,-82
5,14.219224501670164,0,-84
5,14.95223188491585,0,-89
5,15.784644210929043,0,-89
5,16.530513778373997,0,-90
5,17.375374537037594,0,-90
5,18.985054325417472,0,-92
5,19.747789259824753,0,-91
5,20.609243925379005,0,-90
5,12.363457984084757,0,-83
5,13.041395103117841,0,-81
5,13.819686709942001,0,-85
5,14.611964114596953,0,-87
5,15.32619940486441,0,-88
5,16.139335262735813,0,-90
5,16.86952979885286,0,-89
5,17.698214321216316,0,-88
5,18.440436086793152,0,-89
5,19.280960494654426,0,-89
5,20.882147519667207,0,-90
5,21.640863613648605,0,-90
5,12.817180478547957,0,-80
5,13.472305234482619,0,-79
5,14.227043363130278,0,-84
5,14.997817087220087,0,-88
5,15.694502550036681,0,-86
5,16.489486493473027,0,-86
5,17.204826582381653,0,-87
5,18.01809679891714,0,-87
5,19.57499577756957,0,-89
5,20.31559382846742,0,-89
5,9.135884784610264,0,-66
5,8.335903292929343,0,-67
5,7.63592266897345,0,-65
5,6.935945955961231,0,-62
5,6.135979075535696,0,-61
5,5.436016051566095,0,-59
5,4.6360719822152445,0,-59
5,3.9361395709188876,0,-57
5,9.165664890945724,0,-62
5,8.368530683728896,0,-66
5,7.671527690231221,0,-63
5,6.975124973751848,0,-62
5,6.18023149330619,0,-65
5,5.48591766328351,0,-61
5,4.694484585098022,0,-57
5,4.004774252962991,0,-60
5,9.264687527842309,0,-59
5,8.476870171233825,0,-61
5,7.789567330566322,0,-62
5,7.104744224453015,0,-61
5,6.326158661169937,0,-59
5,5.649806607643111,0,-59
5,4.8849982205897176,0,-59
5,4.2264925071076425,0,-57
5,9.43077181804324,0,-65
5,8.658080040944157,0,-62
5,7.986387249117582,0,-60
5,7.320000859995869,0,-58
5,6.566986028745394,0,-57
5,5.918220746069678,0,-57
5,5.1930944253505045,0,-57
5,4.579111377557749,0,-55
5,9.660459573925062,0,-58
5,8.907714190006171,0,-59
5,8.256355333215113,0,-60
5,7.613634788048478,0,-58
5,6.892773577971275,0,-56
5,6.277767030931562,0,-56
5,5.599397450266254,0,-56
5,5.0352043755462965,0,-55
5,9.910165160730266,0,-60
5,9.177922772847289,0,-67
5,8.547180688497303,0,-65
5,7.928072213299622,0,-57
5,7.238592537965547,0,-60
5,6.655618170250067,0,-57
5,6.019978915208906,0,-58
5,5.499106967229509,0,-57
5,10.246774888148645,0,-65
5,9.54040295374313,0,-63
5,8.935285099942975,0,-66
5,8.345019539505902,0,-63
5,7.692999676727684,0,-59
5,7.147186532028151,0,-57
5,6.559357303501733,0,-59
5,6.084833566538519,0,-60
5,10.63303426608959,0,-68
5,9.954110237245333,0,-66
5,9.375731540136199,0,-65
5,8.81500840669917,0,-59
5,8.200443044224743,0,-60
5,7.6907280161923754,0,-60
5,7.1477402254449105,0,-62
5,6.714925288334607,0,-62
5,3.3359394729568237,0,-60
5,2.536017562760246,0,-54
5,1.6361966886502275,0,-56
5,0.7368134969390493,0,-57
5,3.4657815892816193,0,-56
5,2.7045396902246406,0,-56
5,1.8868729319490345,0,-59
5,1.1941708364566297,0,-60
5,3.809828327100241,0,-55
5,3.133318495361171,0,-57
5,2.4624051897878103,0,-55
5,1.982219423781213,0,-61
5,4.31716825469513,0,-54
5,3.7337427135174126,0,-57
5,3.1916436480387222,0,-60
5,2.837665184863694,0,-64
5,4.937721295974427,0,-56
5,4.436663668582097,0,-58
5,3.99120771614782,0,-61
5,3.7142285280740976,0,-52
5,5.634202823300857,0,-60
5,5.200685951438359,0,-60
5,4.826270702189203,0,-59
5,4.599852542868243,0,-58
5,6.3818015725548305,0,-64
5,6.002523154712548,0,-62
5,5.68120046717081,0,-66
5,5.49015421217869,0,-64
5,0.05408721423671408,0,-44
5,0.8652629381092588,0,-47
5,1.6648041516834395,0,-52
5,2.4646431333682686,0,-55
5,3.3645535068090333,0,-56
5,4.164506358691016,0,-60
5,4.964474405511104,0,-55
5,5.864448878479244,0,-57
5,6.664431975772082,0,-59
5,7.464418696127,0,-64
5,8.364406792858174,0,-65
5,0.841396174335048,0,-46
5,1.2056956695232979,0,-42
5,1.8645629404512423,0,-43
5,2.6037449702882047,0,-45
5,3.4677431271105896,0,-51
5,4.248309699988887,0,-54
5,5.03498045859332,0,-55
5,5.924253771044774,0,-55
5,6.71711810638574,0,-55
5,7.5114957609341735,0,-55
5,8.406445330331586,0,-56
5,1.7410047040595944,0,-48
5,1.943412438181668,0,-44
5,2.4082659355387155,0,-45
5,3.0170577932272207,0,-48
5,3.7879271710256934,0,-55
5,4.513456011128462,0,-56
5,5.260625255213355,0,-53
5,6.117183387892684,0,-52
5,6.887875253843316,0,-53
5,7.6645755540606455,0,-54
5,8.543504722842126,0,-51
5,2.6408800118387834,0,-45
5,2.778489115013984,0,-45
5,3.121361029046166,0,-45
5,3.6118952898783045,0,-47
5,4.27686124516177,0,-50
5,4.9309669459208125,0,-54
5,5.622928768280864,0,-51
5,6.431413721607574,0,-51
5,7.168401172498586,0,-52
5,7.917630218776072,0,-53
5,8.771238385005717,0,-55
5,3.4408239321957983,0,-53
5,3.5475377175856684,0,-46
5,3.8220304510940104,0,-48
5,4.232116454031815,0,-48
5,4.812126786131931,0,-47
5,5.401801284498104,0,-50
5,6.040062088141338,0,-46
5,6.799125278587233,0,-54
5,7.500066497393263,0,-55
5,8.219117372122007,0,-53
5,9.04431561269505,0,-54
5,4.340785549845026,0,-44
5,4.425852879961664,0,-42
5,4.648770442435495,0,-47
5,4.9913885380582075,0,-45
5,5.4917860540247245,0,-53
5,6.015197999615424,0,-50
5,6.594353636708781,0,-52
5,7.295975220030284,0,-53
5,7.953247595963103,0,-53
5,8.634641870633072,0,-55
5,9.423523479007809,0,-55
5,5.4407558823178,0,-49
5,5.508863684671942,0,-46
5,5.689505427336745,0,-46
5,5.972718386052637,0,-51
5,6.396805409297114,0,-52
5,6.851424111512128,0,-51
5,7.365114070210093,0,-53
5,7.999416215732766,0,-57
5,8.603112965893523,0,-59
5,9.236690187254423,0,-62
5,9.978085995853304,0,-51
2.4,31.264475938968904,1,-93
2.4,30.78331795609741,1,-87
2.4,31.37859081610173,1,-94
2.4,31.25262203093495,1,-91
2.4,31.200047720123923,1,-93
2.4,30.95092550760955,1,-92
2.4,30.87027078035117,1,-93
2.4,30.78392781926524,1,-93
2.4,30.70906716120276,1,-92
2.4,30.655515558963764,1,-92
2.4,30.601915432132653,1,-93
2.4,30.560003632933814,1,-94
2.4,30.189476019949755,1,-94
2.4,30.113137602857833,1,-94
2.4,30.003857726845517,1,-92
2.4,29.961109332304716,1,-89
2.4,29.768914836325035,1,-88
2.4,29.51737296349455,1,-97
2.4,29.451517797824415,1,-97
2.4,34.211232357576215,1,-86
2.4,33.41138658093357,1,-85
2.4,32.611548370126584,1,-83
2.4,31.71174013931101,1,-82
2.4,30.911919974335262,1,-78
2.4,30.11210936377964,1,-79
2.4,29.212334824561843,1,-85
2.4,28.41254722369726,1,-85
2.4,27.61277192849977,1,-81
2.4,26.713040806718883,1,-77
2.4,25.913295486640568,1,-78
2.4,25.113566389791487,1,-76
2.4,34.20560668267376,1,-78
2.4,33.40562620826459,1,-84
2.4,32.60507570697749,1,-83
2.4,31.70508377884873,1,-80
2.4,30.905091348519502,1,-77
2.4,30.105099320494745,1,-77
2.4,25.905149251424398,1,-74
2.4,25.105160656229472,1,-81
2.4,34.220482218846705,1,-80
2.4,33.420857815545695,1,-81
2.4,32.62125183010977,1,-81
2.4,31.721718845761227,1,-79
2.4,30.922156787100754,1,-79
2.4,27.624231345716733,1,-77
2.4,26.724886024223977,1,-76
2.4,25.925506105846424,1,-80
2.4,25.12616565815004,1,-77
2.4,23.414203514470994,1,-71
2.4,22.6145364766467,1,-74
2.4,21.714940377990153,1,-72
2.4,20.915328576338105,1,-77
2.4,20.115747644388055,1,-71
2.4,19.216260792849024,1,-77
2.4,18.416759017137213,1,-71
2.4,17.617302476026886,1,-70
2.4,16.71797601678822,1,-63
2.4,15.918638633200523,1,-73
2.4,15.11937134179006,1,-67
2.4,14.220294136797087,1,-65
2.4,13.421218244762423,1,-60
2.4,12.62225942571543,1,-63
2.4,11.823441412997331,1,-64
2.4,10.924977913600706,1,-63
2.4,10.126572779039389,1,-69
2.4,9.336089959968326,1,-64
2.4,8.439428375589445,1,-62
2.4,7.643054699740319,1,-63
2.4,6.847526486238725,1,-65
2.4,5.9539898006146945,1,-64
2.4,5.161620712755063,1,-69
2.4,4.372031818143635,1,-69
2.4,3.4894179722330945,1,-58
2.4,2.71447446505978,1,-55
2.4,1.9597717872190703,1,-55
2.4,1.184095023240463,1,-53
2.4,0.7709830481800993,1,-58
2.4,1.0328352710376,1,-61
2.4,1.7686504072830067,1,-58
2.4,2.5140521274827567,1,-59
2.4,3.285238490006288,1,-64
2.4,4.0675700083387705,1,-62
2.4,4.954442586085752,1,-63
2.4,5.746201804264995,1,-65
2.4,6.539967049753123,1,-65
2.4,7.434550731412059,1,-68
2.4,8.230727696531927,1,-66
2.4,9.027580642175183,1,-66
2.4,9.924645475635845,1,-72
2.4,10.722449424155716,1,-73
2.4,11.520557950468179,1,-72
2.4,12.418720991155997,1,-76
2.4,13.217297942192902,1,-78
2.4,14.01603719776796,1,-81
2.4,14.914780397152954,1,-76
2.4,15.71378401696473,1,-76
2.4,16.51288412023576,1,-77
2.4,17.41197052416577,1,-81
2.4,18.211234207788767,1,-80
2.4,19.010559834140967,1,-82
2.4,19.809939905107548,1,-79
2.4,20.709299713173674,1,-78
2.4,21.50877561477113,1,-77
2.4,23.40518748008,1,-70
2.4,22.60520149908449,1,-75
2.4,21.705218505702604,1,-77
2.4,20.90523485198894,1,-73
2.4,20.10525249911901,1,-76
2.4,19.20527410945791,1,-78
2.4,18.40529509287837,1,-78
2.4,17.605317983281378,1,-69
2.4,16.705346355539408,1,-67
2.4,15.905374270825943,1,-72
2.4,15.105405142913916,1,-66
2.4,14.205444030288293,1,-64
2.4,13.405482980264882,1,-69
2.4,12.60552687398229,1,-76
2.4,11.705583425732046,1,-72
2.4,10.90564152965294,1,-65
2.4,10.105708832625707,1,-70
2.4,9.305787706923445,1,-66
2.4,8.405894385037826,1,-61
2.4,7.6060104028938005,1,-63
2.4,6.806153692464416,1,-68
2.4,5.90636128691176,1,-68
2.4,5.106607238475289,1,-66
2.4,4.306944546260897,1,-68
2.4,3.4075133001427087,1,-66
2.4,2.608348275665601,1,-63
2.4,1.8099211484719337,1,-61
2.4,0.9149809450305331,1,-67
2.4,0.17182539476809577,1,-62
2.4,0.7084192281449223,1,-72
2.4,1.5956186962460734,1,-63
2.4,2.3954817595482227,1,-63
2.4,3.195413384344265,1,-66
2.4,3.9953723898235993,1,-74
2.4,4.895342286239824,1,-66
2.4,5.695323514600901,1,-63
2.4,6.495309366957377,1,-68
2.4,7.39529710955329,1,-71
2.4,8.195288474183531,1,-69
2.4,8.99528137478777,1,-73
2.4,9.895274760090633,1,-72
2.4,10.695269814932438,1,-71
2.4,11.495265558077518,1,-79
2.4,12.395261425916205,1,-78
2.4,13.195258226094873,1,-78
2.4,13.995255392090662,1,-82
2.4,14.895252567711825,1,-83
2.4,15.695250329078663,1,-86
2.4,16.49524830758731,1,-80
2.4,17.39524625565977,1,-80
2.4,18.195244602136114,1,-81
2.4,18.995243087891282,1,-82
2.4,19.79524169603898,1,-82
2.4,20.695240258829635,1,-85
2.4,21.495239082345677,1,-80
2.4,23.427716706572145,1,-80
2.4,22.624168704614085,1,-86
2.4,21.724971464674528,1,-73
2.4,20.925742973128592,1,-78
2.4,20.126575784617682,1,-76
2.4,19.227595491377542,1,-75
2.4,18.42858546434208,1,-68
2.4,17.629665228048953,1,-67
2.4,16.731003305814074,1,-72
2.4,15.932319525281923,1,-73
2.4,15.133774786622071,1,-80
2.4,14.235607288004294,1,-70
2.4,13.43744204433266,1,-73
2.4,12.639508793118402,1,-65
2.4,11.742170076157151,1,-68
2.4,10.944902554793195,1,-62
2.4,10.148065124467664,1,-71
2.4,9.351767726315448,1,-69
2.4,8.45676860112881,1,-65
2.4,7.662197400847644,1,-74
2.4,6.868886579794041,1,-74
2.4,5.978543168043333,1,-66
2.4,5.189924108180763,1,-66
2.4,4.405411000711983,1,-60
2.4,3.531150188150758,1,-62
2.4,2.7679153686114377,1,-67
2.4,2.0331476395760446,1,-65
2.4,1.3019465773973389,1,-64
2.4,0.9420184323647226,1,-65
2.4,1.1660757108494821,1,-67
2.4,1.849623780533803,1,-71
2.4,2.571661324131618,1,-66
2.4,3.329530868238438,1,-65
2.4,4.200851267140467,1,-69
2.4,4.983922672469336,1,-68
2.4,5.771639198847421,1,-72
2.4,6.56232831228295,1,-72
2.4,7.4542288966916885,1,-66
2.4,8.248506669742808,1,-70
2.4,9.043793237204723,1,-72
2.4,9.939394935477354,1,-78
2.4,10.736102901887215,1,-80
2.4,11.533266638573366,1,-79
2.4,12.423380400576725,1,-72
2.4,13.221675930605473,1,-72
2.4,14.020165771148015,1,-78
2.4,14.91866025541682,1,-79
2.4,15.71746664234003,1,-73
2.4,16.51638857285665,1,-72
2.4,17.415294055963365,1,-72
2.4,18.214411900805118,1,-83
2.4,19.013603938462303,1,-78
2.4,19.912772541632478,1,-85
2.4,20.712094151275735,1,-84
2.4,21.5114661975382,1,-76
2.4,27.118552939510103,0,-74
2.4,26.219025327023413,0,-63
2.4,25.319531288418,0,-60
2.4,24.42007453369586,0,-62
2.4,27.10481548800357,0,-54
2.4,26.20481631694451,0,-49
2.4,25.30481720485023,0,-47
2.4,24.40481815824423,0,-55
2.4,27.12095373957974,0,-52
2.4,26.2215084865556,0,-59
2.4,25.32210265512306,0,-59
2.4,24.422740600568837,0,-63
2.4,23.620592161666465,0,-53
2.4,22.72121804908052,0,-55
2.4,21.92181752205735,0,-49
2.4,21.022546445101828,0,-47
2.4,20.12334054282605,0,-48
2.4,19.32410847721221,0,-47
2.4,18.425052076049823,0,-46
2.4,17.52609253573742,0,-48
2.4,16.727111328850214,0,-56
2.4,15.828380491188359,0,-50
2.4,14.929802561987051,0,-43
2.4,14.131218573655756,0,-43
2.4,13.233016056157284,0,-48
2.4,12.33507557774169,0,-45
2.4,11.437458855649817,0,-39
2.4,10.63991536203182,0,-39
2.4,9.743160394722226,0,-39
2.4,8.847064487352107,0,-41
2.4,8.051265979949052,0,-37
2.4,7.157112507566723,0,-37
2.4,6.264633669421625,0,-40
2.4,5.473387328571699,0,-44
2.4,4.5868665137163385,0,-42
2.4,23.604819066739008,0,-50
2.4,22.70482016532103,0,-55
2.4,21.90482121762437,0,-49
2.4,21.004822497278326,0,-47
2.4,20.104823891500587,0,-45
2.4,19.304825239943796,0,-48
2.4,18.40482689706301,0,-49
2.4,17.504828724581596,0,-48
2.4,16.70483051435887,0,-54
2.4,15.804832744434165,0,-60
2.4,14.904835243826792,0,-57
2.4,14.1048377332793,0,-50
2.4,13.20484089446831,0,-56
2.4,12.304844518087405,0,-51
2.4,11.404848713612493,0,-44
2.4,10.60485304079726,0,-43
2.4,9.704858761619867,0,-42
2.4,8.804865651960451,0,-43
2.4,8.004873077419223,0,-38
2.4,7.104883429844163,0,-38
2.4,6.204896785423363,0,-38
2.4,5.4049123909898285,0,-37
2.4,4.504936572290272,0,-35
2.4,23.619596904564506,0,-54
2.4,22.72018339495076,0,-61
2.4,21.92074513643901,0,-55
2.4,21.021428184183808,0,-54
2.4,20.122172309889418,0,-60
2.4,19.322891923969316,0,-51
2.4,18.423776156680848,0,-49
2.4,17.524751166209597,0,-51
2.4,16.72570588268498,0,-58
2.4,15.826895236911316,0,-51
2.4,14.9282279057579,0,-52
2.4,14.129554920193602,0,-52
2.4,13.231239466083679,0,-46
2.4,12.333169640239825,0,-45
2.4,11.435403313439199,0,-40
2.4,10.637705710233506,0,-38
2.4,9.74074731956525,0,-38
2.4,8.844406928093067,0,-36
2.4,8.048345652754906,0,-37
2.4,7.153827179370622,0,-38
2.4,6.260880040248725,0,-39
2.4,5.469090666180536,0,-38
2.4,4.581738565324968,0,-35
2.4,3.5126632972525065,0,-41
2.4,2.7442917622554477,0,-42
2.4,1.91115484523524,0,-39
2.4,1.180630513136584,0,-42
2.4,0.8638415624797109,0,-37
2.4,1.2440248434619012,0,-38
2.4,1.902611796365364,0,-39
2.4,2.735197838137432,0,-44
2.4,3.503375665022223,0,-48
2.4,4.381211774880657,0,-48
2.4,5.167915484300337,0,-47
2.4,6.057121925382896,0,-48
2.4,6.849894879154891,0,-52
2.4,7.7435415296591135,0,-53
2.4,8.638507451385252,0,-55
2.4,9.434836767223729,0,-59
2.4,10.33138521158899,0,-56
2.4,11.128784939370426,0,-57
2.4,12.026272481232121,0,-59
2.4,12.82433482210127,0,-62
2.4,13.72242468354052,0,-58
2.4,14.52092535040245,0,-58
2.4,3.4049834868279456,0,-39
2.4,2.605042491417223,0,-33
2.4,1.7051750491290556,0,-36
2.4,0.8056038196628021,0,-39
2.4,0.03648767974990185,0,-39
2.4,0.8959391256422229,0,-42
2.4,1.6955945132533252,0,-42
2.4,2.5954607142967556,0,-43
2.4,3.3954013247296775,0,-46
2.4,4.295360953640457,0,-50
2.4,5.095337040724327,0,-51
2.4,5.995317766779368,0,-49
2.4,6.7953049203975056,0,-60
2.4,7.695293660885304,0,-63
2.4,8.59528475929359,0,-59
2.4,9.395278278468544,0,-59
2.4,10.295272191445248,0,-58
2.4,11.095267609772383,0,-56
2.4,11.995263185880798,0,-59
2.4,12.795259775989908,0,-65
2.4,13.69525641604232,0,-61
2.4,14.495253779691705,0,-63
2.4,3.5059645329350766,0,-48
2.4,2.7357121819951984,0,-45
2.4,1.8988145535570222,0,-42
2.4,1.1605482647796137,0,-39
2.4,0.8361854527562694,0,-35
2.4,1.2249823172128758,0,-42
2.4,1.8902157321328317,0,-43
2.4,2.7265896427745595,0,-41
2.4,3.496659107863351,0,-43
2.4,4.375842831122563,0,-46
2.4,5.163364631633622,0,-45
2.4,6.053239619021208,0,-50
2.4,6.846462131773331,0,-49
2.4,7.740505105475302,0,-54
2.4,8.635785711443535,0,-50
2.4,9.432344814015787,0,-52
2.4,10.329109557777645,0,-58
2.4,11.126672372865656,0,-56
2.4,12.024317596403334,0,-52
2.4,12.822501608332635,0,-59
2.4,13.720711463396349,0,-57
2.4,14.51930635045264,0,-55
2.4,17.615066009379657,0,-56
2.4,17.595245828182534,0,-60
2.4,17.616400502045494,0,-59
2.4,18.515370431469943,0,-61
2.4,18.495244018943293,0,-59
2.4,18.514100736489613,0,-58
2.4,15.817325923892339,0,-61
2.4,15.795250065193933,0,-64
2.4,15.818812076647943,0,-63
2.4,16.71754141859339,0,-56
2.4,16.6952478324849,0,-59
2.4,16.716135167816734,0,-59
2.4,21.3116187679092,0,-57
2.4,21.295239368179733,0,-60
2.4,21.312721802772298,0,-64
2.4,22.212012205301175,0,-71
2.4,22.19523812249273,0,-59
2.4,22.210953830819204,0,-60
2.4,19.4132249162,0,-60
2.4,19.39524237761263,0,-63
2.4,19.414435808970467,0,-65
2.4,20.41349394582619,0,-63
2.4,20.395240723805852,0,-62
2.4,20.41234231886719,0,-57
2.4,23.882605381639245,0,-73
2.4,23.11646974889596,0,-74
2.4,22.448039240846303,0,-74
2.4,21.78159217930427,0,-73
2.4,20.361075212498005,0,-80
2.4,19.608307363092788,0,-75
2.4,23.66847512147184,0,-75
2.4,22.895175221261127,0,-74
2.4,22.220088670372203,0,-76
2.4,21.54659213486338,0,-73
2.4,20.779027081715707,0,-78
2.4,20.109481807585897,0,-74
2.4,19.346927208374627,0,-67
2.4,18.68226122590892,0,-65
2.4,23.479663313948073,0,-66
2.4,22.699932228376305,0,-65
2.4,22.018860444624075,0,-73
2.4,21.3390137397862,0,-71
2.4,20.56370203108629,0,-67
2.4,19.886908591589993,0,-60
2.4,19.115477162937214,0,-54
2.4,18.442471615098874,0,-50
2.4,23.316785029179876,0,-71
2.4,22.53141801870235,0,-77
2.4,21.845093042613904,0,-72
2.4,21.159664036733002,0,-69
2.4,20.377529683058498,0,-62
2.4,19.694339493643437,0,-53
2.4,18.915055958875772,0,-44
2.4,18.23465475500853,0,-38
2.4,23.180386943655932,0,-66
2.4,22.39023610179519,0,-71
2.4,21.699446186506375,0,-74
2.4,21.00926597737388,0,-70
2.4,20.221315257533515,0,-63
2.4,19.53266194996246,0,-54
2.4,18.746658813986812,0,-45
2.4,18.059914418262977,0,-38
2.4,23.083131920802334,0,-70
2.4,22.289533712253423,0,-81
2.4,21.595522804892575,0,-81
2.4,20.901911331827737,0,-70
2.4,20.10975462704871,0,-67
2.4,19.417145085389368,0,-61
2.4,18.626267932776514,0,-54
2.4,17.934914251552254,0,-47
2.4,22.997583656414673,0,-67
2.4,22.200927635355903,0,-74
2.4,21.50405729106168,0,-74
2.4,20.01149934214662,0,-76
2.4,19.315366888249578,0,-63
2.4,18.52014394825824,0,-61
2.4,17.82467458247583,0,-62
2.4,21.442069740066856,0,-83
2.4,20.74332776689517,0,-69
2.4,19.94487354387995,0,-63
2.4,19.246331411162906,0,-66
2.4,17.74984221709555,0,-65
2.4,18.35702847617063,0,-73
2.4,17.613995239906753,0,-70
2.4,15.96231748348665,0,-79
2.4,18.049808962441833,0,-79
2.4,16.44777532018378,0,-72
2.4,15.608032821253605,0,-74
2.4,17.78287695189818,0,-77
2.4,17.014789053140504,0,-85
2.4,15.298555410725415,0,-68
2.4,17.558069990521673,0,-71
2.4,16.779694741817448,0,-78
2.4,15.906587666582011,0,-74
2.4,15.036652112779027,0,-74
2.4,17.37702307352338,0,-66
2.4,16.590155657325287,0,-72
2.4,15.706515854904456,0,-62
2.4,14.82484454780043,0,-60
2.4,17.24111481324424,0,-68
2.4,16.447746770910246,0,-61
2.4,15.556019716047908,0,-69
2.4,14.665303439484445,0,-75
2.4,17.15141828273033,0,-61
2.4,15.456547431809517,0,-66
2.4,14.559747047179783,0,-64
2.4,15.329020567230549,0,-69
2.4,14.523782121632783,0,-69
2.4,13.817835610296513,0,-60
2.4,13.122687026279971,0,-57
2.4,12.355820100494324,0,-68
2.4,11.690107963243875,0,-68
2.4,11.04223519169992,0,-63
2.4,10.338874870840593,0,-65
2.4,9.74087611210703,0,-69
2.4,9.173712512823565,0,-62
2.4,8.580115199344272,0,-65
2.4,14.998558141074922,0,-74
2.4,14.174558965882772,0,-67
2.4,13.45029574819104,0,-60
2.4,12.735100688660625,0,-61
2.4,11.943373272087213,0,-65
2.4,11.253288361760108,0,-61
2.4,10.578697121547803,0,-66
2.4,9.842266423722064,0,-67
2.4,9.212086744709094,0,-70
2.4,8.610161208047343,0,-71
2.4,7.97472580059316,0,-73
2.4,14.670100729610242,0,-69
2.4,13.826540817680822,0,-66
2.4,13.083025828129827,0,-63
2.4,12.34657436927468,0,-62
2.4,11.528194751222472,0,-62
2.4,10.811642246145201,0,-67
2.4,10.10761801292223,0,-64
2.4,9.334094356777891,0,-64
2.4,8.667043976913417,0,-65
2.4,8.024337052633658,0,-68
2.4,7.338348635786691,0,-66
2.4,14.390516478661116,0,-61
2.4,13.529535841583776,0,-63
2.4,12.76873814929331,0,-61
2.4,12.013034910535165,0,-61
2.4,11.170245446176173,0,-64
2.4,10.42912830318708,0,-65
2.4,9.69737340731273,0,-61
2.4,8.888218413548298,0,-60
2.4,8.1849105311822,0,-61
2.4,7.5010062151671075,0,-65
2.4,6.762135003536867,0,-67
2.4,14.185374132649615,0,-64
2.4,13.311131238528441,0,-59
2.4,12.537086929819303,0,-64
2.4,11.766515309230865,0,-62
2.4,10.904689729123302,0,-60
2.4,10.14419005761256,0,-56
2.4,9.390256959289442,0,-59
2.4,8.552093388613498,0,-55
2.4,7.818608262605628,0,-50
2.4,7.09950484193111,0,-62
2.4,6.313821708496862,0,-65
2.4,14.00571127750929,0,-57
2.4,13.11950166565155,0,-54
2.4,12.333436576702866,0,-56
2.4,11.549285329753976,0,-57
2.4,10.669928171930367,0,-53
2.4,9.89139530251782,0,-68
2.4,9.116580217778479,0,-61
2.4,8.25066121188313,0,-54
2.4,7.487706208832656,0,-52
2.4,6.733355634920034,0,-66
2.4,5.899106175717838,0,-65
2.4,13.862522360119533,0,-54
2.4,12.966530058226715,0,-64
2.4,12.170588958116003,0,-65
2.4,11.375217335239512,0,-54
2.4,10.481266382933715,0,-50
2.4,9.687583745523684,0,-62
2.4,8.895033033274974,0,-52
2.4,8.005185084002488,0,-49
2.4,7.2163233066191115,0,-48
2.4,6.43021429675345,0,-47
2.4,5.550588389374177,0,-47
2.4,35.1850805716903,1,-94
2.4,35.065232570908286,1,-93
2.4,34.973331859037366,1,-92
2.4,34.87885579742987,1,-91
2.4,34.78782051952285,1,-91
2.4,34.72309169578775,1,-93
2.4,34.672377151410224,1,-92
2.4,34.64010888262484,1,-92
2.4,34.18446831303452,1,-91
2.4,34.091578851755884,1,-89
2.4,34.025525550989485,1,-87
2.4,32.89552273986846,1,-90
2.4,32.79898308011745,1,-90
2.4,31.813030542963446,1,-90
2.4,31.711706330596527,1,-90
2.4,31.574202811596543,1,-90
2.4,31.40940820205596,1,-90
2.4,30.81159076842879,1,-86
2.4,30.73848997749687,1,-86
2.4,29.98297347861246,1,-90
2.4,29.945652517346304,1,-90
2.4,28.571791847960164,1,-90
2.4,28.458929977664894,1,-90
2.4,28.230643114350237,1,-88
2.4,28.150841036554482,1,-88
2.4,31.019768724716617,1,-90
2.4,31.006925965102987,1,-80
2.4,31.00569083048866,1,-80
2.4,31.018921713873258,1,-83
2.4,30.420064137215356,1,-86
2.4,30.406968085995793,1,-81
2.4,30.405708580022228,1,-87
2.4,30.419200427834827,1,-86
2.4,29.82037143446883,1,-85
2.4,29.80701190257345,1,-85
2.4,29.805727044154217,1,-84
2.4,29.819490355238724,1,-87
2.4,29.120745948492424,1,-78
2.4,29.107065304958326,1,-78
2.4,29.105749547771133,1,-82
2.4,28.52108158843256,1,-83
2.4,28.50711316574334,1,-76
2.4,28.50576971623408,1,-77
2.4,27.921431649387454,1,-86
2.4,27.907163084446367,1,-82
2.4,27.905790751963238,1,-81
2.4,27.92049064590209,1,-86
2.4,34.606703910384844,1,-88
2.4,34.60559725841351,1,-88
2.4,33.91848819711057,1,-91
2.4,33.906743394905966,1,-88
2.4,33.905613896794,1,-87
2.4,33.215318030931066,1,-87
2.4,32.61903407616281,1,-87
2.4,32.6068212209093,1,-85
2.4,32.60564669198899,1,-85
2.4,31.90566545787387,1,-88
2.4,31.915746809063336,1,-88
2.4,34.634580605984794,1,-87
2.4,34.67066215358466,1,-93
2.4,34.720821628866396,1,-92
2.4,35.16221583342301,1,-94
2.4,35.273571245150315,1,-94
2.4,34.02320894169905,1,-92
2.4,34.07847051674974,1,-92
2.4,34.15615307929935,1,-92
2.4,33.38211264836206,1,-88
2.4,33.78532235350332,1,-92
2.4,33.90120075455443,1,-92
2.4,32.63640617996647,1,-92
2.4,32.67469431776375,1,-97
2.4,32.72791299754465,1,-95
2.4,32.785357939868874,1,-94
2.4,32.86609705548975,1,-94
2.4,32.9615074909571,1,-95
2.4,33.07146226721719,1,-95
2.4,33.19581685856698,1,-94
2.4,33.31374585629767,1,-94
2.4,33.464403526636175,1,-91
2.4,31.976224618710955,1,-95
2.4,32.030603823247006,1,-94
2.4,32.08929708411009,1,-94
2.4,32.171783098980164,1,-95
2.4,32.26924647684502,1,-96
2.4,32.38155197946701,1,-95
2.4,32.508545784369886,1,-93
2.4,32.62895884157115,1,-93
2.4,32.950724361021905,1,-93
2.4,31.237823108495583,1,-90
2.4,31.277823341358168,1,-93
2.4,31.333414646169018,1,-93
2.4,31.39341140206381,1,-94
2.4,31.477721008274713,1,-96
2.4,31.57732668055243,1,-97
2.4,31.692084196308038,1,-96
2.4,31.821829631896197,1,-94
2.4,31.944831306361557,1,-93
2.4,32.10191408012062,1,-93
2.4,30.538580266027658,1,-89
2.4,30.579495173729786,1,-89
2.4,30.63635365861467,1,-89
2.4,31.00308843990919,1,-92
2.4,31.26140654703257,1,-94
2.4,31.421906048398785,1,-94
2.4,29.939257423022415,1,-83
2.4,30.101558463700382,1,-91
2.4,30.189476019949755,1,-91
2.4,30.676208854358773,1,-93
2.4,30.839754053685137,1,-91
2.4,29.240082543470297,1,-92
2.4,29.28281181110355,1,-87
2.4,29.342183081360098,1,-85
2.4,29.863182611917342,1,-91
2.4,29.994217472426133,1,-91
2.4,28.584722487221367,1,-92
2.4,28.645540666690305,1,-92
2.4,28.711154733961482,1,-93
2.4,28.803316589813544,1,-95
2.4,28.91213736458405,1,-97
2.4,29.037429765806174,1,-97
2.4,29.17898161039339,1,-95
2.4,29.313075135340995,1,-94
2.4,29.48418244255207,1,-93
2.4,27.84185718235878,1,-90
2.4,27.88672895444018,1,-90
2.4,27.94906603437692,1,-89
2.4,28.016311289397688,1,-87
2.4,28.11075130052524,1,-94
2.4,28.222242630512742,1,-96
2.4,28.35058411234379,1,-97
2.4,28.495548072052046,1,-95
2.4,28.632842436563994,1,-94
2.4,28.80799032235066,1,-92
2.4,28.998981823991656,1,-92
2.4,27.142813108994737,1,-89
2.4,27.188838590226062,1,-89
2.4,27.32173110129345,1,-94
2.4,27.418563616406587,1,-95
2.4,27.53285802822664,1,-97
2.4,27.66439790810625,1,-98
2.4,27.81293857242673,1,-96
2.4,27.953585782579907,1,-95
2.4,28.13296284644763,1,-93
2.4,28.32850576601512,1,-93
2.4,26.543672576476776,1,-89
2.4,26.5907351207663,1,-93
2.4,26.65610314127524,1,-90
2.4,26.726601743371237,1,-90
2.4,27.75497233492659,1,-94
2.4,25.844725689280565,1,-89
2.4,25.8930586522664,1,-94
2.4,26.694952717478177,1,-92
2.4,26.882729418791254,1,-90
2.4,27.0872992640369,1,-89
2.4,25.145837390333856,1,-87
2.4,24.546840701778727,1,-82
2.4,24.59772405841748,1,-91
2.4,24.668373867557612,1,-95
2.4,24.74453627247983,1,-95
2.4,24.85141275170527,1,-94
2.4,24.977456959650006,1,-93
2.4,25.122380392524864,1,-92
2.4,25.28585843910123,1,-93
2.4,25.44048040176792,1,-94
2.4,25.63744689879019,1,-93
2.4,25.85187273494584,1,-90
5,23.414203514470994,1,-89
5,20.915328576338105,1,-90
5,20.115747644388055,1,-88
5,19.216260792849024,1,-87
5,18.416759017137213,1,-87
5,17.617302476026886,1,-86
5,16.71797601678822,1,-86
5,15.918638633200523,1,-85
5,15.11937134179006,1,-86
5,14.220294136797087,1,-85
5,13.421218244762423,1,-85
5,12.62225942571543,1,-83
5,11.823441412997331,1,-82
5,10.924977913600706,1,-82
5,10.126572779039389,1,-87
5,9.336089959968326,1,-86
5,8.439428375589445,1,-83
5,7.643054699740319,1,-83
5,6.847526486238725,1,-85
5,5.9539898006146945,1,-83
5,5.161620712755063,1,-81
5,4.372031818143635,1,-83
5,3.4894179722330945,1,-84
5,2.71447446505978,1,-78
5,1.9597717872190703,1,-75
5,1.184095023240463,1,-81
5,0.7709830481800993,1,-82
5,1.0328352710376,1,-82
5,1.7686504072830067,1,-81
5,2.5140521274827567,1,-85
5,3.285238490006288,1,-83
5,4.0675700083387705,1,-82
5,4.954442586085752,1,-84
5,5.746201804264995,1,-90
5,6.539967049753123,1,-88
5,7.434550731412059,1,-89
5,8.230727696531927,1,-89
5,9.924645475635845,1,-88
5,10.722449424155716,1,-88
5,13.217297942192902,1,-90
5,14.01603719776796,1,-90
5,14.914780397152954,1,-86
5,15.71378401696473,1,-87
5,16.51288412023576,1,-87
5,17.41197052416577,1,-87
5,19.809939905107548,1,-88
5,20.709299713173674,1,-88
5,23.40518748008,1,-87
5,22.60520149908449,1,-91
5,21.705218505702604,1,-91
5,20.90523485198894,1,-89
5,20.10525249911901,1,-88
5,19.20527410945791,1,-88
5,17.605317983281378,1,-89
5,16.705346355539408,1,-89
5,15.905374270825943,1,-91
5,15.105405142913916,1,-91
5,14.205444030288293,1,-89
5,13.405482980264882,1,-85
5,12.60552687398229,1,-86
5,11.705583425732046,1,-88
5,10.90564152965294,1,-86
5,10.105708832625707,1,-83
5,9.305787706923445,1,-82
5,8.405894385037826,1,-87
5,7.6060104028938005,1,-87
5,6.806153692464416,1,-87
5,5.90636128691176,1,-87
5,5.106607238475289,1,-86
5,4.306944546260897,1,-85
5,2.608348275665601,1,-83
5,1.8099211484719337,1,-82
5,0.9149809450305331,1,-82
5,0.17182539476809577,1,-86
5,0.7084192281449223,1,-86
5,1.5956186962460734,1,-85
5,2.3954817595482227,1,-83
5,3.195413384344265,1,-87
5,3.9953723898235993,1,-88
5,4.895342286239824,1,-88
5,5.695323514600901,1,-88
5,6.495309366957377,1,-88
5,14.895252567711825,1,-89
5,15.695250329078663,1,-89
5,16.49524830758731,1,-87
5,17.39524625565977,1,-87
5,18.195244602136114,1,-87
5,18.995243087891282,1,-86
5,19.79524169603898,1,-85
5,20.695240258829635,1,-85
5,21.495239082345677,1,-86
5,23.427716706572145,1,-79
5,21.724971464674528,1,-91
5,20.925742973128592,1,-91
5,19.227595491377542,1,-89
5,18.42858546434208,1,-89
5,17.629665228048953,1,-86
5,16.731003305814074,1,-86
5,15.932319525281923,1,-86
5,15.133774786622071,1,-85
5,14.235607288004294,1,-88
5,13.43744204433266,1,-87
5,12.639508793118402,1,-86
5,11.742170076157151,1,-88
5,10.944902554793195,1,-86
5,10.148065124467664,1,-86
5,9.351767726315448,1,-83
5,8.45676860112881,1,-86
5,7.662197400847644,1,-87
5,6.868886579794041,1,-89
5,5.978543168043333,1,-84
5,5.189924108180763,1,-85
5,4.405411000711983,1,-83
5,3.531150188150758,1,-82
5,2.7679153686114377,1,-86
5,2.0331476395760446,1,-86
5,1.3019465773973389,1,-86
5,0.9420184323647226,1,-86
5,1.1660757108494821,1,-87
5,1.849623780533803,1,-89
5,2.571661324131618,1,-89
5,3.329530868238438,1,-88
5,4.200851267140467,1,-88
5,4.983922672469336,1,-88
5,5.771639198847421,1,-86
5,6.56232831228295,1,-89
5,7.4542288966916885,1,-89
5,9.043793237204723,1,-88
5,9.939394935477354,1,-88
5,11.533266638573366,1,-91
5,12.423380400576725,1,-91
5,14.020165771148015,1,-88
5,14.91866025541682,1,-88
5,15.71746664234003,1,-89
5,16.51638857285665,1,-90
5,17.415294055963365,1,-88
5,18.214411900805118,1,-89
5,19.013603938462303,1,-90
5,19.912772541632478,1,-90
5,27.118552939510103,0,-65
5,26.219025327023413,0,-62
5,25.319531288418,0,-62
5,24.42007453369586,0,-68
5,27.10481548800357,0,-60
5,26.20481631694451,0,-56
5,25.30481720485023,0,-56
5,24.40481815824423,0,-58
5,27.12095373957974,0,-58
5,26.2215084865556,0,-65
5,25.32210265512306,0,-67
5,24.422740600568837,0,-63
5,23.620592161666465,0,-62
5,22.72121804908052,0,-59
5,21.92181752205735,0,-55
5,21.022546445101828,0,-53
5,20.12334054282605,0,-57
5,19.32410847721221,0,-54
5,18.425052076049823,0,-56
5,17.52609253573742,0,-53
5,16.727111328850214,0,-56
5,15.828380491188359,0,-52
5,14.929802561987051,0,-54
5,14.131218573655756,0,-50
5,13.233016056157284,0,-47
5,12.33507557774169,0,-44
5,11.437458855649817,0,-47
5,10.63991536203182,0,-44
5,9.743160394722226,0,-43
5,8.847064487352107,0,-44
5,8.051265979949052,0,-44
5,7.157112507566723,0,-43
5,6.264633669421625,0,-45
5,5.473387328571699,0,-43
5,4.5868665137163385,0,-43
5,23.604819066739008,0,-54
5,22.70482016532103,0,-60
5,21.90482121762437,0,-55
5,21.004822497278326,0,-54
5,20.104823891500587,0,-52
5,19.304825239943796,0,-53
5,18.40482689706301,0,-58
5,17.504828724581596,0,-56
5,16.70483051435887,0,-57
5,15.804832744434165,0,-52
5,14.904835243826792,0,-55
5,14.1048377332793,0,-55
5,13.20484089446831,0,-50
5,12.304844518087405,0,-54
5,11.404848713612493,0,-50
5,10.60485304079726,0,-47
5,9.704858761619867,0,-48
5,8.804865651960451,0,-46
5,8.004873077419223,0,-43
5,7.104883429844163,0,-43
5,6.204896785423363,0,-46
5,5.4049123909898285,0,-43
5,4.504936572290272,0,-41
5,23.619596904564506,0,-57
5,22.72018339495076,0,-57
5,21.92074513643901,0,-59
5,21.021428184183808,0,-52
5,20.122172309889418,0,-53
5,19.322891923969316,0,-53
5,18.423776156680848,0,-57
5,17.524751166209597,0,-55
5,16.72570588268498,0,-57
5,15.826895236911316,0,-56
5,14.9282279057579,0,-56
5,14.129554920193602,0,-52
5,13.231239466083679,0,-53
5,12.333169640239825,0,-52
5,11.435403313439199,0,-55
5,10.637705710233506,0,-50
5,9.74074731956525,0,-54
5,8.844406928093067,0,-53
5,8.048345652754906,0,-42
5,7.153827179370622,0,-45
5,6.260880040248725,0,-45
5,5.469090666180536,0,-41
5,4.581738565324968,0,-42
5,3.5126632972525065,0,-40
5,2.7442917622554477,0,-39
5,1.91115484523524,0,-45
5,1.180630513136584,0,-41
5,0.8638415624797109,0,-43
5,1.2440248434619012,0,-42
5,1.902611796365364,0,-50
5,2.735197838137432,0,-50
5,3.503375665022223,0,-53
5,4.381211774880657,0,-57
5,5.167915484300337,0,-59
5,6.057121925382896,0,-60
5,6.849894879154891,0,-63
5,7.7435415296591135,0,-60
5,8.638507451385252,0,-62
5,9.434836767223729,0,-61
5,10.33138521158899,0,-64
5,11.128784939370426,0,-64
5,12.026272481232121,0,-62
5,12.82433482210127,0,-65
5,13.72242468354052,0,-58
5,14.52092535040245,0,-57
5,3.4049834868279456,0,-42
5,2.605042491417223,0,-37
5,1.7051750491290556,0,-43
5,0.8056038196628021,0,-39
5,0.03648767974990185,0,-37
5,0.8959391256422229,0,-42
5,1.6955945132533252,0,-51
5,2.5954607142967556,0,-51
5,3.3954013247296775,0,-53
5,4.295360953640457,0,-57
5,5.095337040724327,0,-59
5,5.995317766779368,0,-62
5,6.7953049203975056,0,-64
5,7.695293660885304,0,-60
5,8.59528475929359,0,-59
5,9.395278278468544,0,-60
5,10.295272191445248,0,-61
5,11.095267609772383,0,-59
5,11.995263185880798,0,-62
5,12.795259775989908,0,-60
5,13.69525641604232,0,-59
5,14.495253779691705,0,-62
5,3.5059645329350766,0,-47
5,2.7357121819951984,0,-39
5,1.8988145535570222,0,-41
5,1.1605482647796137,0,-39
5,0.8361854527562694,0,-48
5,1.2249823172128758,0,-42
5,1.8902157321328317,0,-50
5,2.7265896427745595,0,-44
5,3.496659107863351,0,-54
5,4.375842831122563,0,-62
5,5.163364631633622,0,-61
5,6.053239619021208,0,-62
5,6.846462131773331,0,-64
5,7.740505105475302,0,-64
5,8.635785711443535,0,-65
5,9.432344814015787,0,-63
5,10.329109557777645,0,-62
5,11.126672372865656,0,-61
5,12.024317596403334,0,-64
5,12.822501608332635,0,-66
5,13.720711463396349,0,-64
5,14.51930635045264,0,-64
5,17.615066009379657,0,-67
5,17.595245828182534,0,-68
5,17.616400502045494,0,-67
5,18.515370431469943,0,-63
5,18.495244018943293,0,-67
5,18.514100736489613,0,-70
5,15.817325923892339,0,-69
5,15.795250065193933,0,-65
5,15.818812076647943,0,-63
5,16.71754141859339,0,-58
5,16.6952478324849,0,-63
5,16.716135167816734,0,-61
5,21.3116187679092,0,-64
5,21.295239368179733,0,-64
5,21.312721802772298,0,-64
5,22.212012205301175,0,-67
5,22.19523812249273,0,-60
5,22.210953830819204,0,-64
5,19.4132249162,0,-66
5,19.39524237761263,0,-62
5,19.414435808970467,0,-60
5,20.41349394582619,0,-64
5,20.395240723805852,0,-63
5,20.41234231886719,0,-52
5,23.882605381639245,0,-87
5,23.11646974889596,0,-84
5,22.448039240846303,0,-87
5,21.78159217930427,0,-89
5,21.022609060296183,0,-88
5,20.361075212498005,0,-87
5,19.608307363092788,0,-86
5,18.95281007535485,0,-86
5,23.66847512147184,0,-87
5,22.895175221261127,0,-83
5,22.220088670372203,0,-82
5,21.54659213486338,0,-85
5,20.779027081715707,0,-87
5,20.109481807585897,0,-90
5,19.346927208374627,0,-90
5,18.68226122590892,0,-84
5,23.479663313948073,0,-86
5,22.699932228376305,0,-84
5,22.018860444624075,0,-83
5,21.3390137397862,0,-82
5,20.56370203108629,0,-84
5,19.886908591589993,0,-86
5,19.115477162937214,0,-86
5,18.442471615098874,0,-83
5,23.316785029179876,0,-85
5,22.53141801870235,0,-85
5,21.845093042613904,0,-82
5,21.159664036733002,0,-80
5,20.377529683058498,0,-81
5,19.694339493643437,0,-83
5,18.915055958875772,0,-83
5,18.23465475500853,0,-81
5,23.180386943655932,0,-84
5,22.39023610179519,0,-83
5,21.699446186506375,0,-83
5,21.00926597737388,0,-81
5,20.221315257533515,0,-80
5,19.53266194996246,0,-81
5,18.746658813986812,0,-82
5,18.059914418262977,0,-81
5,23.083131920802334,0,-83
5,22.289533712253423,0,-87
5,21.595522804892575,0,-88
5,20.901911331827737,0,-86
5,20.10975462704871,0,-82
5,19.417145085389368,0,-83
5,18.626267932776514,0,-84
5,17.934914251552254,0,-83
5,22.997583656414673,0,-84
5,22.200927635355903,0,-84
5,21.50405729106168,0,-86
5,20.807397052111455,0,-86
5,20.01149934214662,0,-83
5,19.315366888249578,0,-85
5,18.52014394825824,0,-83
5,17.82467458247583,0,-85
5,22.939632272432334,0,-83
5,22.140891188724478,0,-82
5,20.74332776689517,0,-84
5,19.94487354387995,0,-83
5,19.246331411162906,0,-83
5,18.448132876387085,0,-81
5,17.74984221709555,0,-87
5,18.35702847617063,0,-82
5,17.613995239906753,0,-88
5,16.784344010938902,0,-83
5,18.049808962441833,0,-78
5,17.293580815353536,0,-83
5,16.44777532018378,0,-86
5,15.608032821253605,0,-89
5,17.78287695189818,0,-75
5,17.014789053140504,0,-80
5,16.154393275172943,0,-86
5,15.298555410725415,0,-87
5,17.558069990521673,0,-73
5,16.779694741817448,0,-77
5,15.906587666582011,0,-87
5,15.036652112779027,0,-84
5,17.37702307352338,0,-74
5,16.590155657325287,0,-77
5,15.706515854904456,0,-75
5,14.82484454780043,0,-82
5,17.24111481324424,0,-77
5,16.447746770910246,0,-74
5,15.556019716047908,0,-81
5,14.665303439484445,0,-83
5,17.15141828273033,0,-84
5,16.353699365761084,0,-82
5,15.456547431809517,0,-74
5,14.559747047179783,0,-85
5,15.329020567230549,0,-75
5,14.523782121632783,0,-78
5,13.817835610296513,0,-79
5,13.122687026279971,0,-78
5,12.355820100494324,0,-78
5,11.690107963243875,0,-77
5,11.04223519169992,0,-82
5,10.338874870840593,0,-85
5,9.74087611210703,0,-84
5,9.173712512823565,0,-87
5,8.580115199344272,0,-88
5,14.998558141074922,0,-80
5,14.174558965882772,0,-77
5,13.45029574819104,0,-77
5,12.735100688660625,0,-75
5,11.943373272087213,0,-77
5,11.253288361760108,0,-81
5,10.578697121547803,0,-80
5,9.842266423722064,0,-81
5,9.212086744709094,0,-81
5,8.610161208047343,0,-80
5,7.97472580059316,0,-81
5,14.670100729610242,0,-80
5,13.826540817680822,0,-78
5,13.083025828129827,0,-76
5,12.34657436927468,0,-75
5,11.528194751222472,0,-78
5,10.811642246145201,0,-76
5,10.10761801292223,0,-78
5,9.334094356777891,0,-78
5,8.667043976913417,0,-79
5,8.024337052633658,0,-80
5,7.338348635786691,0,-80
5,14.390516478661116,0,-80
5,13.529535841583776,0,-76
5,12.76873814929331,0,-73
5,12.013034910535165,0,-72
5,11.170245446176173,0,-75
5,10.42912830318708,0,-73
5,9.69737340731273,0,-76
5,8.888218413548298,0,-77
5,8.1849105311822,0,-78
5,7.5010062151671075,0,-79
5,6.762135003536867,0,-78
5,14.185374132649615,0,-76
5,13.311131238528441,0,-67
5,12.537086929819303,0,-74
5,11.766515309230865,0,-74
5,10.904689729123302,0,-71
5,10.14419005761256,0,-72
5,9.390256959289442,0,-75
5,8.552093388613498,0,-78
5,7.818608262605628,0,-79
5,7.09950484193111,0,-77
5,6.313821708496862,0,-80
5,14.00571127750929,0,-77
5,13.11950166565155,0,-74
5,12.333436576702866,0,-68
5,11.549285329753976,0,-66
5,10.669928171930367,0,-66
5,9.89139530251782,0,-76
5,9.116580217778479,0,-74
5,8.25066121188313,0,-75
5,7.487706208832656,0,-77
5,6.733355634920034,0,-79
5,5.899106175717838,0,-76
5,13.862522360119533,0,-76
5,12.966530058226715,0,-73
5,12.170588958116003,0,-76
5,11.375217335239512,0,-74
5,10.481266382933715,0,-65
5,9.687583745523684,0,-67
5,8.895033033274974,0,-68
5,8.005185084002488,0,-79
5,7.2163233066191115,0,-74
5,6.43021429675345,0,-71
5,5.550588389374177,0,-71
2.4,16.147515812139346,1,-93
2.4,15.769186739115826,1,-93
2.4,15.39779964549879,1,-90
2.4,15.106032593992893,1,-80
2.4,14.7484644706014,1,-92
2.4,16.221430970589246,1,-94
2.4,15.829081029655768,1,-91
2.4,15.442952753706926,1,-89
2.4,15.063524596290224,1,-86
2.4,14.765153574240044,1,-84
2.4,14.399123014291868,1,-88
2.4,15.920187249957515,1,-90
2.4,15.520223760742821,1,-96
2.4,15.12621330979245,1,-95
2.4,14.738633335664417,1,-92
2.4,14.433547707026552,1,-94
2.4,14.05888626175017,1,-93
2.4,15.629136297755796,1,-94
2.4,15.221527023385136,1,-90
2.4,14.819577201575628,1,-91
2.4,14.423759979397754,1,-92
2.4,14.111868719313163,1,-92
2.4,13.728431165320586,1,-92
2.4,15.348857962530817,1,-92
2.4,14.933600512393582,1,-94
2.4,14.523684373242832,1,-91
2.4,14.11957475575643,1,-90
2.4,13.800810776590165,1,-91
2.4,13.408480958000553,1,-88
2.4,15.079952920817211,1,-85
2.4,14.65707895877892,1,-78
2.4,13.826783090202584,1,-88
2.4,13.501108007543866,1,-90
2.4,13.099805377988687,1,-87
2.4,14.823040154913615,1,-92
2.4,14.444514359298276,1,-93
2.4,14.020305937667347,1,-92
2.4,13.601248549144541,1,-91
2.4,13.270039521548512,1,-91
2.4,12.861529163100151,1,-91
2.4,14.262264236590712,1,-86
2.4,13.860092401066952,1,-83
2.4,13.47264419399152,1,-85
2.4,13.101225965140546,1,-85
2.4,12.804964088176469,1,-76
2.4,12.466638901936177,1,-77
2.4,12.148541711787793,1,-83
2.4,13.75929595089949,1,-82
2.4,13.41429120655487,1,-83
2.4,13.013577094174947,1,-82
2.4,12.628664576977815,1,-82
2.4,12.321045106143815,1,-80
2.4,11.969048947991228,1,-76
2.4,11.637358503165112,1,-75
2.4,13.337138833819667,1,-83
2.4,12.98091891132507,1,-86
2.4,12.566393117922756,1,-87
2.4,12.167342199755696,1,-85
2.4,11.785338197002885,1,-90
2.4,11.481253412739893,1,-81
2.4,11.135041990910086,1,-73
2.4,12.929049442272316,1,-85
2.4,12.561261998323985,1,-91
2.4,12.132406323657225,1,-87
2.4,11.718586237857247,1,-88
2.4,11.321450597245773,1,-84
2.4,11.004554835871048,1,-82
2.4,10.64284770855396,1,-84
2.4,12.600708663437942,1,-89
2.4,12.223045542362026,1,-86
2.4,11.78188535602158,1,-83
2.4,11.35529844408394,1,-84
2.4,10.944988943164564,1,-86
2.4,10.61686236492735,1,-83
2.4,10.241471900444301,1,-82
2.4,12.222066356757416,1,-90
2.4,11.832323928070839,1,-93
2.4,11.376021701393562,1,-88
2.4,10.933611021174874,1,-90
2.4,10.506846823578236,1,-86
2.4,10.164586252472468,1,-84
2.4,9.771836771852655,1,-89
2.4,14.03578424468679,1,-64
2.4,13.266171350754767,1,-84
2.4,12.500374604457868,1,-83
2.4,11.644352110099875,1,-79
2.4,10.88939846861047,1,-83
2.4,10.141354049256178,1,-81
2.4,9.310136022882636,1,-78
2.4,8.582930484908145,1,-76
2.4,7.869863953903789,1,-75
2.4,7.089875137487713,1,-73
2.4,6.422958228834673,1,-69
2.4,5.7898579735209115,1,-74
2.4,14.300988394014196,1,-77
2.4,13.546450900140501,1,-83
2.4,12.7616374982237,1,-71
2.4,11.924385202109228,1,-79
2.4,11.18834328184786,1,-68
2.4,10.461696245669666,1,-71
2.4,9.658087758395604,1,-79
2.4,8.959169721188434,1,-82
2.4,8.278573852859457,1,-78
2.4,7.540978441121585,1,-68
2.4,6.917688833248367,1,-73
2.4,6.33423095078146,1,-74
2.4,14.579379116753321,1,-75
2.4,13.840027397885146,1,-83
2.4,13.107800018248682,1,-77
2.4,12.294144627854854,1,-81
2.4,11.58162575266534,1,-74
2.4,10.881273731461295,1,-75
2.4,10.111067640521542,1,-75
2.4,9.445726640941421,1,-71
2.4,8.802829926766682,1,-71
2.4,8.113037996446915,1,-76
2.4,7.537204287796635,1,-77
2.4,7.0055343422303356,1,-70
2.4,4.619749896904002,1,-66
2.4,4.196445168727119,1,-58
2.4,3.8654524788626494,1,-65
2.4,3.732262827097529,1,-76
2.4,3.7680032848609195,1,-66
2.4,4.0036757569682,1,-67
2.4,4.360903864008416,1,-77
2.4,4.825509864803116,1,-75
2.4,5.442160992429789,1,-72
2.4,6.050221418403881,1,-82
2.4,6.698749297884023,1,-79
2.4,7.463565700663048,1,-79
2.4,8.166570633521918,1,-81
2.4,8.885996784632052,1,-87
2.4,9.618160000783922,1,-84
2.4,10.453734864290949,1,-87
2.4,11.204848752084104,1,-87
2.4,11.931542029563174,1,-83
2.4,12.791921904680501,1,-86
2.4,13.561022415719009,1,-86
2.4,14.333505918086544,1,-86
2.4,15.205951555757185,1,-85
2.4,15.984024075939791,1,-90
2.4,16.764160838061994,1,-91
2.4,17.643941153172776,1,-90
2.4,18.427607613600102,1,-94
2.4,19.212620469498713,1,-94
2.4,21.672851266171474,1,-94
2.4,22.560674919376922,1,-94
2.4,23.35063416188073,1,-93
2.4,24.14125470447176,1,-91
2.4,24.93247363681287,1,-91
2.4,25.823241710958385,1,-94
2.4,26.615557018532776,1,-94
2.4,27.408318780088614,1,-95
2.4,28.30066269830391,1,-91
2.4,29.094253248835223,1,-91
2.4,30.781734939144673,1,-93
2.4,31.576308663425944,1,-93
2.4,37.34389809799341,1,-95
2.4,38.239747592858514,1,-95
2.4,40.62957647820237,1,-92
2.4,41.52606477395019,1,-92
2.4,5.286030220708037,1,-71
2.4,4.920383972661818,1,-61
2.4,4.641309001848457,1,-59
2.4,4.530983579183239,1,-65
2.4,4.560468741151154,1,-66
2.4,4.757041722670615,1,-69
2.4,5.061374210174313,1,-70
2.4,5.466769781105318,1,-73
2.4,6.018068016549705,1,-75
2.4,6.57306668123846,1,-73
2.4,7.174487336402218,1,-74
2.4,7.893341456722115,1,-78
2.4,8.561127396353632,1,-79
2.4,9.249917039670425,1,-85
2.4,10.04452766699348,1,-81
2.4,10.764785134743109,1,-82
2.4,11.495593153090223,1,-86
2.4,12.235061294720325,1,-88
2.4,13.075484530134084,1,-85
2.4,13.828823472803617,1,-87
2.4,14.58713205486784,1,-88
2.4,15.445257925925524,1,-86
2.4,16.211849226493374,1,-85
2.4,16.9815228494603,1,-90
2.4,17.850593522316135,1,-91
2.4,18.625567160307988,1,-91
2.4,21.059426600544775,1,-93
2.4,21.841417346132125,1,-93
2.4,22.702953094302448,1,-94
2.4,23.4881276849877,1,-94
2.4,24.27427043374268,1,-94
2.4,27.52555112500479,1,-90
2.4,28.414213618318993,1,-93
2.4,29.204718770973518,1,-90
2.4,29.995727386343574,1,-89
2.4,34.94880620045584,1,-90
2.4,35.841744176996094,1,-90
2.4,6.074302032050224,1,-81
2.4,5.664821693815379,1,-68
2.4,5.424184328996717,1,-61
2.4,5.3300880460947555,1,-74
2.4,5.355175209394259,1,-71
2.4,5.523538026982621,1,-70
2.4,5.787705528075155,1,-75
2.4,6.145372098083268,1,-76
2.4,6.640569933078979,1,-59
2.4,7.147393369634921,1,-81
2.4,7.704108963695273,1,-82
2.4,8.377640821657494,1,-81
2.4,9.009602026776252,1,-82
2.4,9.66648807091176,1,-78
2.4,10.429408537270536,1,-86
2.4,11.124775295774754,1,-86
2.4,11.83337180712534,1,-90
2.4,12.552957869357222,1,-90
2.4,13.373418489005337,1,-87
2.4,14.110860534576137,1,-89
2.4,14.854778624080767,1,-89
2.4,15.698280758817486,1,-90
2.4,16.453087300772697,1,-91
2.4,17.21197677987733,1,-91
2.4,18.06996722418856,1,-90
2.4,18.83591724412266,1,-90
2.4,19.60458725328401,1,-90
2.4,20.472210730251835,1,-92
2.4,21.245693095967166,1,-92
2.4,22.895394927461457,1,-95
2.4,23.67418788107876,1,-95
2.4,24.454350017385554,1,-92
2.4,25.33351151311277,1,-92
2.4,26.116180205558504,1,-94
2.4,26.89986861442625,1,-94
2.4,27.684490141911287,1,-94
2.4,28.56820899583653,1,-92
2.4,29.354567415889196,1,-91
2.4,30.141643802522992,1,-94
2.4,31.027894900079588,1,-94
2.4,31.81632167417493,1,-94
2.4,7.335004526038044,0,-53
2.4,6.560019985427699,0,-48
2.4,5.821119567696838,0,-50
2.4,5.133907267728475,0,-49
2.4,7.807516959913018,0,-50
2.4,7.084411894542952,0,-52
2.4,6.4062830645979,0,-53
2.4,5.788957895508145,0,-40
2.4,8.350589845134309,0,-58
2.4,7.678796883228029,0,-49
2.4,7.058009095069564,0,-43
2.4,6.5028503902747845,0,-42
2.4,4.585309888963219,0,-39
2.4,4.068984835316558,0,-45
2.4,3.7342603731160406,0,-45
2.4,3.5406597332187926,0,-46
2.4,3.5704120432590396,0,-42
2.4,3.780992608143771,0,-45
2.4,4.191357287925959,0,-41
2.4,4.739097670154338,0,-52
2.4,5.307269511853614,0,-54
2.4,6.009881902638612,0,-54
2.4,6.759456434941747,0,-49
2.4,7.453744980884709,0,-51
2.4,8.257716697264213,0,-55
2.4,9.079727741760124,0,-54
2.4,9.915292566369422,0,-56
2.4,10.666821908182834,0,-63
2.4,11.52009810865782,0,-62
2.4,12.379993184380744,0,-56
2.4,13.148851439935825,0,-64
2.4,14.01798362824392,0,-55
2.4,14.89078358629682,0,-62
2.4,15.669189473553363,0,-81
2.4,16.547358386471473,0,-79
2.4,5.308492861458394,0,-34
2.4,4.869462729333386,0,-41
2.4,4.593444265097333,0,-49
2.4,4.437488144070675,0,-51
2.4,4.461263480336038,0,-45
2.4,4.631515387556071,0,-47
2.4,4.972173126247806,0,-47
2.4,5.441881697500701,0,-52
2.4,5.943243167983431,0,-51
2.4,6.578275622531632,0,-59
2.4,7.269475976864235,0,-46
2.4,7.9191757097815945,0,-46
2.4,8.680144856775549,0,-55
2.4,9.46554201019779,0,-55
2.4,10.269764182250318,0,-60
2.4,10.997095948622988,0,-63
2.4,11.826567131481236,0,-68
2.4,12.665672541465948,0,-69
2.4,13.41817140566602,0,-64
2.4,14.2709107867734,0,-69
2.4,15.129126395673268,0,-73
2.4,15.895865136583362,0,-76
2.4,16.762162725992685,0,-70
2.4,5.991671122854522,0,-51
2.4,5.606397564984221,0,-43
2.4,5.368403543033034,0,-45
2.4,5.23558281503233,0,-47
2.4,5.255749064146239,0,-49
2.4,5.401014827739572,0,-52
2.4,5.695834616776977,0,-51
2.4,6.110163892555351,0,-47
2.4,6.560652843892579,0,-50
2.4,7.140989885883328,0,-56
2.4,7.78237157700018,0,-57
2.4,8.392459133453608,0,-53
2.4,9.113996989186527,0,-63
2.4,9.864913174028105,0,-59
2.4,10.638988802669434,0,-61
2.4,11.342669248792992,0,-59
2.4,12.148568495906272,0,-64
2.4,12.96685340828447,0,-60
2.4,13.702822711256513,0,-65
2.4,14.538876196884663,0,-67
2.4,15.382148480643126,0,-69
2.4,16.13686942454268,0,-75
2.4,16.99088360377272,0,-76
2.4,17.623667499093006,0,-77
2.4,18.408197061710734,0,-78
2.4,19.292311677841717,0,-81
2.4,20.177830921266043,0,-86
2.4,20.96599445844124,0,-87
2.4,21.853706652272997,0,-89
2.4,22.643598596243255,0,-86
2.4,23.53304332635288,0,-88
2.4,24.324312757901104,0,-75
2.4,25.21514945338224,0,-77
2.4,26.007534002680675,0,-83
2.4,26.899505491975194,0,-87
2.4,27.692805178547587,0,-90
2.4,28.585713730274502,0,-87
2.4,29.479053585239416,0,-86
2.4,30.273464671649418,0,-86
2.4,31.167518894480796,0,-85
2.4,31.962513934013487,0,-86
2.4,32.85717376455587,0,-86
2.4,33.652666027202166,0,-89
2.4,34.547843659924986,0,-92
2.4,35.34376273820895,0,-91
2.4,17.82550660713232,0,-75
2.4,18.60152544134772,0,-84
2.4,19.476866266350928,0,-83
2.4,20.354358019095834,0,-80
2.4,21.135939849311637,0,-80
2.4,22.016800951226585,0,-83
2.4,22.801043552217525,0,-84
2.4,23.68457637118158,0,-85
2.4,24.470946463643806,0,-83
2.4,25.35663210362791,0,-82
2.4,26.144729001902512,0,-84
2.4,27.03217389325421,0,-84
2.4,28.710591410689105,0,-83
2.4,29.600162667859575,0,-85
2.4,30.39140820870162,0,-90
2.4,31.282091741444468,0,-86
2.4,32.074247094270774,0,-85
2.4,32.96587474156494,0,-85
2.4,34.65124140969483,0,-77
2.4,35.444838752308335,0,-81
2.4,18.040751430725162,0,-77
2.4,18.807891299382835,0,-83
2.4,19.674052605948088,0,-79
2.4,20.543123344657815,0,-77
2.4,21.317785525190313,0,-80
2.4,22.191429663503563,0,-80
2.4,22.96971078299451,0,-83
2.4,23.84699528801536,0,-81
2.4,24.628179941092185,0,-87
2.4,25.508406810756085,0,-89
2.4,26.291954681370047,0,-84
2.4,27.1745920259979,0,-84
2.4,27.960087888338567,0,-69
2.4,28.844723703579294,0,-69
2.4,29.730281807410467,0,-82
2.4,30.51815392995176,0,-87
2.4,31.405243035271074,0,-89
2.4,32.19436834368134,0,-89
2.4,33.082758709951065,0,-88
2.4,33.8729536179683,0,-87
2.4,34.7624590271926,0,-87
2.4,35.55357394920281,0,-87
2.4,38.62260173098343,0,-77
2.4,38.52253026588298,0,-86
2.4,38.42954993756158,0,-88
2.4,39.32584238405772,0,-91
2.4,39.416708499037334,0,-90
2.4,39.514515501045636,0,-84
2.4,36.8399541645445,0,-82
2.4,36.63751037910621,0,-87
2.4,37.53343492929107,0,-85
2.4,37.62862962258468,0,-85
2.4,42.291549458337855,0,-90
2.4,42.200179255575954,0,-90
2.4,42.115319059938415,0,-86
2.4,43.01222698643519,0,-86
2.4,43.09532109191153,0,-86
2.4,43.18479739907608,0,-82
2.4,40.40678787152709,0,-82
2.4,40.31114584963189,0,-82
2.4,40.222300406962844,0,-81
2.4,41.21854593151242,0,-81
2.4,3.2595133486181824,0,-37
2.4,2.773533885498563,0,-41
2.4,2.485366228581578,0,-40
2.4,2.3752053314058714,0,-34
2.4,2.4959293480640663,0,-31
2.4,2.7918127420535517,0,-33
2.4,3.2836384287678833,0,-36
2.4,3.8008994208011173,0,-48
2.4,2.7321152344134716,0,-41
2.4,2.128970783806771,0,-38
2.4,1.7369719843647096,0,-38
2.4,1.5753179839743263,0,-33
2.4,1.7520529942959988,0,-39
2.4,2.1527296093533512,0,-38
2.4,2.7608527152268145,0,-42
2.4,3.359592652590538,0,-46
2.4,2.363150447688057,0,-34
2.4,1.6286629432135125,0,-30
2.4,1.066348000777402,0,-33
2.4,0.7756630292382262,0,-34
2.4,1.0907410687764811,0,-35
2.4,1.6595996973007427,0,-39
2.4,2.3963167777798824,0,-43
2.4,3.067065238242319,0,-46
2.4,2.232600820277181,0,-28
2.4,1.4326790871967725,0,-29
2.4,0.7328877424654056,0,-30
2.4,0.0409819377421044,0,-32
2.4,0.7679469144476958,0,-35
2.4,1.467752547119164,0,-39
2.4,2.2676773323741264,0,-44
2.4,2.9676447833136113,0,-46
2.4,2.380027900465963,0,-31
2.4,1.6530564875965539,0,-29
2.4,1.1032455879586,0,-30
2.4,0.8256548331567957,0,-31
2.4,1.1268402050440938,0,-35
2.4,1.6835450465814308,0,-39
2.4,2.4129622599737264,0,-44
2.4,3.0800879767017317,0,-47
2.4,2.703619036264863,0,-30
2.4,2.092275994567252,0,-34
2.4,1.691796061470603,0,-31
2.4,1.5253619209133626,0,-34
2.4,1.707276173898395,0,-36
2.4,2.1164467888719054,0,-40
2.4,2.732656208584395,0,-45
2.4,3.336459954874312,0,-48
2.4,3.223287495329546,0,-38
2.4,2.7308689499381793,0,-34
2.4,2.4376628761790493,0,-37
2.4,2.325243078490198,0,-32
2.4,2.448431807965093,0,-33
2.4,2.7494314674892824,0,-42
2.4,3.247681686774261,0,-46
2.4,3.7698794960547435,0,-46
2.4,3.8405219257077388,0,-40
2.4,3.4376840468592387,0,-43
2.4,3.2097081926859916,0,-35
2.4,3.12518507585721,0,-33
2.4,3.2178944517415844,0,-35
2.4,3.4524483745183403,0,-37
2.4,3.8610183530906674,0,-37
2.4,4.309526400785593,0,-54
2.4,4.231180321520759,0,-44
2.4,4.924525343361847,0,-42
2.4,5.73781497345683,0,-44
2.4,6.5737425780020935,0,-45
2.4,3.823338409761206,0,-40
2.4,4.578862253851273,0,-42
2.4,5.444038055704262,0,-44
2.4,6.318949371863051,0,-50
2.4,3.5990201830340123,0,-39
2.4,4.393291388250362,0,-42
2.4,5.2889110442781195,0,-43
2.4,6.185802360769318,0,-50
2.4,3.592767173115594,0,-39
2.4,4.3881703367583205,0,-42
2.4,5.284657956445044,0,-45
2.4,6.182166329760961,0,-45
2.4,3.8056544302587243,0,-40
2.4,4.564106548574044,0,-44
2.4,5.431633216533379,0,-51
2.4,6.30826522993136,0,-52
2.4,4.204525576670772,0,-45
2.4,4.901642405262475,0,-44
2.4,5.718187569613258,0,-46
2.4,6.556618022539653,0,-51
2.4,4.742685421489551,0,-45
2.4,5.370393649575246,0,-50
2.4,6.124761118901732,0,-51
2.4,6.914063174127252,0,-55
2.4,7.234545359454359,0,-55
2.4,8.093838234744682,0,-60
2.4,8.864439086281969,0,-59
2.4,9.639831080397213,0,-60
2.4,10.516554286970825,0,-56
2.4,11.298936986061697,0,-66
2.4,12.083626937272665,0,-57
2.4,12.968639511197539,0,-59
2.4,13.756950015013594,0,-67
2.4,14.546536930134645,0,-65
2.4,15.436104025044125,0,-67
2.4,7.02414926822435,0,-56
2.4,7.9063419957973595,0,-55
2.4,8.693578474868538,0,-54
2.4,9.482951525916715,0,-54
2.4,10.372942709525512,0,-57
2.4,11.165393114408783,0,-56
2.4,11.958848872005852,0,-59
2.4,12.852456463870555,0,-61
2.4,13.647479624453615,0,-63
2.4,14.443052414363978,0,-58
2.4,15.338622293292104,0,-63
2.4,6.891567501274839,0,-56
2.4,7.78879152608669,0,-56
2.4,8.58681177044358,0,-56
2.4,9.38516911542978,0,-57
2.4,10.283626312611196,0,-65
2.4,11.08246511754573,0,-59
2.4,11.881460180710386,0,-59
2.4,12.78047991422931,0,-60
2.4,13.579717588455491,0,-61
2.4,14.37904004884874,0,-62
2.4,15.278362593504854,0,-62
2.4,6.875225982246573,0,-55
2.4,7.774336185113856,0,-56
2.4,8.573702004581175,0,-57
2.4,9.373176036304228,0,-58
2.4,10.272682211562868,0,-56
2.4,11.0723106334653,0,-59
2.4,11.871989121799992,0,-59
2.4,12.771675556494133,0,-60
2.4,13.571431739670588,0,-61
2.4,14.371215063755981,0,-61
2.4,15.270998435627554,0,-64
2.4,6.959077431043028,0,-58
2.4,7.848587739425784,0,-54
2.4,8.641087457470462,0,-61
2.4,9.434853225771025,0,-60
2.4,10.328989602282222,0,-58
2.4,11.124571414137392,0,-63
2.4,11.920744611492665,0,-65
2.4,12.817009124778048,0,-59
2.4,13.614102462110102,0,-61
2.4,14.411517921198339,0,-65
2.4,15.308932673613574,0,-55
2.4,7.159873488657693,0,-52
2.4,8.02716383200166,0,-54
2.4,8.80360279260623,0,-57
2.4,9.583918044003338,0,-66
2.4,10.46532636310904,0,-63
2.4,11.251271876129103,0,-61
2.4,12.039068974582804,0,-56
2.4,12.92713241933317,0,-56
2.4,13.717828382479611,0,-68
2.4,14.509544392411215,0,-58
2.4,15.40124830289948,0,-60
2.4,7.545119260289238,0,-55
2.4,8.372597892183759,0,-56
2.4,9.119674249028225,0,-55
2.4,9.87504538483632,0,-54
2.4,10.732571554142531,0,-64
2.4,11.500267610320119,0,-57
2.4,12.272091022037221,0,-58
2.4,13.144420446158094,0,-62
2.4,13.922781755438368,0,-63
2.4,14.70346607959348,0,-59
2.4,15.584077950458553,0,-61
2.4,14.335409785935443,1,-84
2.4,14.186930493131731,1,-82
2.4,14.07174544621982,1,-82
2.4,13.990677002542286,1,-86
2.4,13.948801481764882,1,-86
2.4,13.93248311909774,1,-87
2.4,13.956866132776282,1,-84
2.4,14.01567463001674,1,-85
2.4,14.109009831336577,1,-87
2.4,14.215983195297213,1,-88
2.4,13.656080287068422,1,-85
2.4,13.50013155095594,1,-80
2.4,13.379034904632446,1,-81
2.4,13.293742816288823,1,-85
2.4,13.249664820434184,1,-83
2.4,13.232484307192983,1,-82
2.4,13.258154748093817,1,-82
2.4,13.320048438750513,1,-87
2.4,13.418223187028797,1,-86
2.4,13.530659011487128,1,-86
2.4,12.978947718633579,1,-83
2.4,12.814761291935215,1,-80
2.4,12.687124577915139,1,-79
2.4,12.597148611562686,1,-83
2.4,12.55062440398948,1,-80
2.4,12.532485628009855,1,-83
2.4,12.55958687220912,1,-87
2.4,12.624905761502736,1,-81
2.4,12.72844328946326,1,-88
2.4,12.846917465341749,1,-89
2.4,12.400569788972007,1,-84
2.4,12.228620289199537,1,-77
2.4,12.094799595846137,1,-80
2.4,12.000383341791094,1,-84
2.4,11.951536308699303,1,-84
2.4,11.932486883479699,1,-83
2.4,11.960947688570046,1,-82
2.4,12.138134773564833,1,-85
2.4,12.262313630365371,1,-85
2.4,11.728541519188578,1,-84
2.4,11.54658864139481,1,-75
2.4,11.404767965190915,1,-82
2.4,11.304590015834377,1,-82
2.4,11.252723013312059,1,-82
2.4,11.232488517714147,1,-80
2.4,11.262718352372762,1,-79
2.4,11.450714862286496,1,-78
2.4,11.582266213725594,1,-83
2.4,11.155255863290263,1,-83
2.4,10.963792977876274,1,-79
2.4,10.81433213601221,1,-82
2.4,10.708632155146788,1,-85
2.4,10.653864201427774,1,-85
2.4,10.632490089754215,1,-85
2.4,10.664420841893651,1,-84
2.4,10.741270640816802,1,-81
2.4,10.862776719859905,1,-88
2.4,11.00136072737145,1,-87
2.4,10.490199638311793,1,-80
2.4,10.286365322012152,1,-80
2.4,10.126911405959444,1,-78
2.4,10.0139581440312,1,-87
2.4,9.955369279872514,1,-78
2.4,9.932492163847233,1,-79
2.4,9.966665789981159,1,-81
2.4,10.048853171155308,1,-83
2.4,10.178628254420897,1,-85
2.4,10.326397868081393,1,-85
2.4,9.829997127558173,1,-85
2.4,9.612172835215732,1,-82
2.4,9.44133940181776,1,-83
2.4,9.32008115772464,1,-79
2.4,9.257101737303875,1,-81
2.4,9.232494552451778,1,-83
2.4,9.269249270860387,1,-83
2.4,9.357564059711436,1,-82
2.4,9.496790416654484,1,-81
2.4,9.65500119140754,1,-83
2.4,9.268758856284016,1,-80
2.4,9.037417431003211,1,-80
2.4,8.855503199054134,1,-75
2.4,8.726107952272613,1,-76
2.4,8.658809374442649,1,-75
2.4,8.632496908148488,1,-77
2.4,8.671795042174791,1,-83
2.4,8.766130978929336,1,-83
2.4,8.914599005339607,1,-84
2.4,9.082956303661406,1,-83
2.4,8.620582684024814,1,-74
2.4,8.371348093250319,1,-80
2.4,8.17462488341961,1,-74
2.4,8.034271284371744,1,-78
2.4,7.9611264817926966,1,-82
2.4,7.932500106861536,1,-80
2.4,7.9752482299707985,1,-79
2.4,8.077722910320066,1,-83
2.4,8.238606101894117,1,-86
2.4,8.420489907979675,1,-83
2.4,8.071895255777909,1,-77
2.4,7.805159582385694,1,-71
2.4,7.593782930316387,1,-65
2.4,7.442483609590408,1,-66
2.4,7.363462641124922,1,-74
2.4,7.332503334707713,1,-80
2.4,7.378728314404442,1,-77
2.4,7.489369441017791,1,-82
2.4,7.662615591970437,1,-78
2.4,7.857843056369159,1,-76
2.4,10.885333308908926,1,-85
2.4,11.088755612523109,1,-87
2.4,11.320358687889852,1,-87
2.4,11.623921193329753,1,-87
2.4,10.317534998931851,1,-88
2.4,10.531929939113926,1,-87
2.4,10.775507785279762,1,-85
2.4,11.093988963257631,1,-86
2.4,9.753592961689817,1,-88
2.4,9.980109991906188,1,-86
2.4,10.236826424178844,1,-85
2.4,10.57154853013614,1,-85
2.4,9.101490577838897,1,-87
2.4,9.343829542896788,1,-83
2.4,9.61754492138879,1,-80
2.4,9.973073418018572,1,-88
2.4,8.54857753937061,1,-82
2.4,8.806145452742207,1,-84
2.4,9.096055052772755,1,-85
2.4,9.47117947297643,1,-86
2.4,8.00245119665051,1,-88
2.4,8.277031167211693,1,-85
2.4,8.584827588904409,1,-85
2.4,8.9813299581672,1,-84
2.4,14.347271447811718,1,-86
2.4,14.502214237329895,1,-87
2.4,14.680062587524429,1,-85
2.4,14.879995207050806,1,-87
2.4,13.668531489277054,1,-87
2.4,13.831079960060205,1,-89
2.4,14.017446010233087,1,-86
2.4,14.22669365798041,1,-85
2.4,13.358643184319451,1,-88
2.4,13.578047264396492,1,-88
2.4,12.414280299625304,1,-90
2.4,12.593028831297318,1,-89
2.4,12.79743704552228,1,-88
2.4,13.026297045681346,1,-85
2.4,11.743036678552528,1,-85
2.4,11.931845214469158,1,-88
2.4,12.14738449256757,1,-90
2.4,12.388259353052456,1,-87
2.4,15.101134962315765,1,-82
2.4,15.69440420412926,1,-87
2.4,15.97949758630761,1,-87
2.4,16.33368807701029,1,-87
2.4,17.521542039895916,1,-83
2.4,17.891742655316182,1,-88
2.4,18.339015195214763,1,-91
2.4,18.801715384947595,1,-92
2.4,14.753774273469755,1,-85
2.4,15.07643453866846,1,-86
2.4,15.372992492907027,1,-85
2.4,15.740836104643018,1,-84
2.4,16.130683319670325,1,-88
2.4,16.540978430726152,1,-88
2.4,16.970238375815615,1,-93
2.4,17.352204768277304,1,-87
2.4,17.813029877213,1,-89
2.4,18.28904197853841,1,-85
2.4,13.82003572001193,1,-86
2.4,14.129345716934774,1,-83
2.4,14.465940462856892,1,-87
2.4,14.774757299635782,1,-84
2.4,15.15712625629932,1,-85
2.4,15.56160336969348,1,-89
2.4,15.986510642473323,1,-87
2.4,16.430263102219943,1,-86
2.4,16.824493020486255,1,-83
2.4,17.2993811589504,1,-82
2.4,17.789143081354574,1,-89
2.4,13.278344569657285,1,-87
2.4,13.599980058691429,1,-84
2.4,13.949354131394822,1,-83
2.4,14.26935529276927,1,-83
2.4,14.664907894614943,1,-84
2.4,15.082590846528886,1,-85
2.4,15.520617569222377,1,-85
2.4,15.977314943891905,1,-85
2.4,16.382448309228145,1,-86
2.4,16.869784696041307,1,-87
2.4,17.371662521965096,1,-87
2.4,12.653022942629647,1,-85
2.4,12.990150602397556,1,-82
2.4,13.35548710303098,1,-83
2.4,13.689377471143361,1,-84
2.4,14.101208410405995,1,-85
2.4,14.53509895803816,1,-86
2.4,14.989133557554933,1,-86
2.4,15.46153769495378,1,-86
2.4,15.879835253575436,1,-87
2.4,16.382130226773153,1,-89
2.4,16.89849738447806,1,-89
2.4,12.03592724566235,1,-80
2.4,12.389857454754459,1,-81
2.4,12.772376084166638,1,-83
2.4,13.121113162518357,1,-86
2.4,13.550226334267256,1,-87
2.4,14.001201976834956,1,-87
2.4,14.471996402790614,1,-87
2.4,14.960738717344197,1,-87
2.4,15.392651583039951,1,-89
2.4,16.441525748219867,1,-77
2.4,11.428390076429938,1,-80
2.4,11.800556038818664,1,-78
2.4,12.201563256876428,1,-83
2.4,12.566151586694213,1,-84
2.4,13.482515042539063,1,-84
2.4,13.970799367199769,1,-83
2.4,14.476472569131152,1,-85
2.4,14.922408580153114,1,-87
2.4,15.455850054891341,1,-89
2.4,16.002134982730958,1,-88
2.4,10.916462199228457,1,-81
2.4,11.305492914218343,1,-83
2.4,11.723446298750996,1,-87
2.4,12.102446567034246,1,-86
2.4,12.566393117922756,1,-87
2.4,13.051408317895568,1,-86
2.4,13.555230804626346,1,-88
2.4,14.075841191664114,1,-89
2.4,14.534074619361524,1,-89
2.4,15.081258174549834,1,-86
2.4,15.640632059276998,1,-85
2.4,10.331200415409088,1,-86
2.4,10.741448929711776,1,-84
2.4,11.180507510657264,1,-84
2.4,11.577295365675184,1,-82
2.4,12.061458911356514,1,-86
2.4,12.565978440081723,1,-84
2.4,13.088500190734463,1,-80
2.4,13.626953450023718,1,-87
2.4,14.09978298121407,1,-88
2.4,14.663181892194862,1,-86
2.4,15.237910824317371,1,-86
2.4,9.761058195683187,1,-91
2.4,10.194276834860394,1,-82
2.4,10.65590462006997,1,-82
2.4,11.071509520397347,1,-88
2.4,11.576845258813234,1,-84
2.4,12.101585401622538,1,-83
2.4,12.643314135107973,1,-82
2.4,13.199939977336197,1,-82
2.4,13.687528454527461,1,-84
2.4,14.267216206385754,1,-86
2.4,14.857270320150114,1,-87
2.4,9.208844236693277,1,-86
2.4,9.666842052187278,1,-83
2.4,10.152480403733543,1,-89
2.4,10.587864663680499,1,-87
2.4,11.115210354404974,1,-83
2.4,11.660742871229465,1,-82
2.4,12.22202713935729,1,-80
2.4,12.796990680681274,1,-80
2.4,13.299360521080102,1,-82
2.4,13.895251467890798,1,-81
2.4,14.500449525520875,1,-84
2.4,8.677981749914208,1,-85
2.4,9.162553701785404,1,-84
2.4,9.673541927565035,1,-85
2.4,10.129532724295787,1,-84
2.4,10.679534460772933,1,-84
2.4,11.24622067118967,1,-83
2.4,11.827193347170377,1,-81
2.4,12.420447880717042,1,-80
2.4,12.937447404562812,1,-81
2.4,13.549264497827416,1,-85
2.4,14.169248092906823,1,-88
2.4,8.243082825010648,1,-81
2.4,8.751767681231197,1,-84
2.4,9.285389632777944,1,-85
2.4,9.759532797256265,1,-85
2.4,10.329254741121359,1,-87
2.4,10.914143420041507,1,-84
2.4,11.511887320482801,1,-86
2.4,12.120584670953374,1,-83
2.4,12.649845554550083,1,-84
2.4,13.274924317683618,1,-82
2.4,13.907143442363896,1,-85
2.4,7.7635668050291535,1,-77
2.4,8.301686131287303,1,-84
2.4,8.86244975775125,1,-84
2.4,9.358046564154604,1,-84
2.4,9.950781807634169,1,-90
2.4,10.556660535860779,1,-84
2.4,11.173544860770809,1,-81
2.4,11.799708803267773,1,-89
2.4,12.342736634561057,1,-85
2.4,12.982610319823705,1,-89
2.4,13.628396596909344,1,-90
2.4,7.319666974139988,1,-72
2.4,7.888127008268376,1,-81
2.4,8.476294637683985,1,-82
2.4,8.993196905052777,1,-85
2.4,9.60846572868469,1,-89
2.4,10.23462929204402,1,-90
2.4,10.869804958315619,1,-86
2.4,11.512501158222745,1,-91
2.4,12.068459002967224,1,-90
2.4,12.72213526860008,1,-91
2.4,13.380498827727434,1,-93
2.4,6.972701902451955,1,-64
2.4,7.567271298606551,1,-71
2.4,8.178546202900105,1,-76
2.4,8.71313019420646,1,-79
2.4,9.346852992716302,1,-82
2.4,9.98942860997099,1,-83
2.4,10.639253124160751,1,-84
2.4,11.295075481209567,1,-85
2.4,11.861228853472229,1,-87
2.4,12.525724450134591,1,-87
2.4,13.1938923781785,1,-85
5,6.422958228834673,1,-90
5,5.7898579735209115,1,-90
5,8.278573852859457,1,-89
5,7.540978441121585,1,-89
5,6.917688833248367,1,-88
5,6.33423095078146,1,-88
5,8.802829926766682,1,-89
5,8.113037996446915,1,-89
5,7.0055343422303356,1,-86
5,4.619749896904002,1,-83
5,4.196445168727119,1,-82
5,3.7680032848609195,1,-89
5,4.0036757569682,1,-89
5,25.823241710958385,1,-98
5,5.286030220708037,1,-89
5,4.920383972661818,1,-88
5,4.641309001848457,1,-88
5,4.530983579183239,1,-90
5,4.560468741151154,1,-90
5,6.074302032050224,1,-87
5,5.664821693815379,1,-87
5,7.335004526038044,0,-69
5,6.560019985427699,0,-71
5,5.821119567696838,0,-64
5,5.133907267728475,0,-61
5,7.807516959913018,0,-67
5,7.084411894542952,0,-71
5,6.4062830645979,0,-68
5,5.788957895508145,0,-64
5,8.350589845134309,0,-67
5,7.678796883228029,0,-66
5,7.058009095069564,0,-65
5,6.5028503902747845,0,-54
5,4.585309888963219,0,-64
5,4.068984835316558,0,-49
5,3.7342603731160406,0,-53
5,3.5406597332187926,0,-65
5,3.5704120432590396,0,-63
5,3.780992608143771,0,-59
5,4.191357287925959,0,-64
5,4.739097670154338,0,-63
5,5.307269511853614,0,-67
5,6.009881902638612,0,-64
5,6.759456434941747,0,-64
5,7.453744980884709,0,-67
5,8.257716697264213,0,-75
5,9.079727741760124,0,-77
5,9.915292566369422,0,-81
5,10.666821908182834,0,-82
5,11.52009810865782,0,-75
5,12.379993184380744,0,-75
5,13.148851439935825,0,-78
5,14.01798362824392,0,-87
5,14.89078358629682,0,-86
5,15.669189473553363,0,-85
5,16.547358386471473,0,-86
5,5.308492861458394,0,-50
5,4.869462729333386,0,-51
5,4.593444265097333,0,-54
5,4.437488144070675,0,-54
5,4.461263480336038,0,-59
5,4.631515387556071,0,-60
5,4.972173126247806,0,-66
5,5.441881697500701,0,-65
5,5.943243167983431,0,-67
5,6.578275622531632,0,-64
5,7.269475976864235,0,-65
5,7.9191757097815945,0,-66
5,8.680144856775549,0,-72
5,9.46554201019779,0,-71
5,10.269764182250318,0,-78
5,10.997095948622988,0,-77
5,11.826567131481236,0,-79
5,12.665672541465948,0,-80
5,13.41817140566602,0,-81
5,14.2709107867734,0,-84
5,15.129126395673268,0,-86
5,15.895865136583362,0,-85
5,16.762162725992685,0,-88
5,5.991671122854522,0,-55
5,5.606397564984221,0,-53
5,5.368403543033034,0,-56
5,5.23558281503233,0,-57
5,5.255749064146239,0,-57
5,5.401014827739572,0,-62
5,5.695834616776977,0,-63
5,6.110163892555351,0,-66
5,6.560652843892579,0,-65
5,7.140989885883328,0,-66
5,7.78237157700018,0,-68
5,8.392459133453608,0,-67
5,9.113996989186527,0,-66
5,9.864913174028105,0,-74
5,10.638988802669434,0,-83
5,11.342669248792992,0,-85
5,12.148568495906272,0,-82
5,12.96685340828447,0,-83
5,13.702822711256513,0,-80
5,14.538876196884663,0,-82
5,15.382148480643126,0,-84
5,16.13686942454268,0,-84
5,16.99088360377272,0,-86
5,19.292311677841717,0,-91
5,20.177830921266043,0,-86
5,25.21514945338224,0,-89
5,26.007534002680675,0,-89
5,18.040751430725162,0,-87
5,3.2595133486181824,0,-40
5,2.773533885498563,0,-43
5,2.485366228581578,0,-43
5,2.3752053314058714,0,-51
5,2.4959293480640663,0,-53
5,2.7918127420535517,0,-48
5,3.2836384287678833,0,-50
5,3.8008994208011173,0,-48
5,2.7321152344134716,0,-41
5,2.128970783806771,0,-40
5,1.7369719843647096,0,-42
5,1.5753179839743263,0,-45
5,1.7520529942959988,0,-50
5,2.1527296093533512,0,-52
5,2.7608527152268145,0,-45
5,3.359592652590538,0,-51
5,2.363150447688057,0,-43
5,1.6286629432135125,0,-38
5,1.066348000777402,0,-40
5,0.7756630292382262,0,-43
5,1.0907410687764811,0,-46
5,1.6595996973007427,0,-49
5,2.3963167777798824,0,-49
5,3.067065238242319,0,-48
5,2.232600820277181,0,-40
5,1.4326790871967725,0,-37
5,0.7328877424654056,0,-38
5,0.0409819377421044,0,-40
5,0.7679469144476958,0,-44
5,1.467752547119164,0,-47
5,2.2676773323741264,0,-48
5,2.9676447833136113,0,-47
5,2.380027900465963,0,-38
5,1.6530564875965539,0,-37
5,1.1032455879586,0,-38
5,0.8256548331567957,0,-40
5,1.1268402050440938,0,-43
5,1.6835450465814308,0,-47
5,2.4129622599737264,0,-49
5,3.0800879767017317,0,-48
5,2.703619036264863,0,-40
5,2.092275994567252,0,-41
5,1.691796061470603,0,-38
5,1.5253619209133626,0,-42
5,1.707276173898395,0,-48
5,2.1164467888719054,0,-48
5,2.732656208584395,0,-50
5,3.336459954874312,0,-49
5,3.223287495329546,0,-43
5,2.7308689499381793,0,-40
5,2.4376628761790493,0,-42
5,2.325243078490198,0,-39
5,2.448431807965093,0,-40
5,2.7494314674892824,0,-48
5,3.247681686774261,0,-52
5,3.7698794960547435,0,-50
5,3.8405219257077388,0,-42
5,3.4376840468592387,0,-42
5,3.2097081926859916,0,-40
5,3.12518507585721,0,-45
5,3.2178944517415844,0,-45
5,3.4524483745183403,0,-46
5,3.8610183530906674,0,-52
5,4.309526400785593,0,-52
5,4.231180321520759,0,-50
5,4.924525343361847,0,-54
5,5.73781497345683,0,-54
5,6.5737425780020935,0,-54
5,3.823338409761206,0,-52
5,4.578862253851273,0,-58
5,5.444038055704262,0,-55
5,6.318949371863051,0,-57
5,3.5990201830340123,0,-53
5,4.393291388250362,0,-57
5,5.2889110442781195,0,-59
5,6.185802360769318,0,-57
5,3.592767173115594,0,-54
5,4.3881703367583205,0,-57
5,5.284657956445044,0,-61
5,6.182166329760961,0,-57
5,3.8056544302587243,0,-54
5,4.564106548574044,0,-57
5,5.431633216533379,0,-54
5,6.30826522993136,0,-59
5,4.204525576670772,0,-54
5,4.901642405262475,0,-56
5,5.718187569613258,0,-55
5,6.556618022539653,0,-60
5,4.742685421489551,0,-53
5,5.370393649575246,0,-51
5,6.124761118901732,0,-56
5,6.914063174127252,0,-55
5,7.234545359454359,0,-68
5,8.093838234744682,0,-73
5,8.864439086281969,0,-76
5,9.639831080397213,0,-74
5,10.516554286970825,0,-73
5,11.298936986061697,0,-71
5,12.083626937272665,0,-73
5,12.968639511197539,0,-72
5,13.756950015013594,0,-72
5,14.546536930134645,0,-73
5,15.436104025044125,0,-75
5,7.02414926822435,0,-73
5,7.9063419957973595,0,-69
5,8.693578474868538,0,-74
5,9.482951525916715,0,-76
5,10.372942709525512,0,-77
5,11.165393114408783,0,-72
5,11.958848872005852,0,-73
5,12.852456463870555,0,-72
5,13.647479624453615,0,-70
5,14.443052414363978,0,-71
5,15.338622293292104,0,-72
5,6.891567501274839,0,-71
5,7.78879152608669,0,-73
5,8.58681177044358,0,-73
5,9.38516911542978,0,-74
5,10.283626312611196,0,-74
5,11.08246511754573,0,-76
5,11.881460180710386,0,-72
5,12.78047991422931,0,-71
5,13.579717588455491,0,-70
5,14.37904004884874,0,-71
5,15.278362593504854,0,-71
5,6.875225982246573,0,-68
5,7.774336185113856,0,-70
5,8.573702004581175,0,-71
5,9.373176036304228,0,-72
5,10.272682211562868,0,-69
5,11.0723106334653,0,-74
5,11.871989121799992,0,-71
5,12.771675556494133,0,-70
5,13.571431739670588,0,-70
5,14.371215063755981,0,-72
5,15.270998435627554,0,-72
5,6.959077431043028,0,-70
5,7.848587739425784,0,-70
5,8.641087457470462,0,-70
5,9.434853225771025,0,-74
5,10.328989602282222,0,-73
5,11.124571414137392,0,-74
5,11.920744611492665,0,-70
5,12.817009124778048,0,-71
5,13.614102462110102,0,-69
5,14.411517921198339,0,-73
5,15.308932673613574,0,-75
5,7.159873488657693,0,-64
5,8.02716383200166,0,-64
5,8.80360279260623,0,-67
5,9.583918044003338,0,-69
5,10.46532636310904,0,-71
5,11.251271876129103,0,-71
5,12.039068974582804,0,-69
5,12.92713241933317,0,-72
5,13.717828382479611,0,-71
5,14.509544392411215,0,-72
5,15.40124830289948,0,-72
5,7.545119260289238,0,-67
5,8.372597892183759,0,-67
5,9.119674249028225,0,-76
5,9.87504538483632,0,-71
5,10.732571554142531,0,-69
5,11.500267610320119,0,-70
5,12.272091022037221,0,-70
5,13.144420446158094,0,-71
5,13.922781755438368,0,-64
5,14.70346607959348,0,-62
5,15.584077950458553,0,-69
2.4,38.85819738901809,1,-93
2.4,38.448614005700676,1,-92
2.4,37.8526227618617,1,-94
2.4,37.692735782549825,1,-93
2.4,37.65447189134279,1,-93
2.4,37.009306161921764,1,-91
2.4,36.760310890569166,1,-91
2.4,41.92247627657809,1,-88
2.4,41.12299671088571,1,-84
2.4,40.32353778882479,1,-84
2.4,39.424172740787505,1,-84
2.4,38.62476197491341,1,-87
2.4,37.8253761242632,1,-88
2.4,36.92609883849975,1,-91
2.4,36.12677146873101,1,-91
2.4,35.32747454994739,1,-81
2.4,34.42830455549405,1,-78
2.4,33.629079617038535,1,-81
2.4,32.829892433761955,1,-78
2.4,41.89998368968698,1,-80
2.4,41.100066599937506,1,-84
2.4,40.301759303406314,1,-81
2.4,39.40189715531943,1,-81
2.4,38.602025086277976,1,-81
2.4,37.802158431561786,1,-81
2.4,36.902315355185635,1,-84
2.4,36.10246141050266,1,-86
2.4,35.30261408479686,1,-80
2.4,34.40279432994898,1,-80
2.4,33.602962652600056,1,-83
2.4,32.803139184463696,1,-77
2.4,41.8962138663979,1,-83
2.4,41.096223399020694,1,-82
2.4,40.296233310143016,1,-87
2.4,39.396244941290426,1,-85
2.4,38.596255735465014,1,-89
2.4,37.79626698657791,1,-92
2.4,36.896280227271575,1,-92
2.4,36.09629255107255,1,-86
2.4,35.29630543351357,1,-86
2.4,34.396320642541866,1,-77
2.4,33.596334845750896,1,-79
2.4,32.79634974187035,1,-81
2.4,31.13175830280578,1,-81
2.4,30.332708687942468,1,-79
2.4,29.433839587051036,1,-76
2.4,28.63490447268013,1,-75
2.4,27.836030526689335,1,-75
2.4,26.93737722888872,1,-79
2.4,26.13865209406783,1,-82
2.4,25.340007391829634,1,-77
2.4,24.441638061035366,1,-77
2.4,23.64319167180938,1,-71
2.4,22.84485398844082,1,-67
2.4,21.946868802675535,1,-81
2.4,21.148803549258204,1,-76
2.4,20.35089022348606,1,-68
2.4,19.553147424689577,1,-73
2.4,18.655917846632914,1,-70
2.4,17.85861450459079,1,-75
2.4,17.070630933096176,1,-78
2.4,16.174799440569636,1,-77
2.4,15.378913429300392,1,-73
2.4,14.583477623296165,1,-73
2.4,13.689248192572586,1,-74
2.4,12.895051663375215,1,-76
2.4,12.101619673596588,1,-66
2.4,11.210124674286716,1,-62
2.4,10.418912444987525,1,-72
2.4,9.629152499549479,1,-66
2.4,8.742898509547727,1,-67
2.4,7.95770794082793,1,-66
2.4,7.175789642595436,1,-63
2.4,6.301559607228346,1,-63
2.4,5.531409838975585,1,-62
2.4,4.7710938085495584,1,-75
2.4,4.0261864652849715,1,-73
2.4,3.2199183129259517,1,-68
2.4,2.5563089142707143,1,-65
2.4,1.9953838198311378,1,-63
2.4,1.6245778150386967,1,-71
2.4,1.6751401136561392,1,-66
2.4,2.0622647074621407,1,-67
2.4,2.722247639785166,1,-62
2.4,3.4025686672835698,1,-59
2.4,4.126053181776007,1,-70
2.4,4.968099369730431,1,-63
2.4,5.731391861562065,1,-70
2.4,6.503513972772252,1,-72
2.4,7.379254060046714,1,-72
2.4,8.162121771082557,1,-66
2.4,8.948020626330932,1,-65
2.4,9.834875170428749,1,-68
2.4,10.62504639713069,1,-74
2.4,11.416586716897646,1,-78
2.4,12.20922985235793,1,-71
2.4,13.102022365893742,1,-75
2.4,13.896396345802884,1,-77
2.4,31.10354446308706,1,-75
2.4,30.303750914540228,1,-80
2.4,29.403996598747757,1,-81
2.4,28.604227962006487,1,-81
2.4,27.804472637072216,1,-75
2.4,26.9047652863646,1,-77
2.4,26.105042356556975,1,-77
2.4,25.305336942251877,1,-76
2.4,22.80639070296082,1,-76
2.4,21.906828921246674,1,-79
2.4,21.10724981393913,1,-80
2.4,20.30770385915891,1,-75
2.4,19.408259389238637,1,-71
2.4,18.60879829121788,1,-74
2.4,17.80938559205504,1,-76
2.4,17.010028115490044,1,-78
2.4,16.110827197212238,1,-80
2.4,15.311616319046715,1,-80
2.4,14.512492398790833,1,-74
2.4,13.613600997298018,1,-66
2.4,12.814717064254586,1,-64
2.4,12.015981639473395,1,-70
2.4,11.117621654330282,1,-69
2.4,10.319319385119236,1,-67
2.4,9.521302111337594,1,-73
2.4,8.623971845039478,1,-69
2.4,7.826859632528084,1,-71
2.4,7.030403475659252,1,-77
2.4,6.147662696209754,1,-66
2.4,5.3554269624029995,1,-62
2.4,4.5658996126609095,1,-67
2.4,3.7807777766170028,1,-64
2.4,2.907228419789717,1,-62
2.4,2.1491436452915447,1,-70
2.4,1.4372403178873787,1,-70
2.4,0.8505035097123448,1,-74
2.4,0.943502805134682,1,-76
2.4,1.5287376709432592,1,-67
2.4,2.3440851851485722,1,-70
2.4,3.1083076872306257,1,-71
2.4,3.8869548494626263,1,-70
2.4,4.771384965650227,1,-68
2.4,5.561740358349802,1,-73
2.4,6.3545099840161585,1,-71
2.4,7.24827521729363,1,-67
2.4,8.043900481041332,1,-72
2.4,8.840315394382765,1,-71
2.4,9.73698478795325,1,-72
2.4,10.534501131240006,1,-73
2.4,11.33236759937485,1,-73
2.4,12.130515105741601,1,-75
2.4,13.028702668312642,1,-78
2.4,13.827289486467,1,-78
2.4,31.09638394095068,1,-80
2.4,30.295897785565206,1,-80
2.4,29.395903100977982,1,-81
2.4,28.595908106674123,1,-80
2.4,27.795913400509342,1,-78
2.4,26.895919732503792,1,-76
2.4,26.09592572760259,1,-76
2.4,25.295932101897623,1,-81
2.4,24.395939772685267,1,-87
2.4,23.595947082406983,1,-79
2.4,22.795954905180324,1,-81
2.4,21.895964389076056,1,-88
2.4,21.095973498536413,1,-83
2.4,20.295983326121817,1,-77
2.4,19.39599535117718,1,-75
2.4,18.596007017264505,1,-75
2.4,16.996033644138237,1,-82
2.4,16.096050948022956,1,-77
2.4,15.296068038702455,1,-77
2.4,14.49608701573907,1,-77
2.4,13.596111034282954,1,-75
2.4,12.796135220441162,1,-74
2.4,11.9961626324037,1,-71
2.4,11.096198195406872,1,-71
2.4,10.296235026212969,1,-79
2.4,9.496278062392594,1,-74
2.4,8.596336052467397,1,-65
2.4,7.796398838580206,1,-67
2.4,6.996475982484241,1,-64
2.4,6.096586968308641,1,-67
2.4,5.29671728388582,1,-64
2.4,4.496893962356552,1,-62
2.4,3.597186650335337,1,-57
2.4,2.797604890011236,1,-61
2.4,1.9983579368768731,1,-65
2.4,1.2001148974755615,1,-61
2.4,0.31300520093886813,1,-61
2.4,0.5146004071887025,1,-63
2.4,1.3083022977671426,1,-61
2.4,2.206660687784776,1,-68
2.4,3.006026066799615,1,-67
2.4,3.8056581608892293,1,-66
2.4,4.704276526029283,1,-75
2.4,5.504276424437104,1,-74
2.4,6.304276348628616,1,-74
2.4,7.204276283468738,1,-79
2.4,8.004276237850247,1,-79
2.4,8.804276200521997,1,-74
2.4,9.704276165884302,1,-75
2.4,10.504276140078101,1,-77
2.4,11.304276117924491,1,-77
2.4,12.204276096473324,1,-77
2.4,13.004276079898261,1,-81
2.4,13.804276065244348,1,-83
2.4,34.837102464448606,0,-55
2.4,33.938199784419375,0,-56
2.4,33.03935685051746,0,-52
2.4,32.14057867532113,0,-58
2.4,34.804860639776635,0,-54
2.4,33.905103165201325,0,-52
2.4,33.00535891535823,0,-51
2.4,32.105629002096954,0,-64
2.4,34.79587533300542,0,-52
2.4,33.89587934659207,0,-51
2.4,32.99588357912845,0,-49
2.4,32.095888049033185,0,-53
2.4,31.341723610991327,0,-53
2.4,30.44308353955695,0,-51
2.4,29.6443616345454,0,-49
2.4,28.745884456881463,0,-45
2.4,27.847505627920274,0,-48
2.4,27.04903715514316,0,-49
2.4,26.15087202196109,0,-42
2.4,25.25283754348527,0,-45
2.4,24.454705995389176,0,-49
2.4,23.55695951963231,0,-45
2.4,22.659391834254226,0,-41
2.4,21.861721789958157,0,-45
2.4,20.96455523282579,0,-42
2.4,20.067642427521857,0,-40
2.4,19.17101898928555,0,-38
2.4,18.37429754877207,0,-36
2.4,17.478343940416188,0,-41
2.4,16.582828570185345,0,-45
2.4,15.787243100409242,0,-44
2.4,14.892774798542119,0,-41
2.4,13.999015597132653,0,-39
2.4,13.205274666284954,0,-47
2.4,12.313284513106128,0,-53
2.4,31.305882114125982,0,-50
2.4,30.406182782983876,0,-47
2.4,29.606465387740716,0,-49
2.4,28.706802142421942,0,-50
2.4,27.807160691678554,0,-54
2.4,27.007499459522293,0,-50
2.4,26.10790538409332,0,-51
2.4,25.20834028716371,0,-55
2.4,24.40875378540873,0,-57
2.4,23.509252600739504,0,-50
2.4,22.609791116550564,0,-47
2.4,21.810307096813492,0,-44
2.4,20.910934750651034,0,-46
2.4,20.011618840929813,0,-43
2.4,19.11236733435523,0,-53
2.4,18.313094398451426,0,-49
2.4,17.4139921596188,0,-45
2.4,16.514987720974457,0,-47
2.4,15.715968336287808,0,-49
2.4,14.817198022428972,0,-41
2.4,13.918586628122306,0,-38
2.4,13.119980756381045,0,-43
2.4,12.221767120039598,0,-46
2.4,31.2957242780299,0,-55
2.4,30.39572428114096,0,-50
2.4,29.59572428406519,0,-51
2.4,28.695724287549844,0,-52
2.4,27.79572429126016,0,-52
2.4,26.995724294765903,0,-51
2.4,26.095724298966797,0,-52
2.4,25.195724303467802,0,-57
2.4,24.3957243077475,0,-61
2.4,23.495724312910514,0,-59
2.4,22.595724318484812,0,-54
2.4,21.795724323826224,0,-63
2.4,20.89572433032419,0,-59
2.4,19.99572433740709,0,-58
2.4,19.095724345157635,0,-62
2.4,18.295724352687163,0,-53
2.4,17.395724361985682,0,-50
2.4,16.49572437229885,0,-53
2.4,15.695724382459005,0,-52
2.4,14.795724395202491,0,-58
2.4,13.895724409596722,0,-58
2.4,13.095724424052534,0,-50
2.4,12.195724442582248,0,-56
2.4,11.224811014898522,0,-40
2.4,10.434712437027253,0,-36
2.4,9.54782279538761,0,-36
2.4,8.663637609041325,0,-33
2.4,7.880701614961654,0,-43
2.4,7.004509578316761,0,-38
2.4,6.231371899990826,0,-32
2.4,5.371004770493806,0,-36
2.4,4.618932080896108,0,-34
2.4,3.7963443016411533,0,-35
2.4,3.1014627806677337,0,-32
2.4,2.399326544791109,0,-31
2.4,1.9192730894281953,0,-29
2.4,1.6974409210559427,0,-37
2.4,1.92327901489806,0,-35
2.4,2.405378035239211,0,-34
2.4,3.108623486542434,0,-34
2.4,3.8039954395802402,0,-41
2.4,4.626886403729754,0,-47
2.4,5.379118804812107,0,-51
2.4,6.239600596589113,0,-47
2.4,7.012806637019109,0,-46
2.4,11.124342603316789,0,-38
2.4,10.326559915055595,0,-38
2.4,9.429503495301597,0,-38
2.4,8.533067013482142,0,-36
2.4,7.736929234511648,0,-30
2.4,6.842351238318084,0,-33
2.4,6.048521455015023,0,-34
2.4,5.157742556627753,0,-37
2.4,4.3691131369779175,0,-35
2.4,3.4881006425252448,0,-35
2.4,2.7154534456788246,0,-33
2.4,1.8738686998616023,0,-33
2.4,1.199260283501884,0,-35
2.4,0.797446999026905,0,-33
2.4,1.205660899643437,0,-34
2.4,1.881610886499389,0,-39
2.4,2.7236291995910547,0,-50
2.4,3.4964263670395,0,-49
2.4,4.37752142528178,0,-44
2.4,5.166191552010533,0,-48
2.4,6.0569985670080015,0,-49
2.4,6.850844689817529,0,-51
2.4,11.095724469311865,0,-44
2.4,10.295724492339048,0,-52
2.4,9.39572452293181,0,-42
2.4,8.495724560006296,0,-42
2.4,7.695724600241235,0,-44
2.4,6.795724656828743,0,-42
2.4,5.995724721390582,0,-40
2.4,5.095724818253642,0,-45
2.4,4.295724938427755,0,-48
2.4,3.395725141306662,0,-44
2.4,2.595725439750153,0,-42
2.4,1.6957261120942073,0,-43
2.4,0.8957278439917693,0,-37
2.4,0.004985897526116655,0,-28
2.4,0.9042794633552982,0,-32
2.4,1.7042777564441018,0,-36
2.4,2.604277089670401,0,-46
2.4,3.4042767929541453,0,-47
2.4,4.30427659098694,0,-47
2.4,5.104276471252525,0,-51
2.4,6.004276374689469,0,-59
2.4,6.804276310300616,0,-63
2.4,9.904276159041922,0,-51
2.4,9.936326438460497,0,-54
2.4,10.048679866324099,0,-54
2.4,10.936803168409822,0,-58
2.4,10.833664180706402,0,-55
2.4,10.804276131386036,0,-60
2.4,8.1042762327812,0,-58
2.4,8.143413910290027,0,-55
2.4,8.280131283894196,0,-52
2.4,9.162874579911874,0,-49
2.4,9.039518051476913,0,-47
2.4,9.00427619222634,0,-51
2.4,13.604276068746264,0,-53
2.4,13.627627240710144,0,-57
2.4,13.709763242885101,0,-62
2.4,14.603263493638508,0,-60
2.4,14.526180526911295,0,-54
2.4,14.504276053748221,0,-61
2.4,11.704276107983361,0,-61
2.4,11.731409807392845,0,-59
2.4,11.826722286128614,0,-56
2.4,12.81717253091692,0,-55
2.4,12.729278366155445,0,-62
2.4,12.704276085869283,0,-57
2.4,31.52490070383432,0,-69
2.4,30.7490846320647,0,-75
2.4,30.071285171534214,0,-83
2.4,29.394526327627556,0,-77
2.4,28.62245655685154,0,-74
2.4,27.948184297136542,0,-79
2.4,27.179180392903195,0,-77
2.4,26.50780701959009,0,-76
2.4,31.341720876964153,0,-78
2.4,30.561255027449292,0,-76
2.4,29.879195019455437,0,-70
2.4,29.197984197004196,0,-75
2.4,28.42057568895765,0,-71
2.4,27.741397020511183,0,-72
2.4,26.966496805719697,0,-70
2.4,26.289692583420344,0,-69
2.4,31.177998182571756,0,-72
2.4,30.393328412592652,0,-69
2.4,29.707413185155787,0,-68
2.4,29.022170565128718,0,-66
2.4,28.239922550083026,0,-66
2.4,27.556291691600013,0,-67
2.4,26.7760350521844,0,-67
2.4,26.094291315796713,0,-64
2.4,31.034040565407608,0,-72
2.4,30.245636299119727,0,-62
2.4,29.556293767935195,0,-66
2.4,28.867464167369132,0,-63
2.4,28.08090683681004,0,-63
2.4,27.393307849463177,0,-64
2.4,26.608272327581226,0,-64
2.4,25.92211685832353,0,-61
2.4,30.910124182187978,0,-73
2.4,30.118476360558912,0,-77
2.4,29.426155107988574,0,-67
2.4,28.734205932951376,0,-64
2.4,27.94389793712613,0,-64
2.4,27.25284238530686,0,-65
2.4,26.463640327846846,0,-65
2.4,25.773634698262835,0,-61
2.4,30.818328429821342,0,-80
2.4,30.024260332797517,0,-72
2.4,29.32971521664427,0,-73
2.4,28.635435754451347,0,-66
2.4,27.842324295406346,0,-71
2.4,27.14868336270528,0,-68
2.4,26.35636260282694,0,-67
2.4,25.66347279324352,0,-63
2.4,30.732612488222532,0,-75
2.4,29.936270837806696,0,-74
2.4,29.239635733578687,0,-68
2.4,28.54316527630087,0,-62
2.4,27.74741655205925,0,-65
2.4,27.051342138077874,0,-73
2.4,26.256084110061263,0,-69
2.4,25.560476109659376,0,-61
2.4,30.66753288893922,0,-60
2.4,29.86945621897782,0,-62
2.4,29.171225565191612,0,-68
2.4,28.473081799010533,0,-66
2.4,27.67531803713209,0,-61
2.4,26.977383390800984,0,-60
2.4,26.179878837334766,0,-65
2.4,25.48219068477796,0,-63
2.4,25.904429676662293,0,-78
2.4,25.139735841818354,0,-78
2.4,24.282174834332242,0,-82
2.4,23.427797830221902,0,-74
2.4,25.658411737847764,0,-75
2.4,24.886159491415867,0,-77
2.4,24.019546846700912,0,-77
2.4,23.155481580168697,0,-75
2.4,25.441869210903228,0,-72
2.4,24.66283743343352,0,-75
2.4,23.788090439474992,0,-75
2.4,22.915299326984876,0,-75
2.4,25.2555602784909,0,-70
2.4,24.470597996447726,0,-72
2.4,23.588723212425535,0,-74
2.4,22.70827072414576,0,-70
2.4,25.100158187076612,0,-69
2.4,24.31017857481786,0,-71
2.4,23.422264596494614,0,-61
2.4,22.535309523431824,0,-65
2.4,24.976239850146598,0,-72
2.4,24.182212437560693,0,-75
2.4,23.289420234604098,0,-73
2.4,22.397204989745013,0,-71
2.4,24.884275619110007,0,-67
2.4,24.087216825758365,0,-74
2.4,23.190767794529112,0,-67
2.4,22.29460489419897,0,-77
2.4,22.76571319619937,0,-65
2.4,21.917924030808166,0,-69
2.4,21.1679530220459,0,-65
2.4,20.42177946376873,0,-75
2.4,19.58741363619705,0,-72
2.4,18.850825294366878,0,-71
2.4,18.119615216720423,0,-74
2.4,17.304281322570958,0,-73
2.4,16.58689221686637,0,-67
2.4,15.877400125247402,0,-75
2.4,15.090047422916804,0,-71
2.4,22.514923950005322,0,-72
2.4,21.6573197086619,0,-68
2.4,20.89799842775521,0,-73
2.4,20.14182662048612,0,-71
2.4,19.295358926394584,0,-68
2.4,18.547175456701197,0,-72
2.4,17.80349849734381,0,-72
2.4,16.972986043522074,0,-73
2.4,16.24096969262794,0,-77
2.4,15.515667497085753,0,-72
2.4,14.708964422038525,0,-73
2.4,22.26379160229239,0,-73
2.4,21.396123784437613,0,-70
2.4,20.627189685515596,0,-69
2.4,19.86070984747285,0,-69
2.4,19.00172339905454,0,-68
2.4,18.241500307196254,0,-75
2.4,17.484826987439856,0,-70
2.4,16.6384155276089,0,-70
2.4,15.89099470117088,0,-71
2.4,15.1489456371031,0,-71
2.4,14.321600832469006,0,-68
2.4,22.046565096315728,0,-59
2.4,21.1699959620865,0,-67
2.4,20.392537124105544,0,-66
2.4,19.61689097898255,0,-65
2.4,18.746735933755474,0,-61
2.4,17.97573223802643,0,-66
2.4,17.207376058437465,0,-67
2.4,16.34660476383884,0,-68
2.4,15.585195816171922,0,-68
2.4,14.827851157591475,0,-69
2.4,13.981518745842981,0,-69
2.4,21.882758868319232,0,-71
2.4,20.999353137124864,0,-69
2.4,20.215332633942484,0,-61
2.4,19.432614719182904,0,-62
2.4,18.553819318751486,0,-71
2.4,17.774449432714924,0,-65
2.4,16.99699661585552,0,-61
2.4,16.12499892862247,0,-62
2.4,15.352603419985156,0,-66
2.4,14.583184600580354,0,-64
2.4,13.721769914383342,0,-65
2.4,21.73222841138906,0,-61
2.4,20.84244343193613,0,-56
2.4,20.052288885230077,0,-58
2.4,19.26294709695237,0,-58
2.4,18.37603949028891,0,-62
2.4,17.588793837893537,0,-60
2.4,16.802753048092615,0,-65
2.4,15.920119549923536,0,-70
2.4,15.137273460142076,0,-69
2.4,14.356318787571754,0,-60
2.4,13.48041489046452,0,-66
2.4,21.597809924765446,0,-64
2.4,20.70224842945733,0,-59
2.4,19.906529867313207,0,-57
2.4,19.111168794228593,0,-58
2.4,18.216873199596264,0,-57
2.4,17.42243698491783,0,-58
2.4,16.628534265433522,0,-58
2.4,15.736131935941838,0,-59
2.4,14.943650478669284,0,-67
2.4,14.152015084499338,0,-60
2.4,13.262625209232471,0,-57
2.4,42.704894675113955,1,-93
2.4,42.613866516224846,1,-93
2.4,42.523707771142746,1,-93
2.4,42.40180306432323,1,-91
2.4,42.363616234486386,1,-93
2.4,42.47493575348982,1,-94
2.4,42.33879730829798,1,-93
2.4,42.2138288687865,1,-90
2.4,42.10012990494501,1,-90
2.4,41.91917944832037,1,-92
2.4,41.75973298541856,1,-92
2.4,41.70358365013141,1,-92
2.4,41.66475688901467,1,-93
2.4,41.78966562944651,1,-94
2.4,41.65128741913023,1,-94
2.4,41.062329143187235,1,-91
2.4,40.933463876313915,1,-91
2.4,40.407053919010366,1,-91
2.4,40.36698011705853,1,-91
2.4,40.244558030513296,1,-92
2.4,40.12527933013557,1,-92
2.4,39.340562272559,1,-89
2.4,39.24288397995246,1,-89
2.4,38.54737253331108,1,-93
2.4,38.47380302844935,1,-93
2.4,38.41624609627364,1,-91
2.4,38.278473772859755,1,-91
2.4,37.7771029279612,1,-90
2.4,37.71502480285314,1,-89
2.4,37.672087455263416,1,-91
2.4,37.981567962261046,1,-91
2.4,37.359027600156466,1,-91
2.4,37.256154476437445,1,-91
2.4,37.11695336193792,1,-89
2.4,37.07332335021319,1,-89
2.4,36.07212303676562,1,-91
2.4,35.96556913942102,1,-91
2.4,35.88670720158826,1,-90
2.4,35.821353185252214,1,-90
2.4,35.77614318760152,1,-90
2.4,38.73744756401375,1,-92
2.4,38.7142470045835,1,-89
2.4,38.70033589633416,1,-89
2.4,38.69586009819581,1,-85
2.4,38.138103974465785,1,-87
2.4,38.11453859256794,1,-86
2.4,38.10040852118962,1,-85
2.4,38.095862238983266,1,-87
2.4,37.53878135687958,1,-88
2.4,37.5148395054117,1,-87
2.4,37.500483469869906,1,-86
2.4,37.49586444828334,1,-83
2.4,36.839599508103596,1,-86
2.4,36.81520296392041,1,-86
2.4,36.80057399867348,1,-86
2.4,36.79586711686375,1,-89
2.4,36.24032592168446,1,-85
2.4,36.21552567983934,1,-87
2.4,36.200654381161264,1,-90
2.4,36.195869486370164,1,-85
2.4,35.64107677809921,1,-86
2.4,35.61585926605662,1,-83
2.4,35.6007374729336,1,-83
2.4,35.5958719357567,1,-86
2.4,42.333899629257246,1,-91
2.4,42.295724250704,1,-88
2.4,41.60001440735638,1,-90
2.4,41.595724252012324,1,-90
2.4,40.90008783425916,1,-89
2.4,40.89572425336544,1,-91
2.4,40.33579255609324,1,-89
2.4,40.31351185998777,1,-88
2.4,40.30015280172722,1,-91
2.4,40.29572425456267,1,-92
2.4,39.6365001896742,1,-92
2.4,39.61382618030264,1,-88
2.4,39.60023108518963,1,-88
2.4,39.5957242560053,1,-88
2.4,42.300016161329985,1,-93
2.4,42.37571975915065,1,-91
2.4,42.4244648210926,1,-91
2.4,42.484689072725665,1,-92
2.4,41.616113990336565,1,-93
2.4,41.64390152119202,1,-93
2.4,41.677063371402824,1,-94
2.4,41.72662461203853,1,-94
2.4,40.97845284319288,1,-93
2.4,41.02885798644456,1,-94
2.4,41.09112772755072,1,-92
2.4,41.25103584665472,1,-93
2.4,41.33389693434652,1,-93
2.4,40.300229162585886,1,-90
2.4,40.31677145812882,1,-95
2.4,40.34545390817958,1,-93
2.4,40.37968212373929,1,-92
2.4,40.43083376167604,1,-92
2.4,40.49402312581865,1,-93
2.4,40.56919396739832,1,-93
2.4,40.65627982753022,1,-92
2.4,40.740350597063205,1,-93
2.4,40.84935442600875,1,-92
2.4,40.97002986661998,1,-92
2.4,39.600308795699995,1,-90
2.4,39.617143346849815,1,-92
2.4,39.64633195158033,1,-91
2.4,39.6811632210056,1,-91
2.4,39.73321412649799,1,-93
2.4,39.79751116680781,1,-94
2.4,39.87399510109621,1,-93
2.4,39.962595956372716,1,-92
2.4,40.04812296387291,1,-92
2.4,40.159005754370185,1,-87
2.4,38.900391294595615,1,-89
2.4,38.917528610161035,1,-90
2.4,38.9472415374023,1,-90
2.4,38.98269745322844,1,-92
2.4,39.03567971715102,1,-95
2.4,39.101123784746235,1,-97
2.4,39.17896720793059,1,-96
2.4,39.26913624884246,1,-95
2.4,39.35617027973302,1,-94
2.4,38.20047681679518,1,-91
2.4,38.21792798256544,1,-91
2.4,38.248184395218175,1,-90
2.4,38.284287728620455,1,-90
2.4,38.90644298500316,1,-93
2.4,37.60055265581816,1,-90
2.4,37.6182821281489,1,-89
2.4,37.64902044573085,1,-91
2.4,37.685697789483044,1,-93
2.4,37.981919104759,1,-92
2.4,38.071895884466336,1,-93
2.4,38.188517207240416,1,-94
2.4,38.31757347142104,1,-93
2.4,36.90064425156843,1,-90
2.4,36.918709842447946,1,-88
2.4,36.95003013098792,1,-89
2.4,36.98740061207469,1,-89
2.4,36.20073938939184,1,-88
2.4,36.21915408438908,1,-87
2.4,36.251078781724146,1,-91
2.4,36.28916904802256,1,-92
2.4,36.34607792384222,1,-94
2.4,36.416355812959424,1,-95
2.4,36.4999254923365,1,-95
2.4,36.59669590545256,1,-94
2.4,36.690069890276256,1,-94
2.4,36.81106924287053,1,-91
2.4,35.50083827878606,1,-92
2.4,35.519615830503774,1,-92
2.4,35.552168696109476,1,-93
2.4,35.59100695897511,1,-89
2.4,35.64903037396483,1,-91
2.4,35.72067968073843,1,-92
2.4,35.80587308115768,1,-91
2.4,35.904514164015986,1,-91
2.4,35.99968353626476,1,-92
2.4,36.12299551478621,1,-88
2.4,34.80094114610089,1,-91
2.4,34.820096135772374,1,-91
2.4,34.892918515247054,1,-92
2.4,34.95210083473844,1,-91
2.4,35.0251758455511,1,-91
2.4,35.11205680762419,1,-91
2.4,35.21264152988073,1,-90
2.4,35.30967574007256,1,-92
2.4,34.20103266930439,1,-94
2.4,34.25431091332784,1,-88
2.4,34.294619016751284,1,-90
2.4,34.35483202919454,1,-91
2.4,34.42917475055456,1,-91
2.4,34.51755588471287,1,-91
2.4,34.61986791575509,1,-91
2.4,33.501143589505745,1,-93
2.4,33.55553311012636,1,-89
2.4,33.596679592810574,1,-89
2.4,34.02931556789487,1,-88
2.4,34.15974104511662,1,-88
2.4,32.801259243549445,1,-88
2.4,32.82158128750945,1,-93
2.4,32.856807338246405,1,-93
2.4,32.89882772713688,1,-93
2.4,32.96159061801908,1,-93
2.4,32.20136237731233,1,-78
2.4,32.22206277079477,1,-82
2.4,32.25794350939147,1,-84
2.4,32.3007429761651,1,-86
2.4,32.36466571837768,1,-90
2.4,32.44356912105053,1,-94
2.4,32.53734419958759,1,-96
2.4,32.64586279779551,1,-96
2.4,32.750502823157944,1,-94
2.4,32.88600044729868,1,-92
2.4,33.03577781239275,1,-88
5,35.32747454994739,1,-92
5,34.42830455549405,1,-92
5,40.301759303406314,1,-90
5,39.40189715531943,1,-90
5,30.332708687942468,1,-86
5,29.433839587051036,1,-86
5,28.63490447268013,1,-87
5,27.836030526689335,1,-87
5,24.441638061035366,1,-86
5,23.64319167180938,1,-88
5,22.84485398844082,1,-89
5,21.946868802675535,1,-88
5,21.148803549258204,1,-88
5,20.35089022348606,1,-86
5,19.553147424689577,1,-88
5,18.655917846632914,1,-88
5,17.85861450459079,1,-88
5,11.210124674286716,1,-89
5,10.418912444987525,1,-88
5,9.629152499549479,1,-89
5,8.742898509547727,1,-87
5,7.95770794082793,1,-86
5,7.175789642595436,1,-87
5,6.301559607228346,1,-86
5,5.531409838975585,1,-87
5,4.7710938085495584,1,-85
5,4.0261864652849715,1,-84
5,3.2199183129259517,1,-84
5,2.5563089142707143,1,-86
5,1.9953838198311378,1,-85
5,1.6245778150386967,1,-86
5,1.6751401136561392,1,-83
5,2.0622647074621407,1,-84
5,2.722247639785166,1,-82
5,3.4025686672835698,1,-81
5,4.126053181776007,1,-87
5,4.968099369730431,1,-86
5,5.731391861562065,1,-86
5,6.503513972772252,1,-89
5,7.379254060046714,1,-87
5,8.162121771082557,1,-88
5,8.948020626330932,1,-87
5,9.834875170428749,1,-86
5,10.62504639713069,1,-84
5,11.416586716897646,1,-84
5,13.102022365893742,1,-86
5,13.896396345802884,1,-82
5,31.10354446308706,1,-88
5,21.906828921246674,1,-89
5,21.10724981393913,1,-90
5,20.30770385915891,1,-89
5,19.408259389238637,1,-91
5,18.60879829121788,1,-92
5,17.010028115490044,1,-88
5,16.110827197212238,1,-88
5,13.613600997298018,1,-89
5,12.814717064254586,1,-89
5,10.319319385119236,1,-87
5,9.521302111337594,1,-87
5,8.623971845039478,1,-89
5,7.826859632528084,1,-89
5,6.147662696209754,1,-85
5,5.3554269624029995,1,-86
5,4.5658996126609095,1,-85
5,3.7807777766170028,1,-87
5,2.907228419789717,1,-86
5,2.1491436452915447,1,-85
5,1.4372403178873787,1,-85
5,0.8505035097123448,1,-85
5,0.943502805134682,1,-88
5,1.5287376709432592,1,-86
5,2.3440851851485722,1,-89
5,3.1083076872306257,1,-87
5,3.8869548494626263,1,-85
5,4.771384965650227,1,-86
5,5.561740358349802,1,-85
5,6.3545099840161585,1,-85
5,7.24827521729363,1,-86
5,8.043900481041332,1,-80
5,8.840315394382765,1,-80
5,11.33236759937485,1,-84
5,12.130515105741601,1,-84
5,13.028702668312642,1,-82
5,13.827289486467,1,-81
5,21.095973498536413,1,-89
5,20.295983326121817,1,-89
5,18.596007017264505,1,-90
5,17.796019732215818,1,-90
5,16.996033644138237,1,-89
5,16.096050948022956,1,-89
5,12.796135220441162,1,-87
5,11.9961626324037,1,-87
5,11.096198195406872,1,-86
5,10.296235026212969,1,-86
5,9.496278062392594,1,-85
5,8.596336052467397,1,-84
5,7.796398838580206,1,-84
5,6.996475982484241,1,-85
5,6.096586968308641,1,-81
5,5.29671728388582,1,-79
5,4.496893962356552,1,-79
5,3.597186650335337,1,-85
5,2.797604890011236,1,-82
5,1.9983579368768731,1,-81
5,0.31300520093886813,1,-81
5,0.5146004071887025,1,-82
5,1.3083022977671426,1,-83
5,2.206660687784776,1,-82
5,3.006026066799615,1,-83
5,3.8056581608892293,1,-83
5,4.704276526029283,1,-83
5,5.504276424437104,1,-86
5,6.304276348628616,1,-87
5,7.204276283468738,1,-83
5,8.004276237850247,1,-80
5,8.804276200521997,1,-78
5,9.704276165884302,1,-80
5,10.504276140078101,1,-83
5,11.304276117924491,1,-82
5,12.204276096473324,1,-86
5,13.004276079898261,1,-84
5,13.804276065244348,1,-85
5,34.837102464448606,0,-53
5,33.938199784419375,0,-63
5,33.03935685051746,0,-59
5,32.14057867532113,0,-62
5,34.804860639776635,0,-57
5,33.905103165201325,0,-50
5,33.00535891535823,0,-48
5,32.105629002096954,0,-55
5,34.79587533300542,0,-59
5,33.89587934659207,0,-63
5,32.99588357912845,0,-61
5,32.095888049033185,0,-66
5,31.341723610991327,0,-52
5,30.44308353955695,0,-47
5,29.6443616345454,0,-44
5,28.745884456881463,0,-47
5,27.847505627920274,0,-42
5,27.04903715514316,0,-42
5,26.15087202196109,0,-46
5,25.25283754348527,0,-43
5,24.454705995389176,0,-52
5,23.55695951963231,0,-46
5,22.659391834254226,0,-45
5,21.861721789958157,0,-44
5,20.96455523282579,0,-49
5,20.067642427521857,0,-51
5,19.17101898928555,0,-48
5,18.37429754877207,0,-46
5,17.478343940416188,0,-57
5,16.582828570185345,0,-51
5,15.787243100409242,0,-50
5,14.892774798542119,0,-56
5,13.999015597132653,0,-61
5,13.205274666284954,0,-52
5,12.313284513106128,0,-54
5,31.305882114125982,0,-59
5,30.406182782983876,0,-56
5,29.606465387740716,0,-53
5,28.706802142421942,0,-52
5,27.807160691678554,0,-49
5,27.007499459522293,0,-49
5,26.10790538409332,0,-50
5,25.20834028716371,0,-54
5,24.40875378540873,0,-53
5,23.509252600739504,0,-52
5,22.609791116550564,0,-48
5,21.810307096813492,0,-43
5,20.910934750651034,0,-48
5,20.011618840929813,0,-49
5,19.11236733435523,0,-43
5,18.313094398451426,0,-45
5,17.4139921596188,0,-48
5,16.514987720974457,0,-47
5,15.715968336287808,0,-42
5,14.817198022428972,0,-48
5,13.918586628122306,0,-52
5,13.119980756381045,0,-46
5,12.221767120039598,0,-45
5,31.2957242780299,0,-64
5,30.39572428114096,0,-65
5,29.59572428406519,0,-65
5,28.695724287549844,0,-58
5,27.79572429126016,0,-58
5,26.995724294765903,0,-59
5,26.095724298966797,0,-55
5,25.195724303467802,0,-55
5,24.3957243077475,0,-58
5,23.495724312910514,0,-62
5,22.595724318484812,0,-59
5,21.795724323826224,0,-52
5,20.89572433032419,0,-51
5,19.99572433740709,0,-60
5,19.095724345157635,0,-57
5,18.295724352687163,0,-49
5,17.395724361985682,0,-45
5,16.49572437229885,0,-48
5,15.695724382459005,0,-52
5,14.795724395202491,0,-54
5,13.895724409596722,0,-54
5,13.095724424052534,0,-54
5,12.195724442582248,0,-57
5,11.224811014898522,0,-48
5,10.434712437027253,0,-43
5,9.54782279538761,0,-41
5,8.663637609041325,0,-43
5,7.880701614961654,0,-47
5,7.004509578316761,0,-43
5,6.231371899990826,0,-45
5,5.371004770493806,0,-41
5,4.618932080896108,0,-45
5,3.7963443016411533,0,-47
5,3.1014627806677337,0,-43
5,2.399326544791109,0,-45
5,1.9192730894281953,0,-46
5,1.6974409210559427,0,-42
5,1.92327901489806,0,-40
5,2.405378035239211,0,-45
5,3.108623486542434,0,-50
5,3.8039954395802402,0,-51
5,4.626886403729754,0,-54
5,5.379118804812107,0,-53
5,6.239600596589113,0,-49
5,7.012806637019109,0,-49
5,11.124342603316789,0,-45
5,10.326559915055595,0,-45
5,9.429503495301597,0,-49
5,8.533067013482142,0,-49
5,7.736929234511648,0,-47
5,6.842351238318084,0,-45
5,6.048521455015023,0,-45
5,5.157742556627753,0,-43
5,4.3691131369779175,0,-42
5,3.4881006425252448,0,-42
5,2.7154534456788246,0,-41
5,1.8738686998616023,0,-47
5,1.199260283501884,0,-48
5,0.797446999026905,0,-49
5,1.205660899643437,0,-48
5,1.881610886499389,0,-44
5,2.7236291995910547,0,-50
5,3.4964263670395,0,-56
5,4.37752142528178,0,-54
5,5.166191552010533,0,-56
5,6.0569985670080015,0,-61
5,6.850844689817529,0,-59
5,11.095724469311865,0,-47
5,10.295724492339048,0,-45
5,9.39572452293181,0,-42
5,8.495724560006296,0,-46
5,7.695724600241235,0,-43
5,6.795724656828743,0,-50
5,5.995724721390582,0,-47
5,5.095724818253642,0,-45
5,4.295724938427755,0,-45
5,3.395725141306662,0,-44
5,2.595725439750153,0,-48
5,1.6957261120942073,0,-48
5,0.8957278439917693,0,-43
5,0.004985897526116655,0,-42
5,0.9042794633552982,0,-45
5,1.7042777564441018,0,-52
5,2.604277089670401,0,-56
5,3.4042767929541453,0,-53
5,4.30427659098694,0,-55
5,5.104276471252525,0,-60
5,6.004276374689469,0,-57
5,6.804276310300616,0,-63
5,9.904276159041922,0,-62
5,9.936326438460497,0,-59
5,10.048679866324099,0,-58
5,10.936803168409822,0,-53
5,10.833664180706402,0,-58
5,10.804276131386036,0,-60
5,8.1042762327812,0,-64
5,8.143413910290027,0,-59
5,8.280131283894196,0,-56
5,9.162874579911874,0,-54
5,9.039518051476913,0,-57
5,9.00427619222634,0,-60
5,13.604276068746264,0,-58
5,13.627627240710144,0,-64
5,13.709763242885101,0,-58
5,14.603263493638508,0,-60
5,14.526180526911295,0,-54
5,14.504276053748221,0,-57
5,11.704276107983361,0,-57
5,11.731409807392845,0,-59
5,11.826722286128614,0,-65
5,12.81717253091692,0,-62
5,12.729278366155445,0,-65
5,12.704276085869283,0,-61
5,31.52490070383432,0,-84
5,30.7490846320647,0,-80
5,30.071285171534214,0,-83
5,29.394526327627556,0,-87
5,28.62245655685154,0,-87
5,27.948184297136542,0,-88
5,27.179180392903195,0,-86
5,26.50780701959009,0,-84
5,31.341720876964153,0,-80
5,30.561255027449292,0,-82
5,29.879195019455437,0,-78
5,29.197984197004196,0,-81
5,28.42057568895765,0,-84
5,27.741397020511183,0,-84
5,26.966496805719697,0,-86
5,26.289692583420344,0,-85
5,31.177998182571756,0,-85
5,30.393328412592652,0,-81
5,29.707413185155787,0,-79
5,29.022170565128718,0,-78
5,28.239922550083026,0,-78
5,27.556291691600013,0,-80
5,26.7760350521844,0,-81
5,26.094291315796713,0,-78
5,31.034040565407608,0,-78
5,30.245636299119727,0,-85
5,29.556293767935195,0,-79
5,28.867464167369132,0,-76
5,28.08090683681004,0,-76
5,27.393307849463177,0,-77
5,26.608272327581226,0,-77
5,25.92211685832353,0,-74
5,30.910124182187978,0,-83
5,30.118476360558912,0,-80
5,29.426155107988574,0,-81
5,28.734205932951376,0,-78
5,27.94389793712613,0,-77
5,27.25284238530686,0,-77
5,26.463640327846846,0,-76
5,25.773634698262835,0,-73
5,30.818328429821342,0,-80
5,30.024260332797517,0,-86
5,29.32971521664427,0,-83
5,28.635435754451347,0,-81
5,27.842324295406346,0,-82
5,27.14868336270528,0,-80
5,26.35636260282694,0,-78
5,25.66347279324352,0,-75
5,30.732612488222532,0,-81
5,29.936270837806696,0,-82
5,29.239635733578687,0,-85
5,28.54316527630087,0,-87
5,27.74741655205925,0,-83
5,27.051342138077874,0,-84
5,26.256084110061263,0,-80
5,25.560476109659376,0,-77
5,30.66753288893922,0,-75
5,29.86945621897782,0,-80
5,29.171225565191612,0,-83
5,28.473081799010533,0,-82
5,27.67531803713209,0,-81
5,26.977383390800984,0,-79
5,26.179878837334766,0,-84
5,25.48219068477796,0,-83
5,25.139735841818354,0,-88
5,23.427797830221902,0,-88
5,25.658411737847764,0,-88
5,24.886159491415867,0,-86
5,24.019546846700912,0,-87
5,23.155481580168697,0,-89
5,25.441869210903228,0,-83
5,24.66283743343352,0,-86
5,23.788090439474992,0,-87
5,22.915299326984876,0,-90
5,25.2555602784909,0,-80
5,24.470597996447726,0,-82
5,23.588723212425535,0,-86
5,22.70827072414576,0,-85
5,25.100158187076612,0,-79
5,24.31017857481786,0,-81
5,23.422264596494614,0,-81
5,22.535309523431824,0,-85
5,24.976239850146598,0,-81
5,24.182212437560693,0,-80
5,23.289420234604098,0,-82
5,22.397204989745013,0,-80
5,24.884275619110007,0,-81
5,24.087216825758365,0,-76
5,23.190767794529112,0,-72
5,22.29460489419897,0,-82
5,22.76571319619937,0,-78
5,21.917924030808166,0,-86
5,21.1679530220459,0,-83
5,20.42177946376873,0,-85
5,19.58741363619705,0,-85
5,18.850825294366878,0,-84
5,18.119615216720423,0,-85
5,17.304281322570958,0,-87
5,16.58689221686637,0,-88
5,15.877400125247402,0,-87
5,15.090047422916804,0,-85
5,22.514923950005322,0,-82
5,21.6573197086619,0,-85
5,20.89799842775521,0,-86
5,20.14182662048612,0,-86
5,19.295358926394584,0,-83
5,18.547175456701197,0,-82
5,17.80349849734381,0,-85
5,16.972986043522074,0,-86
5,16.24096969262794,0,-85
5,15.515667497085753,0,-85
5,22.26379160229239,0,-84
5,21.396123784437613,0,-85
5,20.627189685515596,0,-83
5,19.86070984747285,0,-83
5,19.00172339905454,0,-82
5,18.241500307196254,0,-87
5,17.484826987439856,0,-84
5,16.6384155276089,0,-84
5,15.89099470117088,0,-85
5,15.1489456371031,0,-86
5,14.321600832469006,0,-88
5,22.046565096315728,0,-83
5,21.1699959620865,0,-82
5,20.392537124105544,0,-81
5,19.61689097898255,0,-80
5,18.746735933755474,0,-81
5,17.97573223802643,0,-83
5,17.207376058437465,0,-83
5,16.34660476383884,0,-83
5,15.585195816171922,0,-83
5,14.827851157591475,0,-84
5,13.981518745842981,0,-79
5,21.882758868319232,0,-82
5,20.999353137124864,0,-81
5,20.215332633942484,0,-79
5,19.432614719182904,0,-76
5,18.553819318751486,0,-83
5,17.774449432714924,0,-86
5,16.99699661585552,0,-85
5,16.12499892862247,0,-86
5,15.352603419985156,0,-78
5,14.583184600580354,0,-85
5,13.721769914383342,0,-84
5,21.73222841138906,0,-79
5,20.84244343193613,0,-77
5,20.052288885230077,0,-80
5,19.26294709695237,0,-79
5,18.37603949028891,0,-82
5,17.588793837893537,0,-77
5,16.802753048092615,0,-83
5,15.920119549923536,0,-83
5,15.137273460142076,0,-86
5,14.356318787571754,0,-88
5,13.48041489046452,0,-89
5,21.597809924765446,0,-76
5,20.70224842945733,0,-77
5,19.906529867313207,0,-79
5,19.111168794228593,0,-80
5,18.216873199596264,0,-86
5,17.42243698491783,0,-80
5,16.628534265433522,0,-76
5,15.736131935941838,0,-86
5,14.943650478669284,0,-88
5,14.152015084499338,0,-87
5,13.262625209232471,0,-85
2.4,45.08301598648265,0,-85
2.4,44.99269196700181,0,-84
2.4,44.90775356703527,0,-84
2.4,44.82823139984031,0,-84
2.4,44.76853281533444,0,-81
2.4,44.69883142138882,0,-81
2.4,44.59183928071893,0,-77
2.4,44.50051831650421,0,-93
2.4,44.414638695339924,0,-87
2.4,44.334232038433306,0,-84
2.4,44.27386735352689,0,-83
2.4,44.20338596123326,0,-81
2.4,44.10086088091121,0,-82
2.4,44.00852111168409,0,-89
2.4,43.92167950383505,0,-89
2.4,43.84036873063072,0,-85
2.4,43.77932309250237,0,-82
2.4,43.70804423029897,0,-89
2.4,43.610087484864124,0,-89
2.4,43.51670633719379,0,-88
2.4,43.428881293876564,0,-85
2.4,43.34664612674989,0,-91
2.4,43.28490418653747,0,-88
2.4,43.21280979568198,0,-85
2.4,43.119526092450506,0,-88
2.4,43.0250802490545,0,-89
2.4,42.936249608432725,0,-87
2.4,42.85306909006283,0,-86
2.4,42.79061498083133,0,-80
2.4,42.71768638910359,0,-83
2.4,42.629184022656794,0,-87
2.4,42.53364939007229,0,-86
2.4,42.44379024589647,0,-82
2.4,42.35964270904225,0,-77
2.4,42.296460022533374,0,-76
2.4,42.22267791646834,0,-79
2.4,42.13906893178295,0,-79
2.4,42.140649857798955,0,-89
2.4,42.049950896970984,0,-88
2.4,41.965013647534185,0,-82
2.4,41.90123590585101,0,-78
2.4,41.826756633019464,0,-76
2.4,44.61048229326622,0,-84
2.4,44.543371341175906,0,-82
2.4,44.48425261188461,0,-82
2.4,44.43315800658371,0,-78
2.4,44.3967288258729,0,-72
2.4,44.36041400210513,0,-72
2.4,44.33219067944011,0,-63
2.4,44.00286911597757,0,-81
2.4,43.9467460733774,0,-80
2.4,43.886823654007856,0,-83
2.4,43.83503268435025,0,-81
2.4,43.79810601428005,0,-73
2.4,43.7612944328454,0,-74
2.4,43.73268446411971,0,-68
2.4,43.407108293894375,0,-87
2.4,43.35021396069382,0,-80
2.4,43.28946581372892,0,-79
2.4,43.2369593107341,0,-81
2.4,43.19272450816396,0,-72
2.4,43.16219932346135,0,-76
2.4,43.13319198063458,0,-70
2.4,42.81146587583628,0,-78
2.4,42.753778902430994,0,-79
2.4,42.69218207632429,0,-75
2.4,42.63894007170085,0,-79
2.4,42.59408421879931,0,-74
2.4,42.56312970680408,0,-81
2.4,42.53371380961577,0,-71
2.4,42.31519124898187,0,-75
2.4,42.256826790921856,0,-85
2.4,42.19450450518459,0,-88
2.4,42.14063372136345,0,-82
2.4,42.09524688653323,0,-74
2.4,42.06392528566783,0,-68
2.4,42.03416004202197,0,-66
2.4,41.71977912738672,0,-83
2.4,41.66058053409713,0,-85
2.4,41.597364945848,0,-83
2.4,41.54271982475552,0,-87
2.4,41.49667902902842,0,-85
2.4,41.46490528673937,0,-83
2.4,41.434709730349724,0,-77
2.4,47.40157772098336,0,-49
2.4,46.60167003915691,0,-54
2.4,45.80176558210919,0,-53
2.4,44.90187713713664,0,-53
2.4,44.101980119247955,0,-56
2.4,43.30208690627473,0,-53
2.4,42.40221185785715,0,-53
2.4,41.6023274642012,0,-57
2.4,40.802447603528115,0,-52
2.4,39.90258851802335,0,-54
2.4,39.10271922051863,0,-57
2.4,38.30285538231771,0,-53
2.4,47.39656496454484,0,-53
2.4,46.59657123049235,0,-54
2.4,45.79628074896898,0,-52
2.4,44.8962823676796,0,-61
2.4,44.096283862004135,0,-60
2.4,43.29628541155089,0,-49
2.4,42.3962872246911,0,-38
2.4,41.59628890223903,0,-38
2.4,40.79629064557906,0,-44
2.4,39.896292690406625,0,-48
2.4,39.096294587065685,0,-47
2.4,38.2962965629661,0,-43
2.4,47.406454944851376,0,-50
2.4,46.60663097069184,0,-52
2.4,45.80681314431598,0,-54
2.4,44.90702584716907,0,-59
2.4,44.10722220269986,0,-59
2.4,43.307425811728486,0,-54
2.4,42.407664053074164,0,-55
2.4,41.60788447444098,0,-53
2.4,40.80811353687468,0,-52
2.4,39.90838220773283,0,-51
2.4,39.108631405848435,0,-57
2.4,38.30889101029344,0,-66
2.4,36.60316448667798,0,-57
2.4,35.80332010357185,0,-57
2.4,34.90350369860974,0,-63
2.4,34.103675028343964,0,-63
2.4,33.30385458830433,0,-58
2.4,32.40406718976726,0,-56
2.4,31.604266332869983,0,-53
2.4,30.80447581828016,0,-50
2.4,29.904724884857888,0,-49
2.4,29.10495920696448,0,-48
2.4,28.30520677259035,0,-47
2.4,27.40550255768221,0,-47
2.4,26.60578227451984,0,-47
2.4,25.80607933102551,0,-47
2.4,25.006395390763746,0,-49
2.4,24.10677602748326,0,-47
2.4,23.307139044491706,0,-46
2.4,22.510922025525957,0,-45
2.4,21.611535124542655,0,-41
2.4,20.81212460176445,0,-44
2.4,20.012761189785813,0,-42
2.4,19.113541023039883,0,-44
2.4,18.314298524362233,0,-51
2.4,17.515125190517043,0,-53
2.4,16.616150289387612,0,-56
2.4,15.81715936695158,0,-48
2.4,15.018275881058125,0,-41
2.4,14.119683085664619,0,-48
2.4,13.321093440090856,0,-49
2.4,12.522683835330975,0,-47
2.4,11.62473442448003,0,-48
2.4,10.826843050479633,0,-49
2.4,10.029287633712935,0,-51
2.4,9.232155243483241,0,-54
2.4,8.336038054124192,0,-43
2.4,7.540265939596208,0,-39
2.4,6.745494084191507,0,-39
2.4,5.853078714650448,0,-36
2.4,5.062075704681052,0,-42
2.4,4.274422819510271,0,-37
2.4,3.395221707043835,0,-41
2.4,2.6255685936592226,0,-40
2.4,1.881406505792316,0,-35
2.4,1.138652905880084,0,-30
2.4,0.8140088697902268,0,-30
2.4,1.1439800872939911,0,-27
2.4,1.8882612213771346,0,-31
2.4,2.6327951762688753,0,-32
2.4,3.402600540794149,0,-36
2.4,4.281883982576382,0,-48
2.4,5.069576948846142,0,-38
2.4,5.860604955147559,0,-42
2.4,6.653778658801949,0,-39
2.4,7.547821569191978,0,-39
2.4,8.34360176664656,0,-42
2.4,36.59630104858562,0,-38
2.4,35.79630330688823,0,-33
2.4,34.89630597124527,0,-32
2.4,34.096308457643865,0,-35
2.4,33.296311063522104,0,-36
2.4,32.39631414897158,0,-35
2.4,31.596317039156382,0,-37
2.4,30.796320079498326,0,-36
2.4,29.896323694376594,0,-37
2.4,29.096327095339216,0,-43
2.4,28.296330688606947,0,-41
2.4,27.396334981873594,0,-42
2.4,26.596339042038448,0,-46
2.4,25.79634335403153,0,-43
2.4,24.896348536263673,0,-42
2.4,24.09635346767527,0,-37
2.4,23.296358737776476,0,-42
2.4,22.496364382699763,0,-39
2.4,21.596371233131592,0,-40
2.4,20.796377820170076,0,-41
2.4,19.996384934264743,0,-45
2.4,19.096393650093233,0,-46
2.4,18.296402117338516,0,-41
2.4,17.49641135888664,0,-45
2.4,16.596422820578198,0,-41
2.4,15.796434105184526,0,-38
2.4,14.996446593758966,0,-37
2.4,14.096462337746171,0,-39
2.4,13.29647812165027,0,-41
2.4,12.496495926440836,0,-46
2.4,11.596208451023795,0,-43
2.4,10.796209077246687,0,-38
2.4,9.996209803703193,0,-36
2.4,9.196210656551955,0,-40
2.4,8.2962118126113,0,-35
2.4,7.496213073261679,0,-35
2.4,6.696214635132842,0,-42
2.4,5.796216907587119,0,-43
2.4,4.996219614851494,0,-40
2.4,4.196223354381267,0,-32
2.4,3.296229731054298,0,-32
2.4,2.4962392593488123,0,-34
2.4,1.6962577752046684,0,-32
2.4,0.7963230751232812,0,-34
2.4,0.014506550306729822,0,-30
2.4,0.8039219116492639,0,-30
2.4,1.7038575175352273,0,-32
2.4,2.503839140218336,0,-40
2.4,3.3038296626971064,0,-46
2.4,4.203823312194367,0,-39
2.4,5.003819585094649,0,-44
2.4,5.803816885481894,0,-40
2.4,6.6038148399416,0,-36
2.4,7.50381306005582,0,-44
2.4,8.30381180183488,0,-46
2.4,36.60948033554426,0,-58
2.4,35.80716311631852,0,-51
2.4,34.90744577362648,0,-46
2.4,34.10770954547815,0,-47
2.4,33.307985985927296,0,-47
2.4,32.40831329209776,0,-43
2.4,31.60861987557806,0,-43
2.4,30.8089423778035,0,-46
2.4,29.909325810503454,0,-45
2.4,29.109686539687708,0,-47
2.4,28.310067651612986,0,-42
2.4,27.410522987329802,0,-46
2.4,26.61095358003849,0,-46
2.4,25.811410857196307,0,-44
2.4,24.911960389319486,0,-44
2.4,24.112483290591427,0,-40
2.4,23.31304206745827,0,-43
2.4,22.513640541660674,0,-40
2.4,21.614366760077388,0,-45
2.4,20.815064987627746,0,-48
2.4,20.015819004956917,0,-45
2.4,19.11674267335379,0,-48
2.4,18.317639870880036,0,-54
2.4,17.51861896495503,0,-46
2.4,16.619833044868813,0,-44
2.4,15.821028109428966,0,-39
2.4,15.02235036335425,0,-41
2.4,14.124016795494152,0,-38
2.4,13.32568686557766,0,-41
2.4,12.52757001335283,0,-41
2.4,11.629997869281336,0,-40
2.4,10.832494192914044,0,-35
2.4,10.035387906779913,0,-37
2.4,9.139247804911296,0,-37
2.4,8.343376441201967,0,-42
2.4,7.548378000579465,0,-38
2.4,6.75456071404055,0,-34
2.4,5.863525427564164,0,-37
2.4,5.07415120386844,0,-42
2.4,4.288716642510613,0,-33
2.4,3.4131994433052126,0,-29
2.4,2.6487752716693485,0,-40
2.4,1.9136589141837725,0,-39
2.4,1.1188075973456924,0,-37
2.4,0.7860091856374475,0,-33
2.4,1.1242288200960018,0,-34
2.4,1.8763609567367228,0,-34
2.4,2.624273316557164,0,-41
2.4,3.396010959938427,0,-40
2.4,4.276649440865297,0,-32
2.4,5.065156506968115,0,-34
2.4,5.856781576950723,0,-47
2.4,6.7497207675681645,0,-45
2.4,7.544853241791316,0,-46
2.4,8.340916642683638,0,-42
2.4,40.306564359154926,1,-86
2.4,39.406801068327404,1,-88
2.4,38.507048840942886,1,-85
2.4,37.60730847107771,1,-83
2.4,40.296202431973555,1,-88
2.4,39.396202487532,1,-85
2.4,38.49620254568824,1,-90
2.4,37.59620260662885,1,-80
2.4,40.305939145968104,1,-88
2.4,39.40616157961234,1,-86
2.4,38.506394409741176,1,-84
2.4,36.80754991083787,1,-86
2.4,35.90783438803923,1,-79
2.4,35.108099499102494,1,-81
2.4,34.20841256823987,1,-82
2.4,33.3087425526534,1,-79
2.4,32.509051207917025,1,-78
2.4,31.609417116406988,1,-79
2.4,30.70980446761318,1,-77
2.4,29.910168345214352,1,-80
2.4,29.010601690400943,1,-82
2.4,28.111062776763266,1,-82
2.4,27.31149813611757,1,-88
2.4,26.41201943129652,1,-85
2.4,25.512577495016387,1,-78
2.4,24.61317635818766,1,-83
2.4,23.813746669503224,1,-82
2.4,22.91443585252117,1,-86
2.4,22.01518136285366,1,-84
2.4,21.21589711606292,1,-82
2.4,19.41772310131726,1,-86
2.4,18.618647921894272,1,-87
2.4,17.719788103684802,1,-83
2.4,36.79620266330092,1,-81
2.4,35.89620273007641,1,-77
2.4,35.09620279230751,1,-88
2.4,34.1962028657979,1,-81
2.4,33.29620294326121,1,-82
2.4,32.4962030157196,1,-86
2.4,30.696203192559942,1,-81
2.4,29.896203277990924,1,-84
2.4,28.99620337973554,1,-80
2.4,28.09620348799848,1,-77
2.4,27.296203590225623,1,-83
2.4,26.39620371263788,1,-80
2.4,25.49620384369229,1,-85
2.4,21.996204455297097,1,-80
2.4,21.196204623452278,1,-75
2.4,20.29620482847203,1,-76
2.4,19.39620505251795,1,-80
2.4,18.596205269875643,1,-85
2.4,17.69620553789377,1,-78
2.4,36.80459387683307,1,-89
2.4,35.90480428074563,1,-86
2.4,35.10500036232272,1,-83
2.4,34.20523191616612,1,-79
2.4,33.30547598276807,1,-76
2.4,32.50570427538478,1,-81
2.4,31.60597491675902,1,-81
2.4,30.7062614207401,1,-73
2.4,29.906530565059864,1,-77
2.4,29.006851094851566,1,-79
2.4,28.107192147899134,1,-79
2.4,27.307514175386796,1,-81
2.4,26.407899773344006,1,-83
2.4,25.508312575296195,1,-82
2.4,24.608755564616533,1,-90
2.4,23.809177441463056,1,-85
2.4,22.909687261922738,1,-87
2.4,22.010238763792103,1,-85
2.4,21.210768266122855,1,-75
2.4,20.31141379715346,1,-75
2.4,19.412119164048715,1,-75
2.4,18.612803400865097,1,-76
2.4,17.71364701125341,1,-81
2.4,16.621349236434686,1,-75
2.4,15.822620846103721,1,-73
2.4,14.924214231898025,1,-74
2.4,14.026011922125944,1,-76
2.4,13.22781502893229,1,-77
2.4,12.330122888263464,1,-75
2.4,11.532476335969937,1,-74
2.4,10.635546551058765,1,-70
2.4,9.838746385580128,1,-64
2.4,8.943029153469062,1,-68
2.4,8.147628516312308,1,-70
2.4,7.254012023691236,1,-64
2.4,6.461174075962129,1,-61
2.4,5.571679319551385,1,-67
2.4,4.686197866068827,1,-64
2.4,3.904680581043225,1,-61
2.4,3.037000237077299,1,-63
2.4,2.2867991691522787,1,-59
2.4,1.5054203532791313,1,-62
2.4,0.9961779158840411,1,-61
2.4,1.0436524517896613,1,-58
2.4,1.5922595391940915,1,-51
2.4,16.59620590494769,1,-48
2.4,15.796206204005085,1,-85
2.4,14.896206578840141,1,-82
2.4,13.996207001881325,1,-78
2.4,13.196207426360791,1,-77
2.4,12.296207969921916,1,-76
2.4,11.496208524535353,1,-76
2.4,10.596209248577091,1,-80
2.4,9.796210003856531,1,-73
2.4,8.896211015915164,1,-70
2.4,8.09621210441761,1,-67
2.4,7.196213618268273,1,-66
2.4,6.396215321561478,1,-67
2.4,5.496217830454804,1,-64
2.4,4.596221321894841,1,-65
2.4,3.796225815183916,1,-66
2.4,2.896233837227288,1,-66
2.4,2.0962467507257543,1,-68
2.4,1.1962819232771988,1,-62
2.4,0.39644727264517965,1,-53
2.4,0.503994484115948,1,-61
2.4,1.3038751627542071,1,-63
2.4,16.61480214866627,1,-78
2.4,15.815743120048245,1,-75
2.4,14.916922284418623,1,-77
2.4,14.018252759863351,1,-75
2.4,13.219587377805873,1,-69
2.4,12.321295810079226,1,-72
2.4,11.523038246899295,1,-72
2.4,10.625311780815439,1,-69
2.4,9.827681844644921,1,-71
2.4,8.930854966888385,1,-71
2.4,8.134263976514585,1,-72
2.4,7.238997889187038,1,-68
2.4,6.444313030857707,1,-67
2.4,5.552117653626763,1,-67
2.4,4.662922950226114,1,-67
2.4,3.8767164507832437,1,-77
2.4,3.000961585859596,1,-70
2.4,2.238716248172806,1,-61
2.4,1.431324715033048,1,-66
2.4,0.8802104520468064,1,-63
2.4,0.9336007925896069,1,-50
2.4,1.522396282165702,1,-53
2.4,4.473393615596607,1,-61
2.4,4.4038222534698015,1,-50
2.4,4.497649435011928,1,-55
2.4,5.381978301730185,1,-56
2.4,5.303818477303617,1,-61
2.4,5.361724577045328,1,-68
2.4,2.719847503077605,1,-65
2.4,2.603837637045144,1,-63
2.4,2.7595598272550843,1,-65
2.4,3.621051013204808,1,-66
2.4,3.503827969539072,1,-65
2.4,3.590878783811692,1,-55
2.4,8.141828445760206,1,-62
2.4,8.103812093100716,1,-66
2.4,8.155180589072978,1,-67
2.4,9.05007239973383,1,-69
2.4,9.003810884304311,1,-67
2.4,9.038042400886457,1,-54
2.4,6.253393513934931,1,-64
2.4,6.2038157967672465,1,-54
2.4,6.270767930670541,1,-62
2.4,7.2615515174349,1,-64
2.4,7.203813603936031,1,-66
2.4,7.2465530040260155,1,-70
2.4,36.733720890205895,1,-90
2.4,35.947911350168546,1,-90
2.4,34.57431084547638,1,-92
2.4,33.790369196557386,1,-92
2.4,34.42558017578688,1,-94
2.4,33.63817251932035,1,-94
2.4,32.94968847257259,1,-93
2.4,32.16345830969691,1,-93
2.4,34.9868954101305,1,-98
2.4,34.29487090571176,1,-93
2.4,33.50439150976277,1,-90
2.4,32.81310059167661,1,-91
2.4,32.023517146614545,1,-93
2.4,31.333065129979545,1,-92
2.4,34.8766462040047,1,-95
2.4,34.18238977074803,1,-91
2.4,33.38924752730088,1,-88
2.4,32.695522177194114,1,-89
2.4,31.90302885995968,1,-90
2.4,31.209911413514853,1,-89
2.4,35.48073745624794,1,-91
2.4,34.784451274085384,1,-93
2.4,34.08831721336863,1,-90
2.4,33.29293394159296,1,-90
2.4,32.59715893201886,1,-91
2.4,31.8022145524384,1,-92
2.4,31.106850860210027,1,-90
2.4,36.21363072710446,1,-91
2.4,35.41628340804709,1,-92
2.4,34.71870461925584,1,-92
2.4,33.22423588947064,1,-92
2.4,32.52699141388907,1,-96
2.4,31.730289164128987,1,-97
2.4,31.03331388104187,1,-95
2.4,36.15805097677402,1,-92
2.4,35.359450369583186,1,-92
2.4,34.6607277828819,1,-92
2.4,33.96205780630888,1,-92
2.4,36.120108671471264,1,-94
2.4,35.32065019841681,1,-91
2.4,34.62114455703257,1,-90
2.4,31.031234755319353,1,-92
2.4,28.49837347007423,1,-94
2.4,30.849024789118253,1,-89
2.4,30.0637391293841,1,-94
2.4,28.29986025477376,1,-95
2.4,30.692134667362666,1,-85
2.4,29.902729147011872,1,-94
2.4,30.560954344382278,1,-84
2.4,29.768070317698562,1,-92
2.4,28.8765449879219,1,-92
2.4,30.455816036338785,1,-87
2.4,29.660121551324412,1,-92
2.4,27.87071026076303,1,-94
2.4,30.376990147794487,1,-92
2.4,29.579175283283874,1,-93
2.4,28.68177906684421,1,-91
2.4,27.784551290947537,1,-93
2.4,28.626373337172062,1,-91
2.4,27.818565930684773,1,-87
2.4,26.946047028087193,1,-91
2.4,26.172037185513755,1,-89
2.4,24.53280355850049,1,-92
2.4,23.764354197831725,1,-94
2.4,22.138822246001745,1,-90
2.4,21.37787478773533,1,-84
2.4,20.619883860975502,1,-91
2.4,26.75793434553182,1,-92
2.4,22.77736179718659,1,-98
2.4,21.909473988208077,1,-95
2.4,20.373443755045994,1,-91
2.4,19.51394502503412,1,-91
2.4,26.57351784088219,1,-98
2.4,25.788329345649984,1,-97
2.4,25.00407987588706,1,-97
2.4,22.56043019181655,1,-96
2.4,21.683861520491664,1,-93
2.4,20.9063610042467,1,-91
2.4,20.13062369724086,1,-92
2.4,19.26029206528153,1,-94
2.4,27.307870851451337,1,-92
2.4,26.418490691929712,1,-96
2.4,25.62855303054788,1,-94
2.4,24.839259458358114,1,-93
2.4,23.952153357050474,1,-85
2.4,23.16444971156648,1,-90
2.4,22.37761851582336,1,-92
2.4,21.493595567976797,1,-90
2.4,20.708952905441162,1,-88
2.4,19.925531622514068,1,-90
2.4,27.19884943227287,1,-90
2.4,25.51235642663197,1,-92
2.4,24.719352953496532,1,-92
2.4,23.82778316250945,1,-91
2.4,22.24444673260329,1,-91
2.4,21.35491162331646,1,-91
2.4,20.56497825040631,1,-79
2.4,19.775854227813085,1,-92
2.4,18.889183424376608,1,-92
2.4,25.411122179852708,1,-91
2.4,24.6148575140997,1,-92
2.4,23.719360245155467,1,-93
2.4,22.92365874897569,1,-90
2.4,22.128267226322034,1,-94
2.4,20.439254644912502,1,-88
2.4,19.645081074905377,1,-90
2.4,26.129260426564755,1,-89
2.4,25.330304586389623,1,-89
2.4,23.632757994769264,1,-90
2.4,22.834038855168803,1,-90
2.4,20.338690479955837,1,-91
2.4,19.54043014980669,1,-91
5,44.543371341175906,0,-88
5,44.43315800658371,0,-84
5,44.3967288258729,0,-86
5,44.36041400210513,0,-81
5,44.33219067944011,0,-77
5,44.00286911597757,0,-84
5,43.9467460733774,0,-88
5,43.886823654007856,0,-86
5,43.83503268435025,0,-90
5,43.79810601428005,0,-86
5,43.7612944328454,0,-79
5,43.73268446411971,0,-77
5,43.28946581372892,0,-87
5,43.2369593107341,0,-82
5,43.19272450816396,0,-83
5,43.16219932346135,0,-84
5,43.13319198063458,0,-78
5,42.81146587583628,0,-83
5,42.753778902430994,0,-89
5,42.63894007170085,0,-86
5,42.59408421879931,0,-86
5,42.56312970680408,0,-86
5,42.53371380961577,0,-83
5,42.31519124898187,0,-82
5,42.19450450518459,0,-88
5,42.14063372136345,0,-87
5,42.09524688653323,0,-85
5,42.06392528566783,0,-83
5,42.03416004202197,0,-81
5,41.71977912738672,0,-80
5,41.597364945848,0,-85
5,41.54271982475552,0,-88
5,41.49667902902842,0,-88
5,41.46490528673937,0,-84
5,41.434709730349724,0,-77
5,47.40157772098336,0,-66
5,46.60167003915691,0,-66
5,45.80176558210919,0,-71
5,44.90187713713664,0,-68
5,44.101980119247955,0,-64
5,43.30208690627473,0,-66
5,42.40221185785715,0,-64
5,41.6023274642012,0,-67
5,40.802447603528115,0,-63
5,39.90258851802335,0,-66
5,39.10271922051863,0,-65
5,38.30285538231771,0,-66
5,47.39656496454484,0,-60
5,46.59657123049235,0,-61
5,45.79628074896898,0,-64
5,44.8962823676796,0,-66
5,44.096283862004135,0,-66
5,43.29628541155089,0,-66
5,42.3962872246911,0,-63
5,41.59628890223903,0,-62
5,40.79629064557906,0,-61
5,39.896292690406625,0,-64
5,39.096294587065685,0,-62
5,38.2962965629661,0,-59
5,47.406454944851376,0,-62
5,46.60663097069184,0,-63
5,45.80681314431598,0,-62
5,44.90702584716907,0,-65
5,44.10722220269986,0,-63
5,43.307425811728486,0,-65
5,42.407664053074164,0,-63
5,41.60788447444098,0,-60
5,40.80811353687468,0,-58
5,39.90838220773283,0,-60
5,39.108631405848435,0,-59
5,38.30889101029344,0,-59
5,36.60316448667798,0,-66
5,35.80332010357185,0,-65
5,34.90350369860974,0,-61
5,34.103675028343964,0,-59
5,33.30385458830433,0,-63
5,32.40406718976726,0,-63
5,31.604266332869983,0,-61
5,30.80447581828016,0,-62
5,29.904724884857888,0,-59
5,29.10495920696448,0,-58
5,28.30520677259035,0,-60
5,27.40550255768221,0,-54
5,26.60578227451984,0,-53
5,25.80607933102551,0,-57
5,25.006395390763746,0,-62
5,24.10677602748326,0,-62
5,23.307139044491706,0,-60
5,22.510922025525957,0,-57
5,21.611535124542655,0,-59
5,20.81212460176445,0,-58
5,20.012761189785813,0,-57
5,19.113541023039883,0,-57
5,18.314298524362233,0,-66
5,17.515125190517043,0,-63
5,16.616150289387612,0,-63
5,15.81715936695158,0,-61
5,15.018275881058125,0,-55
5,14.119683085664619,0,-56
5,13.321093440090856,0,-50
5,12.522683835330975,0,-54
5,11.62473442448003,0,-54
5,10.826843050479633,0,-58
5,10.029287633712935,0,-59
5,9.232155243483241,0,-65
5,8.336038054124192,0,-54
5,7.540265939596208,0,-49
5,6.745494084191507,0,-44
5,5.853078714650448,0,-47
5,5.062075704681052,0,-44
5,4.274422819510271,0,-44
5,3.395221707043835,0,-47
5,2.6255685936592226,0,-41
5,1.881406505792316,0,-43
5,1.138652905880084,0,-40
5,0.8140088697902268,0,-40
5,1.1439800872939911,0,-40
5,1.8882612213771346,0,-41
5,2.6327951762688753,0,-40
5,3.402600540794149,0,-47
5,4.281883982576382,0,-53
5,5.069576948846142,0,-50
5,5.860604955147559,0,-48
5,6.653778658801949,0,-50
5,7.547821569191978,0,-49
5,8.34360176664656,0,-50
5,36.59630104858562,0,-61
5,35.79630330688823,0,-61
5,34.89630597124527,0,-59
5,34.096308457643865,0,-58
5,33.296311063522104,0,-61
5,32.39631414897158,0,-60
5,31.596317039156382,0,-58
5,30.796320079498326,0,-61
5,29.896323694376594,0,-57
5,29.096327095339216,0,-55
5,28.296330688606947,0,-54
5,27.396334981873594,0,-52
5,26.596339042038448,0,-50
5,25.79634335403153,0,-49
5,24.896348536263673,0,-56
5,24.09635346767527,0,-53
5,23.296358737776476,0,-52
5,22.496364382699763,0,-56
5,21.596371233131592,0,-56
5,20.796377820170076,0,-56
5,19.996384934264743,0,-56
5,19.096393650093233,0,-55
5,18.296402117338516,0,-58
5,17.49641135888664,0,-56
5,16.596422820578198,0,-57
5,15.796434105184526,0,-55
5,14.996446593758966,0,-53
5,14.096462337746171,0,-47
5,13.29647812165027,0,-50
5,12.496495926440836,0,-50
5,11.596208451023795,0,-47
5,10.796209077246687,0,-49
5,9.996209803703193,0,-52
5,9.196210656551955,0,-53
5,8.2962118126113,0,-49
5,7.496213073261679,0,-48
5,6.696214635132842,0,-47
5,5.796216907587119,0,-47
5,4.996219614851494,0,-46
5,4.196223354381267,0,-44
5,3.296229731054298,0,-43
5,2.4962392593488123,0,-45
5,1.6962577752046684,0,-44
5,0.7963230751232812,0,-44
5,0.014506550306729822,0,-43
5,0.8039219116492639,0,-43
5,1.7038575175352273,0,-43
5,2.503839140218336,0,-50
5,3.3038296626971064,0,-51
5,4.203823312194367,0,-52
5,5.003819585094649,0,-48
5,5.803816885481894,0,-48
5,6.6038148399416,0,-50
5,7.50381306005582,0,-50
5,8.30381180183488,0,-49
5,36.60948033554426,0,-64
5,35.80716311631852,0,-61
5,34.90744577362648,0,-59
5,34.10770954547815,0,-57
5,33.307985985927296,0,-55
5,32.40831329209776,0,-54
5,31.60861987557806,0,-57
5,30.8089423778035,0,-66
5,29.909325810503454,0,-58
5,29.109686539687708,0,-57
5,28.310067651612986,0,-56
5,27.410522987329802,0,-53
5,26.61095358003849,0,-51
5,25.811410857196307,0,-52
5,24.911960389319486,0,-61
5,24.112483290591427,0,-53
5,23.31304206745827,0,-53
5,22.513640541660674,0,-51
5,21.614366760077388,0,-53
5,20.815064987627746,0,-53
5,20.015819004956917,0,-53
5,19.11674267335379,0,-52
5,18.317639870880036,0,-56
5,17.51861896495503,0,-56
5,16.619833044868813,0,-54
5,15.821028109428966,0,-57
5,15.02235036335425,0,-55
5,14.124016795494152,0,-52
5,13.32568686557766,0,-54
5,12.52757001335283,0,-53
5,11.629997869281336,0,-51
5,10.832494192914044,0,-50
5,10.035387906779913,0,-51
5,9.139247804911296,0,-56
5,8.343376441201967,0,-53
5,7.548378000579465,0,-50
5,6.75456071404055,0,-51
5,5.863525427564164,0,-49
5,5.07415120386844,0,-51
5,4.288716642510613,0,-51
5,3.4131994433052126,0,-47
5,2.6487752716693485,0,-48
5,1.9136589141837725,0,-41
5,1.1188075973456924,0,-43
5,0.7860091856374475,0,-43
5,1.1242288200960018,0,-44
5,1.8763609567367228,0,-42
5,2.624273316557164,0,-48
5,3.396010959938427,0,-51
5,4.276649440865297,0,-55
5,5.065156506968115,0,-52
5,5.856781576950723,0,-50
5,6.7497207675681645,0,-50
5,7.544853241791316,0,-53
5,8.340916642683638,0,-55
5,6.461174075962129,1,-89
5,5.571679319551385,1,-88
5,4.686197866068827,1,-89
5,3.904680581043225,1,-88
5,3.037000237077299,1,-88
5,2.2867991691522787,1,-85
5,1.5054203532791313,1,-88
5,0.9961779158840411,1,-85
5,1.0436524517896613,1,-84
5,1.5922595391940915,1,-83
5,16.59620590494769,1,-83
5,7.196213618268273,1,-91
5,6.396215321561478,1,-89
5,5.496217830454804,1,-89
5,2.0962467507257543,1,-88
5,1.1962819232771988,1,-89
5,0.39644727264517965,1,-89
5,0.503994484115948,1,-85
5,6.444313030857707,1,-88
5,5.552117653626763,1,-88
5,4.662922950226114,1,-87
5,3.8767164507832437,1,-88
5,3.000961585859596,1,-88
5,1.431324715033048,1,-87
5,0.8802104520468064,1,-89
5,0.9336007925896069,1,-90
5,1.522396282165702,1,-89
5,4.473393615596607,1,-85
5,4.4038222534698015,1,-85
5,4.497649435011928,1,-86
5,5.381978301730185,1,-84
5,5.303818477303617,1,-85
5,5.361724577045328,1,-88
5,2.719847503077605,1,-88
5,2.603837637045144,1,-88
5,2.7595598272550843,1,-86
5,3.621051013204808,1,-86
5,3.503827969539072,1,-87
5,3.590878783811692,1,-85
5,8.141828445760206,1,-84
5,8.103812093100716,1,-84
5,8.155180589072978,1,-86
5,9.05007239973383,1,-87
5,9.003810884304311,1,-89
5,9.038042400886457,1,-85
5,6.253393513934931,1,-85
5,6.2038157967672465,1,-85
5,6.270767930670541,1,-84
5,7.2615515174349,1,-90
5,7.203813603936031,1,-91
2.4,53.64443040832401,1,-89
2.4,52.84443463609876,1,-94
2.4,48.644459113343515,1,-93
2.4,47.84446426291285,1,-92
2.4,47.04446958762042,1,-92
2.4,45.34448152645767,1,-90
2.4,44.544487460051194,1,-90
2.4,53.6548831591715,1,-92
2.4,52.855045596420986,1,-92
2.4,52.05324758316176,1,-94
2.4,51.153407627461704,1,-92
2.4,50.35355469156725,1,-90
2.4,49.55370650367186,1,-90
2.4,48.65388325919497,1,-93
2.4,47.85404595616519,1,-93
2.4,47.05421418481204,1,-86
2.4,46.15441041219667,1,-83
2.4,45.35459137367335,1,-88
2.4,44.554778832896055,1,-84
2.4,53.676842684662155,1,-90
2.4,52.877337288949846,1,-90
2.4,51.178439648860774,1,-94
2.4,50.37898414088439,1,-93
2.4,49.57954619843629,1,-91
2.4,48.68020058699635,1,-91
2.4,47.08142569571353,1,-95
2.4,46.18215210975248,1,-92
2.4,45.38282198876258,1,-91
2.4,42.84450080467009,1,-92
2.4,42.04450745789244,1,-92
2.4,41.144515252024725,1,-84
2.4,40.34452247207162,1,-84
2.4,38.64453880721325,1,-90
2.4,37.844547002145596,1,-88
2.4,37.04455555102537,1,-88
2.4,36.14456562085546,1,-82
2.4,35.344575002335546,1,-80
2.4,34.5445848183347,1,-89
2.4,33.64459641931289,1,-89
2.4,32.8446072650266,1,-77
2.4,32.044618652267275,1,-77
2.4,29.544658212058422,1,-82
2.4,28.744244081581712,1,-81
2.4,27.84424708568839,1,-81
2.4,27.044249923861145,1,-80
2.4,26.244252935064864,1,-81
2.4,25.344256549896706,1,-81
2.4,24.54425998563369,1,-77
2.4,23.744263652886275,1,-76
2.4,22.844268085563556,1,-75
2.4,22.044272329575648,1,-77
2.4,21.24427689322213,1,-72
2.4,20.344282456336796,1,-72
2.4,19.544287831451168,1,-78
2.4,18.744293665380063,1,-78
2.4,17.84430085381124,1,-62
2.4,17.044307880835927,1,-67
2.4,16.24431559999136,1,-79
2.4,15.444324118831473,1,-81
2.4,14.544334822701282,1,-77
2.4,13.744345514073713,1,-81
2.4,12.944357526954942,1,-69
2.4,12.044372948931658,1,-67
2.4,11.24438872986672,1,-64
2.4,10.444406928291839,1,-62
2.4,9.544431048054786,1,-63
2.4,8.744456655874577,1,-63
2.4,7.944487420964684,1,-59
2.4,7.044530383864329,1,-68
2.4,6.244578969360922,1,-68
2.4,5.444641832111789,1,-70
2.4,4.5447390054108965,1,-65
2.4,3.744864590702875,1,-66
2.4,2.9450583997770208,1,-63
2.4,2.0454576322717464,1,-60
2.4,1.2462965541217352,1,-58
2.4,0.4501258448619385,1,-57
2.4,0.36327875193800924,1,-60
2.4,1.2579743236374945,1,-59
2.4,2.0571479223255094,1,-61
2.4,42.85520041921401,1,-84
2.4,42.05541060489598,1,-89
2.4,41.15565682981769,1,-88
2.4,40.35588491495529,1,-86
2.4,39.55612222456232,1,-82
2.4,38.6564009368673,1,-85
2.4,37.85665980467943,1,-87
2.4,37.0569298477711,1,-91
2.4,36.15724792748959,1,-92
2.4,35.35754425671199,1,-85
2.4,34.55785430319342,1,-87
2.4,33.6582207192844,1,-87
2.4,32.85856326992193,1,-86
2.4,32.05892291295607,1,-91
2.4,31.15934958060231,1,-87
2.4,30.35975007244918,1,-80
2.4,29.56017223625355,1,-84
2.4,28.76061787953055,1,-88
2.4,27.861149810438434,1,-85
2.4,27.06165233194549,1,-81
2.4,26.26218545952503,1,-82
2.4,25.362825415513335,1,-82
2.4,23.764082759673336,1,-78
2.4,22.864867315511034,1,-80
2.4,22.06561840355538,1,-81
2.4,21.26642597397877,1,-80
2.4,20.36741028344154,1,-76
2.4,19.568361194270647,1,-78
2.4,18.769393117648594,1,-70
2.4,17.86549822229855,1,-71
2.4,17.066498905937028,1,-71
2.4,16.267597950580992,1,-71
2.4,15.468810596071817,1,-74
2.4,14.570333874159004,1,-67
2.4,13.771854899753423,1,-71
2.4,12.973563332996036,1,-80
2.4,12.0757556079353,1,-71
2.4,11.277997680349907,1,-67
2.4,10.48058156083787,1,-66
2.4,9.584003224159327,1,-66
2.4,8.787631989113642,1,-68
2.4,7.991985620075293,1,-73
2.4,7.098053402082283,1,-70
2.4,6.304896531602155,1,-68
2.4,5.513717298665737,1,-68
2.4,4.6272677031837475,1,-62
2.4,3.844602004411429,1,-63
2.4,3.070883056666495,1,-60
2.4,2.222802441748458,1,-58
2.4,1.5199371271338427,1,-61
2.4,0.9795749312006927,1,-66
2.4,0.9428283095207768,1,-61
2.4,1.5295271061852351,1,-61
2.4,2.233564716759362,1,-62
2.4,42.88507637817412,1,-84
2.4,42.081522250460736,1,-89
2.4,41.18233896785543,1,-90
2.4,40.38309548609096,1,-91
2.4,39.58388256871902,1,-91
2.4,38.68480692935483,1,-87
2.4,37.88566543347042,1,-83
2.4,37.08656095558407,1,-84
2.4,36.18761571946368,1,-88
2.4,35.38859829994643,1,-88
2.4,34.58962630342179,1,-88
2.4,32.09316893216505,1,-89
2.4,31.194583184517878,1,-87
2.4,30.395910551112006,1,-92
2.4,29.597309614331493,1,-90
2.4,28.798786338698314,1,-82
2.4,27.90054878545076,1,-87
2.4,27.102213575734268,1,-80
2.4,26.303979525541607,1,-77
2.4,25.4060990084553,1,-87
2.4,24.608112991508115,1,-86
2.4,23.810262140056913,1,-77
2.4,22.91285907794025,1,-75
2.4,22.1153446570689,1,-82
2.4,21.318016499579482,1,-84
2.4,20.421272130395412,1,-76
2.4,19.624416261358235,1,-76
2.4,18.82782705928803,1,-72
2.4,17.93202720614097,1,-74
2.4,17.136130190249403,1,-73
2.4,16.340633894453852,1,-70
2.4,15.446256634534318,1,-66
2.4,14.65183272479223,1,-67
2.4,13.85805038130146,1,-68
2.4,13.065026542111823,1,-78
2.4,12.173965931174935,1,-77
2.4,11.383092930693532,1,-83
2.4,10.593590649265334,1,-78
2.4,9.707455423102573,1,-71
2.4,8.922110118515718,1,-65
2.4,8.139619594447732,1,-66
2.4,7.240118498231644,1,-63
2.4,6.464415986292423,1,-62
2.4,5.69543959841819,1,-64
2.4,4.84237133711899,1,-64
2.4,4.100965537766507,1,-61
2.4,3.3863367400991757,1,-57
2.4,2.6415534188554783,1,-55
2.4,2.084985045525276,1,-59
2.4,1.7310461621403976,1,-59
2.4,1.7340844162792595,1,-58
2.4,2.0919863618531402,1,-60
2.4,2.6506159875727917,1,-64
2.4,46.5441589159989,0,-65
2.4,45.64415906931665,0,-77
2.4,44.744159228802175,0,-75
2.4,43.844159394835295,0,-68
2.4,46.55233938470318,0,-54
2.4,45.65250080922083,0,-66
2.4,44.75266872582271,0,-57
2.4,43.852843534148974,0,-59
2.4,46.57791188084126,0,-62
2.4,45.67857706985558,0,-60
2.4,44.77926898771414,0,-68
2.4,43.879989277817494,0,-66
2.4,43.04415954824907,0,-64
2.4,42.144159727801465,0,-67
2.4,41.34415989396616,0,-69
2.4,40.444160088758935,0,-68
2.4,39.54416029241844,0,-72
2.4,38.74416048139229,0,-61
2.4,37.84416070353789,0,-62
2.4,36.94416093650691,0,-66
2.4,36.14416115333042,0,-63
2.4,35.24416140902266,0,-61
2.4,34.344161678115874,0,-62
2.4,33.54416192943208,0,-62
2.4,32.64416222688648,0,-59
2.4,31.744162541207533,0,-67
2.4,30.844162873871692,0,-55
2.4,30.044163186304957,0,-60
2.4,29.144163558294885,0,-62
2.4,28.244163953991723,0,-60
2.4,27.44416432750981,0,-63
2.4,26.54416477462954,0,-60
2.4,25.644165253133224,0,-59
2.4,24.844165707574124,0,-57
2.4,23.944166255117835,0,-61
2.4,43.053005054304265,0,-56
2.4,42.15319409194599,0,-62
2.4,41.35336903238558,0,-67
2.4,40.45357411003369,0,-58
2.4,39.55378851922165,0,-64
2.4,38.75398746450109,0,-66
2.4,37.85422132795797,0,-64
2.4,36.95446658109612,0,-60
2.4,36.15469483301923,0,-67
2.4,35.25496399680574,0,-66
2.4,34.355247260984605,0,-68
2.4,33.5555118056451,0,-70
2.4,32.655824908982304,0,-66
2.4,31.756155756536884,0,-69
2.4,30.856505900389177,0,-66
2.4,30.056834739475633,0,-64
2.4,29.1572262484529,0,-62
2.4,28.257642690974638,0,-67
2.4,27.45803577509122,0,-57
2.4,26.558506294095512,0,-59
2.4,25.6590098117763,0,-56
2.4,24.859487981377036,0,-53
2.4,23.960064078452522,0,-55
2.4,43.076654906986136,0,-58
2.4,42.177348493271765,0,-60
2.4,41.377990334213806,0,-60
2.4,40.47874271819238,0,-66
2.4,39.579529304843106,0,-65
2.4,38.780259129721294,0,-71
2.4,37.88111701251235,0,-69
2.4,36.98201663055943,0,-71
2.4,36.18285384319998,0,-68
2.4,35.28384106337763,0,-61
2.4,34.38487993483494,0,-58
2.4,33.585850090602314,0,-71
2.4,32.68699824480267,0,-68
2.4,31.788211371561232,0,-64
2.4,30.889495142368,0,-67
2.4,30.090700695161175,0,-64
2.4,29.19213586350089,0,-59
2.4,28.29366226242931,0,-54
2.4,27.495102880255118,0,-63
2.4,26.596827072850907,0,-61
2.4,25.69867191686093,0,-64
2.4,24.900423620208823,0,-63
2.4,24.002533708197873,0,-69
2.4,22.844166982927927,0,-46
2.4,22.044167557866448,0,-44
2.4,21.144168256675723,0,-44
2.4,20.244169017619242,0,-49
2.4,19.444169753150472,0,-45
2.4,18.544170656479984,0,-55
2.4,17.744171536367947,0,-83
2.4,16.844172626144978,0,-69
2.4,16.04417369747563,0,-53
2.4,15.144175038016778,0,-49
2.4,14.344176370830334,0,-47
2.4,13.444178059844676,0,-41
2.4,12.644179763045367,0,-53
2.4,11.744181956506276,0,-42
2.4,10.844184514054021,0,-41
2.4,10.044187172202939,0,-49
2.4,9.144190718569233,0,-48
2.4,8.344194513130946,0,-43
2.4,7.444199756876906,0,-37
2.4,6.644205610581539,0,-46
2.4,5.744214144946617,0,-43
2.4,4.9442243394087315,0,-37
2.4,22.860829777913175,0,-55
2.4,22.06143459320175,0,-59
2.4,21.16216964910357,0,-56
2.4,20.262969974926236,0,-48
2.4,19.46374348320895,0,-51
2.4,18.56469332705177,0,-55
2.4,17.765618382225753,0,-57
2.4,16.86676389975857,0,-61
2.4,16.06788980002029,0,-53
2.4,15.169298288744857,0,-50
2.4,14.37069826933662,0,-52
2.4,13.472471810905233,0,-52
2.4,12.674259539359022,0,-43
2.4,11.776560738108337,0,-53
2.4,10.879242196296405,0,-56
2.4,10.082027025408792,0,-44
2.4,9.185738777496063,0,-39
2.4,8.389705302559308,0,-40
2.4,7.4951773168560445,0,-37
2.4,6.701271609665615,0,-35
2.4,5.81012643010735,0,-36
2.4,5.020650088308176,0,-33
2.4,22.905337629127974,0,-58
2.4,22.107551878933656,0,-61
2.4,21.210242290626116,0,-55
2.4,20.313170751371786,0,-55
2.4,19.51600020879747,0,-51
2.4,18.61947346455062,0,-46
2.4,17.822854717258448,0,-45
2.4,16.92703985402714,0,-48
2.4,16.13115111810748,0,-54
2.4,15.236291029727077,0,-52
2.4,14.441396141576432,0,-55
2.4,13.54785778140811,0,-59
2.4,12.75436429778675,0,-49
2.4,11.862728884534913,0,-47
2.4,10.972459365853236,0,-50
2.4,10.182545001653438,0,-45
2.4,9.295953456102232,0,-44
2.4,8.510235533368975,0,-46
2.4,7.629851687990897,0,-40
2.4,6.85156879525664,0,-45
2.4,5.982852405287643,0,-46
2.4,5.219567135199341,0,-45
2.4,2.490008837035784,0,-37
2.4,2.040389727207069,0,-37
2.4,1.8443473772760244,0,-33
2.4,0.9445343802035775,0,-36
2.4,1.2859697454503916,0,-39
2.4,1.9211121663864144,0,-41
2.4,4.009873827675017,0,-44
2.4,3.747283595385988,0,-57
2.4,3.644250451522473,0,-42
2.4,2.7442830212540743,0,-33
2.4,2.8796982987060606,0,-40
2.4,3.213972006909011,0,-34
2.4,2.498684767978404,0,-33
2.4,2.0509685029524785,0,-34
2.4,1.8560438597392959,0,-43
2.4,2.755980180733797,0,-43
2.4,2.8908475828768077,0,-44
2.4,3.2239654956355905,0,-42
2.4,1.6736785543106767,0,-34
2.4,0.8742117212296568,0,-40
2.4,0.05170244392802805,0,-46
2.4,0.9562274112125927,0,-42
2.4,1.2945825013422378,0,-47
2.4,1.9268880669114339,0,-39
2.4,41.96480291557453,0,-82
2.4,39.09601779118721,0,-85
2.4,38.305456077486184,0,-85
2.4,42.65339704334509,0,-83
2.4,41.859307656871685,0,-85
2.4,41.1646672027858,0,-83
2.4,41.76887107981565,0,-80
2.4,41.072701149129855,0,-89
2.4,40.37666365723158,0,-90
2.4,39.58136337046265,0,-92
2.4,38.88563378251761,0,-95
2.4,38.090705859086825,0,-97
2.4,37.395321381784434,0,-96
2.4,42.49077766853047,0,-80
2.4,40.99614290949036,0,-89
2.4,40.29878313124144,0,-86
2.4,39.50191489072683,0,-85
2.4,38.80476089911777,0,-87
2.4,38.008141583259444,0,-89
2.4,37.31121835341977,0,-89
2.4,40.93507893268292,0,-91
2.4,40.23666084093527,0,-85
2.4,39.43853741968445,0,-82
2.4,38.74024292912117,0,-82
2.4,37.94226904631192,0,-83
2.4,37.24411320982408,0,-81
2.4,40.19528840768374,0,-83
2.4,39.396326838326836,0,-84
2.4,38.6972706628742,0,-83
2.4,37.89839198344886,0,-82
2.4,37.19941267459224,0,-78
2.4,40.16289536308979,0,-82
2.4,39.363276313359584,0,-82
2.4,37.864033972897886,0,-82
2.4,37.16440847241131,0,-82
2.4,42.34630305863525,0,-77
2.4,41.546344495143956,0,-77
2.4,37.146604298022474,0,-83
2.4,37.005780515487665,0,-84
2.4,36.215979204431896,0,-83
2.4,35.32800132590528,0,-89
2.4,34.440647578558774,0,-85
2.4,36.87477951868016,0,-84
2.4,36.08211084078467,0,-87
2.4,35.190755187605625,0,-86
2.4,34.299850999987065,0,-88
2.4,36.76534968611207,0,-87
2.4,35.97026960862954,0,-90
2.4,35.07607195318226,0,-85
2.4,34.18217885992847,0,-88
2.4,36.67768409445896,0,-91
2.4,35.880661486493324,0,-91
2.4,34.08787063755916,0,-91
2.4,36.611939084453795,0,-94
2.4,35.813453361818546,0,-92
2.4,34.91523979076291,0,-84
2.4,34.017120654073516,0,-83
2.4,35.76877150098923,0,-87
2.4,34.86940697283653,0,-84
2.4,33.97007610507551,0,-82
2.4,35.746700374731184,0,-82
2.4,34.84676621478854,0,-85
2.4,33.94683554582738,0,-79
2.4,33.75094656500702,0,-78
2.4,32.86482803821253,0,-88
2.4,32.077816012887745,0,-89
2.4,31.29146270681629,0,-89
2.4,29.62288852314698,0,-85
2.4,28.838947321811006,0,-85
2.4,27.958100983033727,0,-86
2.4,27.176180172218988,0,-82
2.4,26.395342902267924,0,-85
2.4,25.518319985367903,0,-86
2.4,33.622066382118504,0,-81
2.4,32.73245905444479,0,-87
2.4,31.94218580382848,0,-84
2.4,30.264552203014997,0,-83
2.4,29.47596441551009,0,-85
2.4,28.688008581980977,0,-83
2.4,27.802380551800514,0,-82
2.4,27.01595311149567,0,-81
2.4,26.230346560766783,0,-87
2.4,25.34761544298104,0,-83
2.4,33.49932716927924,0,-81
2.4,32.60637129061944,0,-83
2.4,31.812966018859807,0,-86
2.4,31.01989950165097,0,-88
2.4,30.12813789532714,0,-81
2.4,29.33588333790623,0,-79
2.4,28.544060842680416,0,-82
2.4,27.653823195680605,0,-81
2.4,26.863047025856165,0,-82
2.4,26.072833633664693,0,-84
2.4,25.184582220796877,0,-81
2.4,33.40039661119666,0,-82
2.4,32.5047230680798,0,-80
2.4,31.70877449394656,0,-82
2.4,30.913035083656105,0,-85
2.4,29.22286132818057,0,-85
2.4,28.427890923905498,0,-81
2.4,27.533897477995918,0,-80
2.4,26.739574949953617,0,-82
2.4,25.94560129732175,0,-84
2.4,25.052839252805366,0,-78
2.4,33.33261837232205,0,-78
2.4,32.435073231028525,0,-75
2.4,31.637372420565843,0,-79
2.4,30.83979072323574,0,-83
2.4,29.94266554267169,0,-87
2.4,29.145369751912494,0,-82
2.4,28.34822633166126,0,-78
2.4,27.45163864140744,0,-88
2.4,26.654864889430808,0,-87
2.4,25.858290362071664,0,-86
2.4,33.279198015362226,0,-82
2.4,32.38017215045359,0,-80
2.4,31.581084634135152,0,-81
2.4,30.78204452020373,0,-76
2.4,29.88318578718015,0,-80
2.4,29.08425950521214,0,-80
2.4,28.2853939188041,0,-76
2.4,27.386749297593557,0,-79
2.4,26.588031052799646,0,-81
2.4,25.789392265814165,0,-85
2.4,24.891028130379766,0,-83
2.4,32.34696832666461,0,-87
2.4,30.74711492607132,0,-83
2.4,29.847204294947943,0,-78
2.4,29.047288382906864,0,-73
2.4,28.247377233561938,0,-79
2.4,27.34748340382483,0,-79
2.4,53.62970378009484,1,-94
2.4,53.562089784558815,1,-94
2.4,51.72036531609952,1,-92
2.4,51.640764159520444,1,-92
2.4,49.47003439297131,1,-93
2.4,49.419442091259874,1,-93
2.4,48.08688800696953,1,-95
2.4,48.062471146865214,1,-95
2.4,50.446369583932544,1,-92
2.4,49.85570116002261,1,-89
2.4,49.87567816787959,1,-89
2.4,49.27606205184673,1,-83
2.4,48.54431701587802,1,-90
2.4,48.54645640894176,1,-90
2.4,48.57652189835046,1,-88
2.4,47.35631090420363,1,-86
2.4,47.37734181023685,1,-86
2.4,54.09193320996285,1,-92
2.4,52.77213549113651,1,-95
2.4,52.817288832560195,1,-93
2.4,52.12900314007545,1,-98
2.4,52.17360734055502,1,-95
2.4,52.21927822417345,1,-93
2.4,52.281214148124526,1,-94
2.4,52.35243726275289,1,-96
2.4,52.43290972184263,1,-97
2.4,52.52258901127514,1,-98
2.4,52.60674929868351,1,-99
2.4,51.430158047408995,1,-98
2.4,51.475367811506594,1,-94
2.4,51.52165764663543,1,-92
2.4,51.584431190093866,1,-92
2.4,51.65661502415687,1,-95
2.4,51.73816976181483,1,-97
2.4,51.82905116680019,1,-98
2.4,51.91433578673631,1,-99
2.4,50.695137938825255,1,-99
2.4,50.73134479968908,1,-98
2.4,50.77717676016817,1,-95
2.4,50.82410250127965,1,-93
2.4,50.8877365345424,1,-94
2.4,50.96090721481931,1,-96
2.4,51.04357352993463,1,-98
2.4,51.135689427778956,1,-99
2.4,50.126615519742124,1,-94
2.4,50.19113385860568,1,-94
2.4,48.36587622020104,1,-99
2.4,48.463082001625004,1,-99
2.4,47.50517342200151,1,-98
2.4,47.58354585781581,1,-98
2.4,47.672069086114575,1,-98
2.4,47.770686676032845,1,-98
2.4,47.86320320274146,1,-99
2.4,46.80907700711381,1,-98
2.4,46.88861295460052,1,-98
2.4,46.97844568900458,1,-97
2.4,47.07851626701052,1,-98
2.4,47.17239032771598,1,-98
2.4,46.000347715174684,1,-98
2.4,46.14243572180642,1,-95
2.4,46.21251679890913,1,-95
2.4,45.30121607992935,1,-95
2.4,45.79368843998258,1,-93
2.4,45.89019085017421,1,-93
2.4,44.60211168458195,1,-91
2.4,44.0029020106114,1,-81
2.4,44.04461056592384,1,-89
2.4,44.097392830555314,1,-93
2.4,44.15141866100714,1,-94
2.4,44.22465493735311,1,-95
2.4,44.308830258497814,1,-94
2.4,44.403882413869994,1,-94
2.4,44.50974171991132,1,-93
2.4,44.609021770270104,1,-93
2.4,44.73474217930459,1,-93
2.4,44.87103177326408,1,-90
5,17.84430085381124,1,-90
5,17.044307880835927,1,-90
5,14.544334822701282,1,-97
5,12.944357526954942,1,-88
5,12.044372948931658,1,-88
5,9.544431048054786,1,-88
5,8.744456655874577,1,-85
5,7.944487420964684,1,-85
5,7.044530383864329,1,-84
5,6.244578969360922,1,-86
5,5.444641832111789,1,-85
5,4.5447390054108965,1,-84
5,3.744864590702875,1,-83
5,2.9450583997770208,1,-85
5,2.0454576322717464,1,-84
5,1.2462965541217352,1,-84
5,0.4501258448619385,1,-80
5,0.36327875193800924,1,-80
5,1.2579743236374945,1,-82
5,2.0571479223255094,1,-84
5,17.066498905937028,1,-88
5,16.267597950580992,1,-88
5,12.973563332996036,1,-88
5,12.0757556079353,1,-88
5,9.584003224159327,1,-88
5,8.787631989113642,1,-85
5,7.991985620075293,1,-86
5,7.098053402082283,1,-87
5,4.6272677031837475,1,-84
5,3.844602004411429,1,-85
5,3.070883056666495,1,-81
5,2.222802441748458,1,-83
5,1.5199371271338427,1,-83
5,0.9795749312006927,1,-83
5,0.9428283095207768,1,-80
5,1.5295271061852351,1,-80
5,2.233564716759362,1,-81
5,17.93202720614097,1,-90
5,17.136130190249403,1,-90
5,15.446256634534318,1,-89
5,14.65183272479223,1,-89
5,12.173965931174935,1,-89
5,11.383092930693532,1,-87
5,10.593590649265334,1,-87
5,9.707455423102573,1,-87
5,8.922110118515718,1,-86
5,8.139619594447732,1,-86
5,7.240118498231644,1,-85
5,6.464415986292423,1,-85
5,5.69543959841819,1,-90
5,4.84237133711899,1,-83
5,4.100965537766507,1,-81
5,3.3863367400991757,1,-80
5,2.6415534188554783,1,-80
5,2.084985045525276,1,-80
5,1.7310461621403976,1,-84
5,1.7340844162792595,1,-83
5,2.0919863618531402,1,-82
5,2.6506159875727917,1,-84
5,46.5441589159989,0,-69
5,45.64415906931665,0,-66
5,44.744159228802175,0,-65
5,43.844159394835295,0,-74
5,46.55233938470318,0,-70
5,45.65250080922083,0,-64
5,44.75266872582271,0,-61
5,43.852843534148974,0,-65
5,46.57791188084126,0,-70
5,45.67857706985558,0,-71
5,44.77926898771414,0,-75
5,43.879989277817494,0,-73
5,43.04415954824907,0,-64
5,42.144159727801465,0,-63
5,41.34415989396616,0,-60
5,40.444160088758935,0,-59
5,39.54416029241844,0,-60
5,38.74416048139229,0,-60
5,37.84416070353789,0,-56
5,36.94416093650691,0,-57
5,36.14416115333042,0,-58
5,35.24416140902266,0,-63
5,34.344161678115874,0,-62
5,33.54416192943208,0,-67
5,32.64416222688648,0,-63
5,31.744162541207533,0,-66
5,30.844162873871692,0,-66
5,30.044163186304957,0,-66
5,29.144163558294885,0,-64
5,28.244163953991723,0,-59
5,27.44416432750981,0,-60
5,26.54416477462954,0,-67
5,25.644165253133224,0,-61
5,24.844165707574124,0,-60
5,23.944166255117835,0,-64
5,43.053005054304265,0,-60
5,42.15319409194599,0,-58
5,41.35336903238558,0,-59
5,40.45357411003369,0,-62
5,39.55378851922165,0,-61
5,38.75398746450109,0,-57
5,37.85422132795797,0,-57
5,36.95446658109612,0,-63
5,36.15469483301923,0,-64
5,35.25496399680574,0,-59
5,34.355247260984605,0,-61
5,33.5555118056451,0,-67
5,32.655824908982304,0,-66
5,31.756155756536884,0,-68
5,30.856505900389177,0,-65
5,30.056834739475633,0,-66
5,29.1572262484529,0,-66
5,28.257642690974638,0,-65
5,27.45803577509122,0,-58
5,26.558506294095512,0,-61
5,25.6590098117763,0,-59
5,24.859487981377036,0,-58
5,23.960064078452522,0,-59
5,43.076654906986136,0,-65
5,42.177348493271765,0,-62
5,41.377990334213806,0,-62
5,40.47874271819238,0,-67
5,39.579529304843106,0,-63
5,38.780259129721294,0,-67
5,37.88111701251235,0,-65
5,36.98201663055943,0,-61
5,36.18285384319998,0,-65
5,35.28384106337763,0,-62
5,34.38487993483494,0,-68
5,33.585850090602314,0,-67
5,32.68699824480267,0,-67
5,31.788211371561232,0,-66
5,30.889495142368,0,-65
5,30.090700695161175,0,-62
5,29.19213586350089,0,-61
5,28.29366226242931,0,-64
5,27.495102880255118,0,-64
5,26.596827072850907,0,-61
5,25.69867191686093,0,-58
5,24.900423620208823,0,-57
5,24.002533708197873,0,-58
5,22.844166982927927,0,-58
5,22.044167557866448,0,-56
5,21.144168256675723,0,-56
5,20.244169017619242,0,-54
5,19.444169753150472,0,-58
5,18.544170656479984,0,-56
5,17.744171536367947,0,-55
5,16.844172626144978,0,-55
5,16.04417369747563,0,-54
5,15.144175038016778,0,-56
5,14.344176370830334,0,-58
5,13.444178059844676,0,-56
5,12.644179763045367,0,-52
5,11.744181956506276,0,-51
5,10.844184514054021,0,-49
5,10.044187172202939,0,-45
5,9.144190718569233,0,-50
5,8.344194513130946,0,-45
5,7.444199756876906,0,-46
5,6.644205610581539,0,-43
5,5.744214144946617,0,-44
5,4.9442243394087315,0,-42
5,22.860829777913175,0,-59
5,22.06143459320175,0,-58
5,21.16216964910357,0,-56
5,20.262969974926236,0,-55
5,19.46374348320895,0,-55
5,18.56469332705177,0,-56
5,17.765618382225753,0,-58
5,16.86676389975857,0,-61
5,16.06788980002029,0,-57
5,15.169298288744857,0,-52
5,14.37069826933662,0,-49
5,13.472471810905233,0,-47
5,12.674259539359022,0,-48
5,11.776560738108337,0,-52
5,10.879242196296405,0,-47
5,10.082027025408792,0,-46
5,9.185738777496063,0,-45
5,8.389705302559308,0,-51
5,7.4951773168560445,0,-48
5,6.701271609665615,0,-50
5,5.81012643010735,0,-46
5,5.020650088308176,0,-44
5,22.905337629127974,0,-57
5,22.107551878933656,0,-54
5,21.210242290626116,0,-57
5,20.313170751371786,0,-56
5,19.51600020879747,0,-58
5,18.61947346455062,0,-53
5,17.822854717258448,0,-54
5,16.92703985402714,0,-54
5,16.13115111810748,0,-56
5,15.236291029727077,0,-55
5,14.441396141576432,0,-51
5,13.54785778140811,0,-54
5,12.75436429778675,0,-60
5,11.862728884534913,0,-55
5,10.972459365853236,0,-56
5,10.182545001653438,0,-50
5,9.295953456102232,0,-49
5,8.510235533368975,0,-47
5,7.629851687990897,0,-50
5,6.85156879525664,0,-51
5,5.982852405287643,0,-53
5,5.219567135199341,0,-52
5,2.490008837035784,0,-43
5,2.040389727207069,0,-44
5,1.8443473772760244,0,-44
5,0.9445343802035775,0,-50
5,1.2859697454503916,0,-46
5,1.9211121663864144,0,-40
5,4.009873827675017,0,-47
5,3.747283595385988,0,-54
5,3.644250451522473,0,-48
5,2.7442830212540743,0,-43
5,2.8796982987060606,0,-46
5,3.213972006909011,0,-45
5,2.498684767978404,0,-42
5,2.0509685029524785,0,-45
5,1.8560438597392959,0,-53
5,2.755980180733797,0,-50
5,2.8908475828768077,0,-54
5,3.2239654956355905,0,-50
5,1.6736785543106767,0,-42
5,0.8742117212296568,0,-48
5,0.05170244392802805,0,-46
5,0.9562274112125927,0,-49
5,1.2945825013422378,0,-57
5,1.9268880669114339,0,-48
5,42.756933070177226,0,-91
5,41.1646672027858,0,-88
5,40.47021144396927,0,-88
5,41.76887107981565,0,-91
5,41.072701149129855,0,-90
5,40.37666365723158,0,-88
5,39.58136337046265,0,-89
5,38.88563378251761,0,-93
5,38.090705859086825,0,-97
5,37.395321381784434,0,-96
5,42.49077766853047,0,-91
5,40.99614290949036,0,-88
5,40.29878313124144,0,-84
5,39.50191489072683,0,-85
5,38.80476089911777,0,-89
5,38.008141583259444,0,-93
5,37.31121835341977,0,-94
5,42.431864684999546,0,-88
5,41.63355015875429,0,-88
5,40.93507893268292,0,-90
5,40.23666084093527,0,-87
5,39.43853741968445,0,-87
5,38.74024292912117,0,-90
5,37.94226904631192,0,-94
5,37.24411320982408,0,-94
5,40.19528840768374,0,-90
5,39.396326838326836,0,-90
5,38.6972706628742,0,-95
5,37.89839198344886,0,-97
5,37.19941267459224,0,-96
5,41.546344495143956,0,-86
5,40.8463820835169,0,-86
5,37.84655892509105,0,-89
5,36.87477951868016,0,-98
5,36.76534968611207,0,-96
5,35.97026960862954,0,-99
5,36.67768409445896,0,-95
5,35.880661486493324,0,-96
5,36.611939084453795,0,-94
5,35.813453361818546,0,-93
5,34.91523979076291,0,-88
5,34.017120654073516,0,-86
5,35.76877150098923,0,-85
5,34.86940697283653,0,-88
5,33.97007610507551,0,-86
5,35.746700374731184,0,-88
5,34.84676621478854,0,-86
5,33.94683554582738,0,-86
5,33.75094656500702,0,-94
5,28.688008581980977,0,-101
5,27.802380551800514,0,-101
5,31.812966018859807,0,-98
5,31.01989950165097,0,-98
5,28.544060842680416,0,-101
5,27.653823195680605,0,-101
5,26.863047025856165,0,-101
5,26.072833633664693,0,-101
5,32.5047230680798,0,-97
5,31.70877449394656,0,-95
5,30.913035083656105,0,-95
5,31.637372420565843,0,-90
5,30.83979072323574,0,-89
5,29.94266554267169,0,-90
5,33.279198015362226,0,-89
5,32.38017215045359,0,-89
5,30.74711492607132,0,-90
5,29.847204294947943,0,-87
5,29.047288382906864,0,-88
5,28.247377233561938,0,-89
5,27.34748340382483,0,-90
2.4,50.90784629442772,1,-91
2.4,49.308560031687016,1,-89
2.4,48.408982237886626,1,-89
2.4,47.60937092987813,1,-92
2.4,46.809772904484674,1,-93
2.4,45.910241866918625,1,-91
2.4,44.31112260302567,1,-90
2.4,43.41164653926309,1,-91
2.4,42.61213083478242,1,-91
2.4,50.88934474833015,1,-84
2.4,50.089400554858905,1,-86
2.4,49.290769462902375,1,-88
2.4,48.39086094661397,1,-87
2.4,47.590945170118566,1,-84
2.4,46.79103227345956,1,-86
2.4,45.891133894527755,1,-87
2.4,45.091227629730554,1,-83
2.4,44.2913247508683,1,-86
2.4,43.39143829255282,1,-86
2.4,42.59154324660145,1,-79
2.4,41.791652218569006,1,-77
2.4,50.08626468196252,1,-90
2.4,49.28627140312309,1,-89
2.4,48.386279230085975,1,-88
2.4,39.3143368287227,1,-89
2.4,38.41500421959892,1,-88
2.4,37.61562425671684,1,-87
2.4,36.81627122962356,1,-91
2.4,35.917033510059646,1,-92
2.4,35.11774387960379,1,-86
2.4,34.31848735338072,1,-86
2.4,33.419366288631096,1,-85
2.4,32.62018826071356,1,-85
2.4,31.821051541316123,1,-86
2.4,30.92207609628819,1,-86
2.4,29.324052724104188,1,-80
2.4,28.525124139900683,1,-79
2.4,27.626403604274746,1,-81
2.4,26.827612922826123,1,-83
2.4,26.03483668926841,1,-81
2.4,25.136590666723606,1,-79
2.4,24.33825855268036,1,-78
2.4,23.540039685774136,1,-83
2.4,22.642193739065156,1,-76
2.4,21.844257285338493,1,-81
2.4,21.046477505244585,1,-79
2.4,20.149185697896236,1,-80
2.4,19.351804136023308,1,-72
2.4,18.554647998539647,1,-68
2.4,17.658154809018164,1,-78
2.4,16.861585639848755,1,-77
2.4,16.065357428972945,1,-84
2.4,15.170075089800848,1,-87
2.4,14.374763207124447,1,-88
2.4,13.580002072591933,1,-78
2.4,12.785894388829568,1,-73
2.4,11.893467292250973,1,-70
2.4,11.101225304557426,1,-67
2.4,10.310181486920996,1,-69
2.4,9.422065124100376,1,-65
2.4,8.634694565153483,1,-60
2.4,7.849878296138954,1,-65
2.4,6.971087302116766,1,-65
2.4,6.195054253550652,1,-61
2.4,5.425987120804691,1,-64
2.4,4.573489383903562,1,-64
2.4,3.833985416688617,1,-63
2.4,3.1244332615825465,1,-69
2.4,2.395318792065796,1,-60
2.4,1.8762172439048577,1,-65
2.4,1.6071185945748765,1,-58
2.4,1.748799327129477,1,-53
2.4,2.200213198140329,1,-62
2.4,2.811330138559551,1,-62
2.4,3.4994594123486724,1,-61
2.4,4.319917254788088,1,-62
2.4,5.071915231834835,1,-63
2.4,40.09189822268417,1,-86
2.4,39.29202135457998,1,-86
2.4,38.392166011288154,1,-85
2.4,37.5923004093792,1,-87
2.4,36.79244065157562,1,-80
2.4,35.892605896051265,1,-79
2.4,35.09275989488368,1,-81
2.4,34.29292107812717,1,-79
2.4,33.39311163968101,1,-82
2.4,32.593289861732295,1,-82
2.4,31.793477051772804,1,-84
2.4,30.893699227369066,1,-89
2.4,30.093907871558425,1,-85
2.4,29.29412791008718,1,-79
2.4,28.39439027206059,1,-81
2.4,27.594637847828174,1,-82
2.4,26.79490020476833,1,-82
2.4,25.99517870710252,1,-81
2.4,25.095513242883403,1,-81
2.4,24.29583141105566,1,-81
2.4,23.49617124097331,1,-79
2.4,22.596582305620494,1,-75
2.4,21.796976187659233,1,-81
2.4,20.997400076106715,1,-82
2.4,20.09791727681319,1,-81
2.4,19.298417497202422,1,-76
2.4,18.498960968849875,1,-70
2.4,17.599631411952103,1,-65
2.4,16.80028764239689,1,-76
2.4,16.001009464967392,1,-75
2.4,15.10685407610409,1,-73
2.4,14.308028484295287,1,-76
2.4,13.509341883974502,1,-74
2.4,12.710820475831213,1,-71
2.4,11.812723059411416,1,-74
2.4,11.0146749888071,1,-73
2.4,10.216932227423014,1,-69
2.4,9.31993417623189,1,-75
2.4,8.52313393535486,1,-72
2.4,7.7269949599245855,1,-67
2.4,6.832416850591024,1,-68
2.4,6.038589160635337,1,-67
2.4,5.246636835311257,1,-66
2.4,4.359204857675896,1,-67
2.4,3.5756546284404394,1,-71
2.4,2.8014184001305305,1,-67
2.4,1.955355201013385,1,-70
2.4,1.267301460913105,1,-65
2.4,0.8177359130763894,1,-60
2.4,1.0696545858710942,1,-58
2.4,1.7107892809394858,1,-57
2.4,2.4473330370997353,1,-68
2.4,3.2143549936468228,1,-64
2.4,4.092376685340977,1,-62
2.4,4.879568215060094,1,-63
2.4,40.086367978096824,1,-89
2.4,39.28598737432057,1,-91
2.4,38.38599058100254,1,-90
2.4,37.58599356030805,1,-90
2.4,36.78599666919765,1,-82
2.4,35.88600033238255,1,-76
2.4,35.08600374631546,1,-81
2.4,34.28600731956355,1,-90
2.4,33.38601154415881,1,-86
2.4,32.58601549526127,1,-86
2.4,31.78601964524829,1,-85
2.4,30.886024570955236,1,-81
2.4,30.086029196760958,1,-80
2.4,29.286034075290143,1,-77
2.4,28.386039892323755,1,-82
2.4,27.586045381665308,1,-85
2.4,26.786051198898285,1,-83
2.4,25.986057374305606,1,-82
2.4,25.086064792434918,1,-84
2.4,24.286071847891442,1,-81
2.4,23.486079384002085,1,-80
2.4,22.586088500251382,1,-75
2.4,21.786097235895426,1,-86
2.4,20.986106637549348,1,-77
2.4,20.086118109583364,1,-74
2.4,19.28612920580061,1,-70
2.4,18.48614126240351,1,-74
2.4,17.58615613723129,1,-71
2.4,16.78617069833916,1,-80
2.4,15.986186716802811,1,-83
2.4,15.086206768237755,1,-80
2.4,14.286226712632176,1,-75
2.4,13.486249023187566,1,-70
2.4,12.586277512631272,1,-72
2.4,11.786306489128394,1,-74
2.4,10.986339685553718,1,-69
2.4,10.186378096118112,1,-75
2.4,9.286429218306415,1,-81
2.4,8.486483762861832,1,-71
2.4,7.686549660804895,1,-67
2.4,6.786642365526568,1,-67
2.4,5.986748168101149,1,-63
2.4,5.186886605562609,1,-64
2.4,4.285852171703043,1,-62
2.4,3.4858525310738693,1,-72
2.4,2.68585310452684,1,-66
2.4,1.7858543637812851,1,-72
2.4,0.9858574132901036,1,-69
2.4,0.18588671292332865,1,-65
2.4,0.7141587915734329,1,-58
2.4,1.5141538264932024,1,-60
2.4,2.3141522942508295,1,-58
2.4,3.21415148219971,1,-58
2.4,4.014151066069756,1,-68
2.4,4.814150788242026,1,-67
2.4,43.818697724520916,0,-69
2.4,42.91938651917656,0,-73
2.4,42.020104808198845,0,-69
2.4,41.120854526645665,0,-71
2.4,43.79309151967071,0,-61
2.4,42.89324345115201,0,-78
2.4,41.99340189445641,0,-66
2.4,41.09356727735954,0,-63
2.4,43.78597331826226,0,-61
2.4,42.88597589349128,0,-64
2.4,41.98597857912395,0,-78
2.4,41.08598138241552,0,-83
2.4,40.321549028184144,0,-73
2.4,39.4223640202081,0,-67
2.4,38.623120329311824,0,-60
2.4,37.724009501669364,0,-70
2.4,36.82494211525092,0,-71
2.4,36.02581020355105,0,-64
2.4,35.12683404082729,0,-68
2.4,34.22791168975056,0,-60
2.4,33.4289182845043,0,-62
2.4,32.530109845827546,0,-57
2.4,31.631369168772096,0,-56
2.4,30.83255024356319,0,-58
2.4,29.93395435673992,0,-58
2.4,29.03544544760643,0,-56
2.4,28.13703184862378,0,-57
2.4,27.33852959252146,0,-55
2.4,26.440322789079406,0,-54
2.4,25.54224222930031,0,-57
2.4,24.744065493183495,0,-58
2.4,23.846262726903234,0,-55
2.4,22.948632093221477,0,-54
2.4,22.15089962012236,0,-54
2.4,21.253654342024976,0,-60
2.4,40.2937204860705,0,-58
2.4,39.39390028315447,0,-57
2.4,38.59406714185251,0,-59
2.4,37.69426332294292,0,-62
2.4,36.79446910024522,0,-66
2.4,35.99466065126331,0,-61
2.4,35.094886583505904,0,-62
2.4,34.195124407123934,0,-64
2.4,33.39534656579245,0,-64
2.4,32.4956095674312,0,-63
2.4,31.595887549940198,0,-62
2.4,30.79614828349754,0,-58
2.4,29.896458285367327,0,-56
2.4,28.996787527556375,0,-61
2.4,28.097137858290637,0,-54
2.4,27.29746865294457,0,-59
2.4,26.397864757741896,0,-44
2.4,25.498288818616277,0,-50
2.4,24.69869170033656,0,-50
2.4,23.79917730968477,0,-51
2.4,22.89970107943234,0,-50
2.4,22.100202455137303,0,-59
2.4,21.20081171718661,0,-60
2.4,40.28585077240003,0,-67
2.4,39.38585077620673,0,-67
2.4,38.58585077973954,0,-64
2.4,37.685850783893244,0,-54
2.4,36.78585078825019,0,-62
2.4,35.98585079230599,0,-63
2.4,35.08585079708983,0,-68
2.4,34.18585080212557,0,-61
2.4,33.385850806829716,0,-63
2.4,32.485850812398816,0,-64
2.4,31.585850818285273,0,-71
2.4,30.785850823806626,0,-64
2.4,29.885850830371474,0,-64
2.4,28.985850837343996,0,-62
2.4,28.08585084476337,0,-66
2.4,27.285850851769272,0,-65
2.4,26.385850860158712,0,-63
2.4,25.485850869140677,0,-71
2.4,24.685850877674454,0,-64
2.4,23.78585088796112,0,-69
2.4,22.885850899056848,0,-59
2.4,22.08585090967888,0,-57
2.4,21.185850922587548,0,-67
2.4,20.15735477580064,0,-46
2.4,19.360309671805236,0,-53
2.4,18.463939436039528,0,-49
2.4,17.56794035757396,0,-58
2.4,16.77185641000954,0,-53
2.4,15.87673254632446,0,-46
2.4,15.081554143330882,0,-49
2.4,14.187626450106476,0,-44
2.4,13.393706855029468,0,-45
2.4,12.501474002212843,0,-41
2.4,11.70937621134046,0,-39
2.4,10.819656194549164,0,-41
2.4,10.030333952513672,0,-44
2.4,9.144564949109867,0,-38
2.4,8.261872488608672,0,-45
2.4,7.4807202894327816,0,-42
2.4,6.60731753121276,0,-46
2.4,5.837746482074554,0,-51
2.4,4.983447892625549,0,-44
2.4,4.2399754632799995,0,-39
2.4,3.434073505147588,0,-37
2.4,2.766857399552605,0,-35
2.4,20.10163043473869,0,-49
2.4,19.30228445457986,0,-50
2.4,18.403088166801123,0,-51
2.4,17.503974491086183,0,-56
2.4,16.704842472028822,0,-57
2.4,15.80592391873497,0,-61
2.4,15.00699403463401,0,-58
2.4,14.108342881610184,0,-54
2.4,13.309694883647154,0,-57
2.4,12.411424044215211,0,-50
2.4,11.613185860737172,0,-49
2.4,10.71548201181664,0,-53
2.4,9.91787244202447,0,-44
2.4,9.021067713181663,0,-43
2.4,8.12496963658011,0,-46
2.4,7.3292407946561,0,-46
2.4,6.435311922167516,0,-42
2.4,5.642329179185996,0,-75
2.4,4.753035606413434,0,-52
2.4,3.9666089429809355,0,-35
2.4,3.090219315206694,0,-40
2.4,2.3263908628557872,0,-39
2.4,20.08585093993579,0,-60
2.4,19.285850953795684,0,-57
2.4,18.385850970829775,0,-61
2.4,17.485850989617358,0,-59
2.4,16.68585100801888,0,-61
2.4,15.78585103094999,0,-52
2.4,14.98585105364548,0,-51
2.4,14.085851082259365,0,-60
2.4,13.285851110948437,0,-56
2.4,12.38585114765352,0,-55
2.4,11.5858511850676,0,-54
2.4,10.685851233854631,0,-58
2.4,9.88585128467827,0,-46
2.4,8.985851352671888,0,-42
2.4,8.085851435801631,0,-39
2.4,7.285851526936144,0,-38
2.4,6.385851656756359,0,-38
2.4,5.585851807271679,0,-38
2.4,4.685852038033263,0,-35
2.4,3.8858523328920898,0,-34
2.4,2.985852853471365,0,-39
2.4,2.185853676092125,0,-36
2.4,0.9141567356078653,0,-42
2.4,1.212361617154991,0,-40
2.4,1.9269733037670178,0,-38
2.4,2.483685773798879,0,-44
2.4,1.981234362787711,0,-43
2.4,1.8141530935390735,0,-39
2.4,0.885858181751931,0,-53
2.4,1.1911686999204913,0,-49
2.4,1.9137106088304952,0,-41
2.4,1.6963953560094953,0,-30
2.4,0.7964620400310811,0,-32
2.4,0.014616008929771154,0,-40
2.4,4.614150848667155,0,-43
2.4,4.6823633143690655,0,-40
2.4,4.916089058431445,0,-39
2.4,5.7691767644933085,0,-41
2.4,5.571354872675888,0,-38
2.4,5.514150611272413,0,-34
2.4,2.7141518668522586,0,-37
2.4,2.8285612084293024,0,-42
2.4,3.2006505483278156,0,-38
2.4,4.083192711701119,0,-42
2.4,3.798559897936193,0,-43
2.4,3.7141512011111755,0,-40
2.4,40.30811201316847,0,-88
2.4,39.52273438284399,0,-87
2.4,38.83601861994485,0,-82
2.4,36.681038692806055,0,-86
2.4,35.898763747709154,0,-87
2.4,35.2149264909882,0,-91
2.4,40.165031506431596,0,-87
2.4,39.37680021209628,0,-87
2.4,40.03742771156945,0,-82
2.4,39.24663370010035,0,-87
2.4,38.55500053095209,0,-93
2.4,37.86367487571143,0,-94
2.4,37.07398702762199,0,-96
2.4,36.383379767087995,0,-98
2.4,34.9047671738219,0,-97
2.4,39.92544902196663,0,-89
2.4,38.438703513362974,0,-91
2.4,37.745247872283045,0,-89
2.4,36.95302932062255,0,-90
2.4,36.26011838263431,0,-93
2.4,35.4685610668569,0,-95
2.4,34.776265373171135,0,-93
2.4,38.338750496524135,0,-91
2.4,37.64345359802411,0,-87
2.4,36.84904663376376,0,-87
2.4,36.15414287421514,0,-90
2.4,35.360213319490356,0,-92
2.4,34.66575392446742,0,-89
2.4,38.26479999621614,0,-85
2.4,37.56813447460876,0,-86
2.4,36.772100387834655,0,-86
2.4,36.07571449167507,0,-92
2.4,35.28002005548688,0,-92
2.4,34.583950385510065,0,-87
2.4,34.50761490039449,0,-85
2.4,39.64131928002484,0,-85
2.4,38.84246173057999,0,-85
2.4,34.449693002412005,0,-86
2.4,34.607495716528554,0,-85
2.4,34.423761478764376,0,-91
2.4,34.26269033400882,0,-95
2.4,33.474088306552645,0,-101
2.4,31.701822120723037,0,-90
2.4,34.12460319918023,0,-98
2.4,33.3327343992689,0,-102
2.4,34.00978003573122,0,-99
2.4,33.21517389852903,0,-102
2.4,32.225453303194726,0,-86
2.4,33.85082461674252,0,-79
2.4,33.05239728467761,0,-84
2.4,32.15425998485588,0,-78
2.4,31.256229844356533,0,-79
2.4,31.39398263634593,0,-79
2.4,30.52077349414214,0,-86
2.4,29.745928355178833,0,-88
2.4,28.97245058227099,0,-85
2.4,28.104063080837165,0,-81
2.4,27.333880088314885,0,-81
2.4,26.56545952384561,0,-80
2.4,25.703289840458545,0,-88
2.4,24.939160925206004,0,-87
2.4,24.177352764188733,0,-83
2.4,23.323375733233053,0,-82
2.4,31.212625772557107,0,-83
2.4,30.334196487252402,0,-84
2.4,29.554460163534344,0,-88
2.4,28.775836296946107,0,-87
2.4,27.901330138510975,0,-79
2.4,27.125391472361898,0,-77
2.4,26.35089185510779,0,-81
2.4,25.48146327174179,0,-83
2.4,24.71047570363283,0,-84
2.4,23.941391950564007,0,-80
2.4,23.078685349041677,0,-83
2.4,31.031993203708588,0,-95
2.4,30.14830129716359,0,-89
2.4,29.36362903551362,0,-88
2.4,28.57980666774989,0,-86
2.4,27.699112225403557,0,-81
2.4,26.917344911900273,0,-84
2.4,26.136681046699596,0,-81
2.4,25.259880542996356,0,-82
2.4,24.481915857978688,0,-84
2.4,23.705418011666676,0,-84
2.4,22.83379758203595,0,-82
2.4,30.876547682218877,0,-84
2.4,29.98827547028798,0,-87
2.4,29.199303154571655,0,-85
2.4,28.41094760375445,0,-84
2.4,27.524850819810464,0,-88
2.4,26.737988923692882,0,-80
2.4,25.95193038512214,0,-81
2.4,25.06866888416227,0,-81
2.4,24.2845794415812,0,-83
2.4,23.501562451998183,0,-85
2.4,22.62208890873499,0,-77
2.4,29.86808543459695,0,-84
2.4,29.07585194898139,0,-82
2.4,28.28405567788657,0,-85
2.4,27.393854684934855,0,-84
2.4,26.603118492575828,0,-83
2.4,25.812953193323935,0,-83
2.4,24.924767230011845,0,-81
2.4,24.136003407792575,0,-80
2.4,22.46251919178295,0,-84
2.4,30.652955048349945,0,-79
2.4,29.758009377404637,0,-75
2.4,28.962765080986394,0,-76
2.4,28.167790118628535,0,-76
2.4,27.27379454855241,0,-74
2.4,26.479473335158115,0,-79
2.4,25.685504611318272,0,-80
2.4,24.79275329703404,0,-78
2.4,23.999651144929057,0,-78
2.4,23.207022517095922,0,-84
2.4,22.315944143561058,0,-84
2.4,29.66002667134082,0,-81
2.4,28.86208275879188,0,-75
2.4,28.064255917555588,0,-76
2.4,27.16685350046254,0,-71
2.4,26.36931110488661,0,-74
2.4,25.571922242510414,0,-71
2.4,24.675061825384322,0,-78
2.4,23.878050906999114,0,-81
2.4,22.185117152214538,0,-78
5,17.658154809018164,1,-89
5,16.861585639848755,1,-89
5,11.893467292250973,1,-97
5,9.422065124100376,1,-88
5,8.634694565153483,1,-85
5,7.849878296138954,1,-83
5,6.971087302116766,1,-85
5,6.195054253550652,1,-86
5,4.573489383903562,1,-80
5,3.833985416688617,1,-80
5,3.1244332615825465,1,-81
5,2.395318792065796,1,-81
5,1.6071185945748765,1,-76
5,1.748799327129477,1,-83
5,2.200213198140329,1,-82
5,2.811330138559551,1,-84
5,3.4994594123486724,1,-84
5,4.319917254788088,1,-75
5,5.071915231834835,1,-77
5,11.812723059411416,1,-90
5,11.0146749888071,1,-90
5,10.216932227423014,1,-91
5,9.31993417623189,1,-90
5,8.52313393535486,1,-90
5,6.038589160635337,1,-90
5,5.246636835311257,1,-83
5,4.359204857675896,1,-86
5,3.5756546284404394,1,-87
5,2.8014184001305305,1,-84
5,1.955355201013385,1,-81
5,1.267301460913105,1,-84
5,0.8177359130763894,1,-81
5,1.0696545858710942,1,-80
5,1.7107892809394858,1,-84
5,2.4473330370997353,1,-83
5,3.2143549936468228,1,-80
5,4.092376685340977,1,-78
5,4.879568215060094,1,-78
5,8.486483762861832,1,-88
5,7.686549660804895,1,-88
5,6.786642365526568,1,-89
5,5.986748168101149,1,-89
5,5.186886605562609,1,-89
5,4.285852171703043,1,-89
5,3.4858525310738693,1,-79
5,2.68585310452684,1,-81
5,1.7858543637812851,1,-83
5,0.9858574132901036,1,-83
5,0.7141587915734329,1,-81
5,1.5141538264932024,1,-83
5,2.3141522942508295,1,-78
5,3.21415148219971,1,-79
5,4.014151066069756,1,-80
5,4.814150788242026,1,-83
5,43.818697724520916,0,-74
5,42.91938651917656,0,-70
5,42.020104808198845,0,-70
5,41.120854526645665,0,-73
5,43.79309151967071,0,-76
5,42.89324345115201,0,-70
5,41.99340189445641,0,-64
5,41.09356727735954,0,-72
5,43.78597331826226,0,-76
5,42.88597589349128,0,-69
5,41.98597857912395,0,-72
5,41.08598138241552,0,-70
5,40.321549028184144,0,-67
5,39.4223640202081,0,-66
5,38.623120329311824,0,-66
5,37.724009501669364,0,-69
5,36.82494211525092,0,-66
5,36.02581020355105,0,-70
5,35.12683404082729,0,-75
5,34.22791168975056,0,-65
5,33.4289182845043,0,-63
5,32.530109845827546,0,-69
5,31.631369168772096,0,-68
5,30.83255024356319,0,-68
5,29.93395435673992,0,-69
5,29.03544544760643,0,-69
5,28.13703184862378,0,-68
5,27.33852959252146,0,-68
5,26.440322789079406,0,-65
5,25.54224222930031,0,-66
5,24.744065493183495,0,-68
5,23.846262726903234,0,-66
5,22.948632093221477,0,-61
5,22.15089962012236,0,-63
5,21.253654342024976,0,-67
5,40.2937204860705,0,-66
5,39.39390028315447,0,-71
5,38.59406714185251,0,-71
5,37.69426332294292,0,-74
5,36.79446910024522,0,-70
5,35.99466065126331,0,-65
5,35.094886583505904,0,-68
5,34.195124407123934,0,-67
5,33.39534656579245,0,-68
5,32.4956095674312,0,-70
5,31.595887549940198,0,-67
5,30.79614828349754,0,-70
5,29.896458285367327,0,-70
5,28.996787527556375,0,-67
5,28.097137858290637,0,-66
5,27.29746865294457,0,-67
5,26.397864757741896,0,-63
5,25.498288818616277,0,-66
5,24.69869170033656,0,-64
5,23.79917730968477,0,-66
5,22.89970107943234,0,-64
5,22.100202455137303,0,-63
5,21.20081171718661,0,-66
5,40.28585077240003,0,-68
5,39.38585077620673,0,-66
5,38.58585077973954,0,-65
5,37.685850783893244,0,-60
5,36.78585078825019,0,-63
5,35.98585079230599,0,-66
5,35.08585079708983,0,-65
5,34.18585080212557,0,-63
5,33.385850806829716,0,-65
5,32.485850812398816,0,-63
5,31.585850818285273,0,-65
5,30.785850823806626,0,-66
5,29.885850830371474,0,-69
5,28.985850837343996,0,-65
5,28.08585084476337,0,-61
5,27.285850851769272,0,-63
5,26.385850860158712,0,-65
5,25.485850869140677,0,-65
5,24.685850877674454,0,-63
5,23.78585088796112,0,-65
5,22.885850899056848,0,-60
5,22.08585090967888,0,-59
5,21.185850922587548,0,-59
5,20.15735477580064,0,-59
5,19.360309671805236,0,-61
5,18.463939436039528,0,-64
5,17.56794035757396,0,-60
5,16.77185641000954,0,-58
5,15.87673254632446,0,-54
5,15.081554143330882,0,-55
5,14.187626450106476,0,-55
5,13.393706855029468,0,-56
5,12.501474002212843,0,-57
5,11.70937621134046,0,-58
5,10.819656194549164,0,-60
5,10.030333952513672,0,-59
5,9.144564949109867,0,-57
5,8.261872488608672,0,-58
5,7.4807202894327816,0,-57
5,6.60731753121276,0,-57
5,5.837746482074554,0,-51
5,4.983447892625549,0,-52
5,4.2399754632799995,0,-48
5,3.434073505147588,0,-48
5,2.766857399552605,0,-45
5,20.10163043473869,0,-62
5,19.30228445457986,0,-59
5,18.403088166801123,0,-67
5,17.503974491086183,0,-70
5,16.704842472028822,0,-64
5,15.80592391873497,0,-69
5,15.00699403463401,0,-67
5,14.108342881610184,0,-62
5,13.309694883647154,0,-63
5,12.411424044215211,0,-60
5,11.613185860737172,0,-58
5,10.71548201181664,0,-58
5,9.91787244202447,0,-60
5,9.021067713181663,0,-55
5,8.12496963658011,0,-55
5,7.3292407946561,0,-51
5,6.435311922167516,0,-49
5,5.642329179185996,0,-50
5,4.753035606413434,0,-50
5,3.9666089429809355,0,-47
5,3.090219315206694,0,-49
5,2.3263908628557872,0,-48
5,20.08585093993579,0,-59
5,19.285850953795684,0,-58
5,18.385850970829775,0,-59
5,17.485850989617358,0,-59
5,16.68585100801888,0,-57
5,15.78585103094999,0,-55
5,14.98585105364548,0,-56
5,14.085851082259365,0,-56
5,13.285851110948437,0,-56
5,12.38585114765352,0,-55
5,11.5858511850676,0,-53
5,10.685851233854631,0,-54
5,9.88585128467827,0,-59
5,8.985851352671888,0,-55
5,8.085851435801631,0,-53
5,7.285851526936144,0,-55
5,6.385851656756359,0,-49
5,5.585851807271679,0,-42
5,4.685852038033263,0,-47
5,3.8858523328920898,0,-48
5,2.985852853471365,0,-43
5,2.185853676092125,0,-51
5,0.9141567356078653,0,-44
5,1.212361617154991,0,-48
5,1.9269733037670178,0,-41
5,2.483685773798879,0,-45
5,1.981234362787711,0,-46
5,1.8141530935390735,0,-47
5,0.885858181751931,0,-47
5,1.1911686999204913,0,-54
5,1.9137106088304952,0,-47
5,1.6963953560094953,0,-43
5,0.7964620400310811,0,-44
5,0.014616008929771154,0,-47
5,4.614150848667155,0,-47
5,4.6823633143690655,0,-46
5,4.916089058431445,0,-52
5,5.7691767644933085,0,-54
5,5.571354872675888,0,-44
5,5.514150611272413,0,-40
5,2.7141518668522586,0,-49
5,2.8285612084293024,0,-46
5,3.2006505483278156,0,-39
5,4.083192711701119,0,-48
5,3.798559897936193,0,-52
5,3.7141512011111755,0,-50
5,34.423761478764376,0,-96
5,34.26269033400882,0,-94
5,33.474088306552645,0,-98
5,34.12460319918023,0,-91
5,33.3327343992689,0,-94
5,34.00978003573122,0,-92
5,33.21517389852903,0,-93
5,32.3215600802168,0,-88
5,31.428310723432215,0,-91
5,33.1216601589782,0,-88
5,32.225453303194726,0,-90
5,32.15425998485588,0,-90
5,31.256229844356533,0,-89
2.4,16.298173492873143,1,-91
2.4,16.07236295889283,1,-90
2.4,15.859105995010804,1,-89
2.4,15.658915506496133,1,-87
2.4,15.5085121253608,1,-86
2.4,15.333112541850737,1,-91
2.4,15.856907840761824,1,-92
2.4,15.624721378284196,1,-92
2.4,15.405268904748421,1,-90
2.4,15.199102009862491,1,-89
2.4,15.044102346404186,1,-87
2.4,14.863223314196734,1,-84
2.4,15.419228039595069,1,-91
2.4,15.180348652637468,1,-94
2.4,14.954376519742627,1,-91
2.4,14.74190520159545,1,-91
2.4,14.58204658049428,1,-92
2.4,14.395362946251211,1,-91
2.4,14.985448288378157,1,-89
2.4,14.73954043660294,1,-90
2.4,14.506703421551384,1,-89
2.4,14.287576282891651,1,-93
2.4,14.122575881981515,1,-93
2.4,13.929735870465144,1,-89
2.4,14.555917266537234,1,-88
2.4,14.302626309488556,1,-93
2.4,14.062557065749871,1,-90
2.4,13.665950995409977,1,-91
2.4,13.46657374715426,1,-89
2.4,14.131022416545019,1,-92
2.4,13.869974275949296,1,-92
2.4,13.622282418673187,1,-92
2.4,13.388688142334559,1,-92
2.4,13.212466979166607,1,-90
2.4,13.006139917522237,1,-87
2.4,13.711194754780445,1,-87
2.4,13.527196312199806,1,-94
2.4,13.273109354909627,1,-94
2.4,13.033258373330394,1,-92
2.4,12.852164694278734,1,-92
2.4,12.639957642629273,1,-94
2.4,15.111945237165752,1,-87
2.4,14.945881008003964,1,-91
2.4,14.802291355048059,1,-89
2.4,14.681835703141735,1,-85
2.4,14.599544222086001,1,-83
2.4,14.522918499632285,1,-82
2.4,14.470785465940628,1,-82
2.4,14.50938481489692,1,-85
2.4,14.367067884065932,1,-88
2.4,14.217633763734232,1,-89
2.4,14.092181523596427,1,-81
2.4,14.00642609563874,1,-76
2.4,13.926537338007133,1,-84
2.4,13.87216322284393,1,-77
2.4,13.938275653276003,1,-88
2.4,13.790065992057615,1,-87
2.4,13.634309308491607,1,-86
2.4,13.503438842529624,1,-86
2.4,13.398183863056017,1,-85
2.4,13.330480963073015,1,-88
2.4,13.273665392843416,1,-80
2.4,13.36969740370558,1,-84
2.4,13.215112581633543,1,-90
2.4,13.05249672666368,1,-88
2.4,12.915732308076183,1,-89
2.4,12.734794980163489,1,-79
2.4,12.67530959941863,1,-80
2.4,12.898057052644509,1,-88
2.4,12.737749707537441,1,-91
2.4,12.568959299249364,1,-93
2.4,12.426874430865709,1,-93
2.4,12.238711952383643,1,-86
2.4,12.176803378051856,1,-86
2.4,12.335037746728544,1,-88
2.4,12.167314744503628,1,-88
2.4,11.99049700163143,1,-89
2.4,11.841473244510127,1,-89
2.4,11.721303632905602,1,-92
2.4,11.643854633812785,1,-92
2.4,17.60644698913484,1,-82
2.4,16.809660403702658,1,-80
2.4,16.013194253315064,1,-78
2.4,15.117615913705453,1,-70
2.4,14.322011668090274,1,-72
2.4,13.526925945221535,1,-75
2.4,12.633196200780915,1,-65
2.4,11.839567287448428,1,-73
2.4,11.046857510650373,1,-73
2.4,10.15642563013831,1,-72
2.4,9.366466189931183,1,-67
2.4,8.578367921330813,1,-73
2.4,17.550620222651393,1,-76
2.4,16.751178391573937,1,-80
2.4,15.956119929000492,1,-73
2.4,15.057147269936777,1,-71
2.4,13.459312706143345,1,-71
2.4,12.560773035194511,1,-67
2.4,11.762258564929743,1,-66
2.4,10.963960682839787,1,-65
2.4,10.066198615901364,1,-65
2.4,9.268552307743,1,-67
2.4,8.47134990352551,1,-64
2.4,17.53965915273111,1,-82
2.4,16.739693859225078,1,-79
2.4,15.939732049415742,1,-78
2.4,15.039779869635368,1,-79
2.4,14.239827450979973,1,-79
2.4,13.439880696653388,1,-77
2.4,12.539948718403684,1,-75
2.4,11.740017937243017,1,-74
2.4,10.940097278972495,1,-74
2.4,10.040201651027692,1,-65
2.4,9.240311493661498,1,-77
2.4,8.440442157048786,1,-78
2.4,6.912743610190454,1,-66
2.4,6.135448763279059,1,-65
2.4,5.269122531004602,1,-60
2.4,4.510139637897472,1,-60
2.4,3.7681649194173463,1,-62
2.4,2.9696780262926388,1,-74
2.4,2.3230787516653275,1,-75
2.4,1.8039961732311225,1,-68
2.4,1.5408838090363381,1,-62
2.4,1.71814732183941,1,-59
2.4,2.1931113802398485,1,-57
2.4,2.903387374439609,1,-58
2.4,3.606572549200827,1,-61
2.4,4.343394163467384,1,-68
2.4,5.099292123994869,1,-66
2.4,5.963447064052297,1,-75
2.4,6.739466461994416,1,-66
2.4,7.541630717203049,1,-60
2.4,8.422358018665465,1,-67
2.4,9.208356091136572,1,-68
2.4,9.996575874156388,1,-70
2.4,10.885377803626454,1,-72
2.4,11.676864186684583,1,-72
2.4,13.362139995554173,1,-74
2.4,14.156429372104466,1,-69
2.4,14.951327696026715,1,-77
2.4,15.846202087373918,1,-71
2.4,16.642110079568848,1,-78
2.4,17.43839256373937,1,-80
2.4,18.334597239290492,1,-77
2.4,19.13152276306285,1,-73
2.4,19.928694652188977,1,-71
2.4,20.726084479389232,1,-80
2.4,21.623378518786026,1,-77
2.4,22.42115531977089,1,-78
2.4,23.219085106435273,1,-80
2.4,24.11692007491425,1,-78
2.4,24.9151267547728,1,-77
2.4,25.71344489781541,1,-79
2.4,26.611673551900246,1,-79
2.4,27.410196579731064,1,-83
2.4,28.208803304041353,1,-85
2.4,29.107327334642253,1,-91
2.4,29.906089879364128,1,-93
2.4,30.704916856738095,1,-83
2.4,31.603668139934594,1,-82
2.4,32.40261636358568,1,-84
2.4,33.20161523950761,1,-81
2.4,34.100545087024955,1,-87
2.4,34.8996401491307,1,-85
2.4,35.69877574715145,1,-87
2.4,36.49794921844244,1,-86
2.4,37.39706162082685,1,-84
2.4,38.19630774274542,1,-84
2.4,6.779483550719265,1,-68
2.4,5.984906392005366,1,-76
2.4,5.093036936935024,1,-69
2.4,4.30310731304462,1,-60
2.4,3.517732203305374,1,-63
2.4,2.644685345005997,1,-58
2.4,1.8899915028071115,1,-59
2.4,1.1957320716936053,1,-61
2.4,0.7414148010354803,1,-58
2.4,1.0617924532544412,1,-59
2.4,1.7277472385686745,1,-58
2.4,2.570025533005358,1,-69
2.4,3.344060188886124,1,-68
2.4,4.12800749193684,1,-75
2.4,5.016011022057714,1,-71
2.4,5.808448491636826,1,-73
2.4,6.602710139525412,1,-76
2.4,7.398208465107295,1,-74
2.4,8.2941792368566,1,-73
2.4,9.091265947033817,1,-71
2.4,9.888823177016071,1,-79
2.4,10.786507523114613,1,-70
2.4,11.584750832573038,1,-69
2.4,12.383220871784335,1,-85
2.4,13.281719763619211,1,-87
2.4,14.080546409351687,1,-73
2.4,14.879499134463504,1,-75
2.4,15.778447807449824,1,-76
2.4,16.577609071244613,1,-78
2.4,17.376847522655115,1,-81
2.4,18.280394659887477,1,-88
2.4,19.07958427817116,1,-84
2.4,19.87883908920311,1,-86
2.4,20.678151533466995,1,-87
2.4,21.577438948145378,1,-85
2.4,22.37685364092849,1,-81
2.4,23.176308726243022,1,-83
2.4,24.07573896880522,1,-83
2.4,24.875267118176634,1,-83
2.4,25.67482466361228,1,-87
2.4,26.574358735953556,1,-82
2.4,27.37397029175243,1,-86
2.4,28.17360390224045,1,-87
2.4,29.07321581043721,1,-83
2.4,29.872890467225456,1,-82
2.4,30.672582091722298,1,-87
2.4,31.57225384563733,1,-87
2.4,32.37197739094655,1,-86
2.4,33.171714268432794,1,-85
2.4,34.07143302279002,1,-85
2.4,34.87119521228172,1,-85
2.4,35.67096806703812,1,-85
2.4,37.3705176692291,1,-83
2.4,38.1703195974668,1,-84
2.4,6.740822786054961,1,-72
2.4,5.939232064443251,1,-72
2.4,5.039285488561712,1,-62
2.4,4.239352019097051,1,-62
2.4,3.439449497872565,1,-62
2.4,2.5396325656152796,1,-60
2.4,1.7399542738035514,1,-53
2.4,0.9408231404046357,1,-63
2.4,0.07119621786752821,1,-62
2.4,0.763397804576516,1,-62
2.4,1.5622046967749905,1,-63
2.4,2.4617888281783293,1,-61
2.4,3.2616118011095767,1,-64
2.4,4.061504505442637,1,-72
2.4,4.961425154897394,1,-65
2.4,5.761375432502405,1,-72
2.4,6.561337834682485,1,-76
2.4,7.361308408661425,1,-77
2.4,8.26128211643612,1,-75
2.4,9.0612631301569,1,-69
2.4,9.861247224389741,1,-72
2.4,10.761232157167333,1,-76
2.4,11.561220733428016,1,-81
2.4,12.361210788334587,1,-78
2.4,13.261201034354215,1,-82
2.4,14.061193412372608,1,-83
2.4,14.861186610992554,1,-82
2.4,15.76117978473256,1,-81
2.4,16.56117433980018,1,-78
2.4,17.36116939666938,1,-81
2.4,18.261164353341968,1,-81
2.4,19.061160270202883,1,-80
2.4,19.86115651599761,1,-79
2.4,20.761152638350126,1,-77
2.4,21.561149463316326,1,-81
2.4,22.361146515464256,1,-86
2.4,23.16114377125303,1,-85
2.4,24.06114090213868,1,-87
2.4,24.861138526205195,1,-88
2.4,25.661136298413563,1,-83
2.4,26.561133952556993,1,-84
2.4,27.36113199690885,1,-84
2.4,28.161130152372493,1,-86
2.4,29.06109513687501,1,-86
2.4,29.861094384852905,1,-84
2.4,30.661093672073857,1,-84
2.4,32.3610922744304,1,-82
2.4,33.161091666300614,1,-78
2.4,34.06109101630055,1,-77
2.4,35.661089941754405,1,-87
2.4,36.56108937865248,1,-87
2.4,37.36108890089271,1,-87
2.4,38.161088443164225,1,-82
2.4,10.58301869405287,0,-35
2.4,9.696401672712941,0,-37
2.4,8.81249829041164,0,-34
2.4,7.9322157584388675,0,-49
2.4,10.472706397927766,0,-33
2.4,9.575881161392669,0,-38
2.4,8.679713171357262,0,-42
2.4,7.784429423981605,0,-36
2.4,10.439103118358485,0,-50
2.4,9.53911917504125,0,-43
2.4,8.63913857717061,0,-48
2.4,7.739162491864042,0,-47
2.4,7.1538628827382125,0,-49
2.4,6.284717564452463,0,-55
2.4,5.520451265207482,0,-41
2.4,4.674965549760626,0,-41
2.4,3.8542474766634385,0,-36
2.4,3.161159742556532,0,-33
2.4,2.4602543847898906,0,-42
2.4,1.9320383944931525,0,-37
2.4,1.740827293096383,0,-40
2.4,1.94175188536205,0,-40
2.4,2.475948526166263,0,-44
2.4,3.0964541674015584,0,-39
2.4,3.87400943864832,0,-41
2.4,4.695515930188509,0,-46
2.4,5.541461050171868,0,-46
2.4,6.305989048290956,0,-54
2.4,7.175334040801394,0,-51
2.4,8.051418466146263,0,-66
2.4,8.83419756534767,0,-53
2.4,9.718177161562371,0,-51
2.4,10.604852100026207,0,-53
2.4,11.394761751349781,0,-57
2.4,12.284971147297894,0,-65
2.4,6.989638671887422,0,-38
2.4,6.097127970074269,0,-38
2.4,5.305909610053264,0,-40
2.4,4.419569833136857,0,-41
2.4,3.540129691111777,0,-39
2.4,2.7695172027782675,0,-44
2.4,1.9313586555589737,0,-39
2.4,1.187462410487322,0,-43
2.4,0.8412932205325104,0,-35
2.4,1.203201979233644,0,-47
2.4,1.9513112828940369,0,-38
2.4,2.695426316808375,0,-42
2.4,3.5616349825973117,0,-44
2.4,4.441302114152868,0,-49
2.4,5.327765496819149,0,-50
2.4,6.119051600999142,0,-52
2.4,7.011612739991274,0,-47
2.4,7.9058607333753175,0,-57
2.4,8.70174357483139,0,-59
2.4,9.597930087369733,0,-49
2.4,10.494769301035394,0,-53
2.4,11.29238194485772,0,-65
2.4,12.190070168315948,0,-61
2.4,6.939050493964453,0,-46
2.4,6.039068013999026,0,-36
2.4,5.2390886406225015,0,-37
2.4,4.339120936804771,0,-34
2.4,3.4391701359681703,0,-37
2.4,2.639242037163117,0,-37
2.4,1.7394019807527885,0,-41
2.4,0.839904738982058,0,-39
2.4,0.05610059855403701,0,-35
2.4,0.8620139193052023,0,-38
2.4,1.7615302202896579,0,-41
2.4,2.5613855671466803,0,-41
2.4,3.461302752361473,0,-46
2.4,4.3612541158963545,0,-48
2.4,5.261222118799086,0,-43
2.4,6.0612016539572675,0,-49
2.4,6.961184253404883,0,-57
2.4,7.861170837080815,0,-50
2.4,8.661161252185734,0,-53
2.4,9.561152386416676,0,-62
2.4,10.461145046131378,0,-61
2.4,11.261139506408433,0,-60
2.4,12.161134145412202,0,-52
2.4,13.374784620191383,0,-52
2.4,14.16836514715447,0,-61
2.4,15.061955107588764,0,-56
2.4,15.95626561520386,0,-56
2.4,16.75171990243183,0,-58
2.4,17.647097223323968,0,-58
2.4,18.443365954077958,0,-64
2.4,19.33953640695557,0,-59
2.4,20.13641913902652,0,-56
2.4,21.033195108268053,0,-61
2.4,21.83055207201744,0,-62
2.4,22.727800696261458,0,-65
2.4,23.525531488057315,0,-70
2.4,24.42315607196363,0,-65
2.4,25.320949295700032,0,-62
2.4,26.119115232756364,0,-69
2.4,27.017181593606747,0,-67
2.4,27.81556773766297,0,-68
2.4,28.713859533131988,0,-67
2.4,29.51242851062969,0,-65
2.4,30.410908524984023,0,-71
2.4,31.209630959393603,0,-64
2.4,13.28766940644719,0,-64
2.4,14.086158651727098,0,-62
2.4,14.984651690364508,0,-68
2.4,15.883315365548267,0,-64
2.4,16.682248478788924,0,-62
2.4,17.5811642113932,0,-61
2.4,18.38028950627728,0,-53
2.4,19.279392185815524,0,-59
2.4,20.078662066011226,0,-58
2.4,20.977907214042965,0,-63
2.4,21.777288591273013,0,-63
2.4,22.67664479387344,0,-64
2.4,23.47611395470087,0,-63
2.4,24.375558396353068,0,-66
2.4,25.275042390744606,0,-64
2.4,26.074613614788813,0,-70
2.4,26.974161634431717,0,-69
2.4,27.773784459216962,0,-70
2.4,28.673385288573087,0,-63
2.4,29.47305093154682,0,-64
2.4,30.37269582920605,0,-67
2.4,31.172397393207735,0,-69
2.4,13.261128581281337,0,-66
2.4,14.061125081438908,0,-60
2.4,14.961121591504698,0,-59
2.4,15.861118497625123,0,-60
2.4,16.66111602811467,0,-58
2.4,17.561113518858004,0,-60
2.4,18.361111494918024,0,-60
2.4,19.261109418949076,0,-58
2.4,20.061107730016364,0,-62
2.4,20.961105984065824,0,-67
2.4,21.761104553350087,0,-65
2.4,22.661103064541045,0,-66
2.4,23.461101837048172,0,-71
2.4,24.361100552484544,0,-69
2.4,25.26109935945348,0,-63
2.4,26.061098368157364,0,-63
2.4,26.961097323267317,0,-65
2.4,27.761096451352312,0,-67
2.4,28.66109552862911,0,-64
2.4,29.461094755758772,0,-63
2.4,30.361093934964114,0,-67
2.4,31.161093245172072,0,-68
2.4,34.26109087649369,0,-61
2.4,34.2713725294613,0,-67
2.4,34.30524275434573,0,-71
2.4,35.20411341241968,0,-74
2.4,35.171108822057796,0,-69
2.4,35.16109026704485,0,-65
2.4,32.46109219677495,0,-61
2.4,32.471943791730105,0,-70
2.4,32.50768892115763,0,-68
2.4,33.40643290916694,0,-65
2.4,33.37165045863325,0,-62
2.4,33.36109151882535,0,-70
2.4,37.96108855578768,0,-69
2.4,37.970368333031885,0,-67
2.4,38.00094178737661,0,-70
2.4,38.90001924739245,0,-72
2.4,38.8701529719916,0,-59
2.4,38.861088058111186,0,-63
2.4,36.061089688016835,0,-66
2.4,36.07085827219738,0,-66
2.4,36.10304034114614,0,-66
2.4,37.101909061498,0,-65
2.4,37.0705941498945,0,-68
2.4,37.06108907763554,0,-61
2.4,9.864069758762774,0,-81
2.4,9.378570227509728,0,-51
2.4,8.990721517520232,0,-55
2.4,8.642254757808908,0,-55
2.4,8.298570636288172,0,-52
2.4,8.051196712212024,0,-55
2.4,7.835781760955782,0,-53
2.4,7.710704876896579,0,-56
2.4,9.258252815730536,0,-53
2.4,8.739162002536398,0,-54
2.4,8.321565141236677,0,-52
2.4,7.943798857795607,0,-58
2.4,7.568464018525052,0,-54
2.4,7.296378656085345,0,-52
2.4,7.057963502283884,0,-59
2.4,6.918839692668185,0,-56
2.4,8.683928730374667,0,-57
2.4,8.12824246075498,0,-58
2.4,7.677487830930739,0,-50
2.4,7.266313596821911,0,-52
2.4,6.853978450064792,0,-55
2.4,6.552290781644385,0,-58
2.4,6.285715694637769,0,-58
2.4,6.1290876716755305,0,-56
2.4,8.147759887752626,0,-54
2.4,7.5527278843517385,0,-53
2.4,7.0653515403222285,0,-50
2.4,6.616244121977596,0,-50
2.4,6.160551402934375,0,-54
2.4,5.823047954590971,0,-57
2.4,5.521376167954841,0,-57
2.4,5.342386047575473,0,-55
2.4,7.657764960007253,0,-56
2.4,7.021329752212786,0,-57
2.4,6.494194744737632,0,-50
2.4,6.002504416978573,0,-49
2.4,5.496159257376088,0,-52
2.4,5.11500346781019,0,-54
2.4,4.768749079402676,0,-55
2.4,4.560313769421274,0,-53
2.4,6.600948633285377,0,-44
2.4,6.037219289750993,0,-44
2.4,5.504862454758602,0,-52
2.4,4.947849831230177,0,-58
2.4,4.520698159098203,0,-52
2.4,4.1248538340488485,0,-53
2.4,3.881998589069409,0,-51
2.4,6.897114508758186,0,-53
2.4,6.182871165851369,0,-51
2.4,5.577041307609767,0,-50
2.4,4.995886672058832,0,-48
2.4,4.374538941036948,0,-43
2.4,3.884853258479407,0,-44
2.4,3.416107748082847,0,-53
2.4,3.1185390874223557,0,-49
2.4,6.595874585008938,0,-46
2.4,5.844935315960343,0,-49
2.4,5.199881031430415,0,-49
2.4,4.571023587151924,0,-48
2.4,3.8822627346552463,0,-46
2.4,3.320761634649833,0,-46
2.4,2.75774638804148,0,-50
2.4,2.3792139529738026,0,-50
2.4,7.553156413236945,0,-56
2.4,7.549031667003125,0,-55
2.4,7.645116076903855,0,-49
2.4,7.8439607692320585,0,-45
2.4,6.654882900648746,0,-56
2.4,6.650201029137441,0,-53
2.4,6.759074969835627,0,-50
2.4,6.983195197599469,0,-51
2.4,5.757148690095791,0,-58
2.4,5.751736115858001,0,-58
2.4,5.877277351493895,0,-61
2.4,6.133702779422955,0,-46
2.4,4.860252633186507,0,-59
2.4,4.85384002259963,0,-59
2.4,5.001967981195779,0,-55
2.4,5.300905998489841,0,-49
2.4,3.9647635839884656,0,-58
2.4,3.9568999966532714,0,-58
2.4,4.137267008960441,0,-54
2.4,4.494096018483614,0,-47
2.4,3.071912253864968,0,-59
2.4,3.061756391687514,0,-52
2.4,3.291545673685412,0,-52
2.4,3.7301734064081997,0,-47
2.4,2.1849346704124644,0,-48
2.4,2.1706328156931614,0,-51
2.4,2.4842639836542797,0,-45
2.4,3.041625923811084,0,-40
2.4,8.064937348952004,0,-56
2.4,8.426335808786568,0,-61
2.4,8.812538934327177,0,-61
2.4,9.251948431310344,0,-60
2.4,9.80094232691652,0,-61
2.4,10.33035225934418,0,-58
2.4,10.892836412465348,0,-57
2.4,11.559143819013968,0,-58
2.4,12.176679068417727,0,-58
2.4,12.814414557124174,0,-66
2.4,13.552458860360131,0,-62
2.4,7.322471402249725,0,-60
2.4,7.718711560661073,0,-59
2.4,8.138563476638643,0,-57
2.4,8.612428389825372,0,-60
2.4,9.199665400969097,0,-53
2.4,9.761739127654533,0,-55
2.4,10.355156111955775,0,-57
2.4,11.053921422865866,0,-57
2.4,11.698157381805327,0,-59
2.4,12.36060651570464,0,-55
2.4,13.124195752730829,0,-61
2.4,6.503528431189469,0,-59
2.4,6.9466396750664705,0,-60
2.4,7.410365043761419,0,-58
2.4,7.927875969539051,0,-56
2.4,8.562192365761973,0,-56
2.4,9.16345161033255,0,-64
2.4,9.793189098628686,0,-56
2.4,10.529314955941702,0,-56
2.4,11.203757438824315,0,-57
2.4,11.893775180934131,0,-58
2.4,12.68549600033529,0,-54
2.4,5.709043411449457,0,-64
2.4,6.2091140586827915,0,-59
2.4,6.7238980286977785,0,-56
2.4,7.290302600504278,0,-55
2.4,7.975489497631935,0,-52
2.4,8.61778045864658,0,-53
2.4,9.2846027023252,0,-56
2.4,10.058020086475386,0,-56
2.4,10.762038625025273,0,-57
2.4,11.478640279803589,0,-59
2.4,12.297117686394943,0,-63
2.4,5.032747725453625,0,-60
2.4,5.593609781525386,0,-59
2.4,6.160046890614555,0,-54
2.4,6.7737644630710045,0,-57
2.4,7.506251109647311,0,-56
2.4,8.18544519422585,0,-55
2.4,8.884774636099028,0,-55
2.4,9.69015691587017,0,-61
2.4,10.41906177929568,0,-59
2.4,11.15771283316494,0,-55
2.4,11.998103032866966,0,-64
2.4,4.322712607447234,0,-58
2.4,4.964450121262283,0,-53
2.4,5.594950608637638,0,-51
2.4,6.264278060534051,0,-52
2.4,7.049900732606532,0,-55
2.4,7.769093103200635,0,-62
2.4,8.502735733444457,0,-56
2.4,9.341115333444456,0,-58
2.4,10.095253487620045,0,-65
2.4,10.85595920616406,0,-61
2.4,11.718010539584617,0,-62
2.4,3.573091400128047,0,-48
2.4,4.327459170643537,0,-50
2.4,5.03831422007207,0,-52
2.4,5.772548612768366,0,-62
2.4,6.616814808251162,0,-57
2.4,7.378343005938761,0,-53
2.4,8.147248174683215,0,-59
2.4,9.018734586392753,0,-61
2.4,9.797718144873857,0,-58
2.4,10.579838758364135,0,-58
2.4,11.462674595089135,0,-58
2.4,19.911345675368143,1,-87
2.4,19.617725096808886,1,-88
2.4,19.3449887398243,1,-83
2.4,19.09403154689686,1,-78
2.4,18.896919602400168,1,-76
2.4,18.480324532425925,1,-81
2.4,18.324733182061536,1,-83
2.4,18.194760167798606,1,-84
2.4,18.10416602081946,1,-80
2.4,19.28308016104458,1,-79
2.4,18.979742671259658,1,-82
2.4,18.697702619231013,1,-75
2.4,18.437937373989588,1,-87
2.4,18.233734240490758,1,-87
2.4,18.01783881942584,1,-82
2.4,17.80162601329027,1,-78
2.4,17.640049322125392,1,-77
2.4,17.50499332924695,1,-77
2.4,17.41081046943718,1,-77
2.4,17.573404856376424,1,-78
2.4,17.34929421089164,1,-86
2.4,17.124642554235177,1,-89
2.4,16.956616230259087,1,-91
2.4,16.816072233142005,1,-88
2.4,16.71800870606104,1,-86
2.4,18.1302497189224,1,-85
2.4,17.807285201300317,1,-86
2.4,17.506366202339446,1,-86
2.4,16.371930688230727,1,-73
2.4,16.226323238189075,1,-73
2.4,17.518032103057557,1,-84
2.4,17.18356482612728,1,-82
2.4,16.871524871916062,1,-80
2.4,16.58317831037362,1,-82
2.4,16.355834818783453,1,-83
2.4,16.11480015356358,1,-79
2.4,15.872685878059103,1,-79
2.4,15.69125897923747,1,-86
2.4,15.53927474895351,1,-87
2.4,15.433100449007235,1,-81
2.4,16.998668455020244,1,-80
2.4,16.6537737649358,1,-81
2.4,16.331614494091742,1,-83
2.4,16.033561156324293,1,-84
2.4,15.798310450781573,1,-84
2.4,14.95133238890131,1,-81
2.4,14.840952460980812,1,-83
2.4,16.39970192219876,1,-83
2.4,15.707231642682833,1,-76
2.4,15.397096390126958,1,-84
2.4,15.15196709977103,1,-86
2.4,14.629112459638536,1,-78
2.4,14.432060931367879,1,-82
2.4,14.26666864045979,1,-82
2.4,14.150949220542127,1,-79
2.4,15.809039092564706,1,-78
2.4,15.437589462095522,1,-88
2.4,15.089487061201462,1,-82
2.4,14.766383143482699,1,-79
2.4,13.963753981291022,1,-78
2.4,13.757175459373356,1,-77
2.4,13.583568308436048,1,-78
2.4,13.461978225195258,1,-78
2.4,14.565915702423636,1,-85
2.4,14.23092940113453,1,-81
2.4,13.965345730262401,1,-82
2.4,13.682263436132263,1,-82
2.4,13.3962571537712,1,-85
2.4,13.180787423364723,1,-80
2.4,12.999484930946046,1,-77
2.4,12.87237888719783,1,-75
2.4,14.737519852521105,1,-80
2.4,14.338338215198347,1,-81
2.4,13.335155614353651,1,-83
2.4,13.038398161928914,1,-83
2.4,12.511141074786067,1,-76
2.4,12.319987920576983,1,-80
2.4,12.185796326414037,1,-80
2.4,14.255797833983157,1,-92
2.4,13.842731784346704,1,-86
2.4,13.453426129552504,1,-80
2.4,13.090000992868173,1,-83
2.4,12.800767779276867,1,-83
2.4,12.491321271544354,1,-78
2.4,12.177375747802998,1,-77
2.4,11.73947966662526,1,-74
2.4,11.598573730799448,1,-73
2.4,14.456556987566165,1,-79
2.4,14.392483096409432,1,-78
2.4,14.353226098202256,1,-77
2.4,14.339056830770915,1,-75
2.4,13.794812436578342,1,-79
2.4,13.753849639503104,1,-76
2.4,13.739062241507725,1,-79
2.4,13.267200190493794,1,-75
2.4,13.197353167977345,1,-74
2.4,13.154530032882391,1,-79
2.4,13.139068146408574,1,-81
2.4,12.574342717927962,1,-76
2.4,12.500624965720357,1,-77
2.4,12.45540662841941,1,-77
2.4,12.439075755426439,1,-77
2.4,11.981125793006813,1,-72
2.4,11.903734918652056,1,-70
2.4,11.856240329852435,1,-71
2.4,11.839082993593001,1,-80
2.4,11.38861957165127,1,-71
2.4,11.307174071954561,1,-73
2.4,11.257162841460747,1,-77
2.4,11.239091004575426,1,-84
2.4,18.033090612955867,1,-85
2.4,17.981765397222823,1,-83
2.4,17.95035978877424,1,-84
2.4,17.938978407148117,1,-86
2.4,17.283500244280077,1,-81
2.4,17.250823471350945,1,-83
2.4,17.23898025364017,1,-88
2.4,16.641013936705175,1,-90
2.4,16.55132636174461,1,-84
2.4,16.5389822564348,1,-84
2.4,15.98712466540635,1,-84
2.4,15.951792526638728,1,-84
2.4,15.938984113129994,1,-84
2.4,15.252382722256764,1,-85
2.4,15.238986464062489,1,-79
2.4,17.947659347051623,1,-84
2.4,17.983101162140336,1,-85
2.4,18.045647086700345,1,-82
2.4,18.120621085476618,1,-85
2.4,18.232672867503094,1,-88
2.4,18.370732463985945,1,-82
2.4,18.534218694979046,1,-85
2.4,18.72246548944007,1,-87
2.4,18.902969178120074,1,-85
2.4,19.13519519416829,1,-86
2.4,19.389923839171846,1,-85
2.4,17.248013506809382,1,-87
2.4,17.28488997075314,1,-86
2.4,17.349953102847458,1,-87
2.4,17.42792019767962,1,-87
2.4,17.687829294648242,1,-85
2.4,17.857568606240328,1,-85
2.4,18.0528725663409,1,-82
2.4,18.24000377308697,1,-83
2.4,18.480562464713852,1,-83
2.4,16.548397621049244,1,-87
2.4,16.586829570304022,1,-89
2.4,16.654619976579337,1,-83
2.4,16.735826729204586,1,-80
2.4,16.857085978303672,1,-84
2.4,17.00631644565883,1,-89
2.4,17.182789366684606,1,-83
2.4,17.385675189356704,1,-83
2.4,18.102489725875376,1,-95
2.4,15.948753691254169,1,-95
2.4,15.988627072837026,1,-87
2.4,16.058942899338696,1,-85
2.4,16.143146434010436,1,-84
2.4,16.268823809970637,1,-86
2.4,16.423400364413915,1,-87
2.4,16.606069098368668,1,-87
2.4,16.815914553474585,1,-87
2.4,17.01665396061874,1,-90
2.4,17.274257245549087,1,-85
2.4,15.249204510319968,1,-85
2.4,15.290902182916694,1,-86
2.4,15.364411506383515,1,-85
2.4,15.452400159301249,1,-85
2.4,15.583649189234752,1,-87
2.4,15.744953903492398,1,-89
2.4,15.935401620074224,1,-90
2.4,16.153961624413615,1,-89
2.4,16.362823897747933,1,-90
2.4,16.630557936481704,1,-88
2.4,14.549698694159693,1,-86
2.4,14.59339519991136,1,-86
2.4,14.670399954696517,1,-85
2.4,14.76252568419248,1,-87
2.4,14.89985288338131,1,-89
2.4,15.06847926356107,1,-92
2.4,15.26736777202716,1,-92
2.4,15.495353176236325,1,-90
2.4,15.712972341412058,1,-90
2.4,16.295533208272367,1,-87
2.4,13.85024281318207,1,-86
2.4,13.896138936915722,1,-86
2.4,13.976985680898041,1,-83
2.4,14.073651213161138,1,-83
2.4,14.3942544513302,1,-88
2.4,14.840534490023144,1,-87
2.4,15.067614067769643,1,-84
2.4,15.357944037702875,1,-86
2.4,15.674179290641565,1,-86
2.4,13.250754939400505,1,-83
2.4,13.2987201577449,1,-83
2.4,13.383176349580623,1,-88
2.4,13.484099486048642,1,-84
2.4,13.634309308491607,1,-83
2.4,13.81838781079705,1,-83
2.4,14.035002424636348,1,-85
2.4,14.2826728741336,1,-84
2.4,14.518480436161179,1,-85
2.4,14.819572380644408,1,-83
2.4,15.14705175653408,1,-88
2.4,12.551414277176747,1,-85
2.4,12.602041569812405,1,-83
2.4,12.6911348230662,1,-83
2.4,12.797516667030626,1,-81
2.4,12.955689260432665,1,-79
2.4,13.149271294746866,1,-83
2.4,13.376725569167426,1,-83
2.4,13.636357223348954,1,-83
2.4,13.883146907976746,1,-81
2.4,14.197718811077644,1,-81
2.4,14.53921149197547,1,-82
2.4,11.852151460835522,1,-77
2.4,11.90575262721972,1,-78
2.4,12.000016541259969,1,-77
2.4,12.112469885873649,1,-81
2.4,12.279469781149333,1,-78
2.4,12.483542344868432,1,-78
2.4,12.722903789862082,1,-77
2.4,12.995604342086231,1,-77
2.4,13.254329932581792,1,-79
2.4,13.583472064670996,1,-84
2.4,13.940020254707699,1,-85
2.4,11.152981132587602,1,-83
2.4,11.209925937035386,1,-83
2.4,11.309990755247428,1,-80
2.4,11.429235347540335,1,-79
2.4,11.606070480547197,1,-78
2.4,11.821773275164462,1,-77
2.4,12.074260836148785,1,-76
2.4,12.36127930714778,1,-76
2.4,12.633002646045913,1,-79
2.4,12.977912282989385,1,-85
2.4,13.350642628537786,1,-83
2.4,10.453921849579919,1,-84
2.4,10.514653270892392,1,-82
2.4,10.621270393745359,1,-82
2.4,10.748158657311253,1,-83
2.4,10.936012339637264,1,-80
2.4,11.164668255826596,1,-78
2.4,11.431678294661102,1,-77
2.4,11.734424570578199,1,-77
2.4,12.020326524195276,1,-79
2.4,12.382314045372786,1,-84
2.4,9.85483447436179,1,-80
2.4,9.919234541386409,1,-77
2.4,10.032181480465596,1,-81
2.4,10.166424887967255,1,-80
2.4,10.364827368202697,1,-81
2.4,10.605804907813798,1,-82
2.4,10.886530627916818,1,-80
2.4,11.20401715825777,1,-80
2.4,11.503109589507423,1,-78
2.4,11.880866197301497,1,-78
2.4,12.286921215998127,1,-89
2.4,9.156050262549842,1,-79
2.4,9.225329684098162,1,-89
2.4,9.346665670187754,1,-80
2.4,9.49061056497154,1,-80
2.4,9.959848976559668,1,-81
2.4,10.258267056664119,1,-80
2.4,10.594597414522363,1,-84
2.4,10.910408980486801,1,-84
2.4,11.307982821504936,1,-83
2.4,11.733879446347414,1,-85
2.4,8.4574671328719,1,-74
2.4,8.532420622166496,1,-79
2.4,8.663466571963887,1,-85
2.4,8.818570337034163,1,-84
2.4,9.046581352045783,1,-82
2.4,9.321699712452986,1,-81
2.4,9.639892992098499,1,-82
2.4,9.997048978027133,1,-82
2.4,10.331143112683923,1,-83
2.4,10.75016136552006,1,-87
2.4,11.197295242811261,1,-86
2.4,7.858882285894961,1,-66
2.4,7.939488784142041,1,-71
2.4,8.080156775922166,1,-74
2.4,8.246239341006541,1,-76
2.4,8.489635718870844,1,-76
2.4,8.7822187406766,1,-76
2.4,9.119255308360158,1,-76
2.4,9.496013308174042,1,-77
2.4,9.847121330353437,1,-78
2.4,10.285876232225688,1,-79
2.4,10.752334687621516,1,-77
5,16.809660403702658,1,-90
5,16.013194253315064,1,-91
5,15.117615913705453,1,-90
5,14.322011668090274,1,-90
5,13.526925945221535,1,-86
5,12.633196200780915,1,-84
5,11.839567287448428,1,-88
5,11.046857510650373,1,-84
5,10.15642563013831,1,-82
5,9.366466189931183,1,-85
5,8.578367921330813,1,-86
5,17.550620222651393,1,-85
5,12.560773035194511,1,-90
5,11.762258564929743,1,-90
5,10.066198615901364,1,-88
5,9.268552307743,1,-88
5,12.539948718403684,1,-87
5,11.740017937243017,1,-87
5,10.940097278972495,1,-90
5,10.040201651027692,1,-85
5,9.240311493661498,1,-84
5,8.440442157048786,1,-86
5,6.912743610190454,1,-88
5,6.135448763279059,1,-88
5,5.269122531004602,1,-84
5,4.510139637897472,1,-83
5,3.7681649194173463,1,-83
5,2.9696780262926388,1,-88
5,2.3230787516653275,1,-83
5,1.8039961732311225,1,-84
5,1.5408838090363381,1,-81
5,1.71814732183941,1,-85
5,2.1931113802398485,1,-84
5,2.903387374439609,1,-81
5,3.606572549200827,1,-82
5,4.343394163467384,1,-87
5,5.099292123994869,1,-87
5,5.963447064052297,1,-84
5,6.739466461994416,1,-83
5,7.541630717203049,1,-86
5,8.422358018665465,1,-86
5,9.996575874156388,1,-92
5,10.885377803626454,1,-92
5,11.676864186684583,1,-88
5,12.469437218289787,1,-88
5,21.623378518786026,1,-98
5,6.779483550719265,1,-85
5,5.984906392005366,1,-85
5,5.093036936935024,1,-86
5,4.30310731304462,1,-88
5,3.517732203305374,1,-89
5,2.644685345005997,1,-86
5,1.8899915028071115,1,-86
5,1.1957320716936053,1,-83
5,0.7414148010354803,1,-84
5,1.0617924532544412,1,-84
5,1.7277472385686745,1,-82
5,2.570025533005358,1,-81
5,4.12800749193684,1,-86
5,5.016011022057714,1,-83
5,5.808448491636826,1,-85
5,6.602710139525412,1,-86
5,8.2941792368566,1,-88
5,9.091265947033817,1,-88
5,6.740822786054961,1,-86
5,5.939232064443251,1,-82
5,5.039285488561712,1,-80
5,4.239352019097051,1,-83
5,2.5396325656152796,1,-80
5,1.7399542738035514,1,-80
5,0.9408231404046357,1,-82
5,0.07119621786752821,1,-82
5,0.763397804576516,1,-80
5,1.5622046967749905,1,-81
5,2.4617888281783293,1,-85
5,3.2616118011095767,1,-88
5,4.061504505442637,1,-88
5,4.961425154897394,1,-87
5,5.761375432502405,1,-87
5,6.561337834682485,1,-87
5,7.361308408661425,1,-89
5,8.26128211643612,1,-89
5,9.0612631301569,1,-86
5,9.861247224389741,1,-86
5,12.361210788334587,1,-88
5,13.261201034354215,1,-88
5,10.58301869405287,0,-48
5,9.696401672712941,0,-49
5,8.81249829041164,0,-50
5,7.9322157584388675,0,-50
5,10.472706397927766,0,-53
5,9.575881161392669,0,-52
5,8.679713171357262,0,-52
5,7.784429423981605,0,-45
5,10.439103118358485,0,-53
5,9.53911917504125,0,-48
5,8.63913857717061,0,-49
5,7.739162491864042,0,-50
5,7.1538628827382125,0,-52
5,6.284717564452463,0,-48
5,5.520451265207482,0,-45
5,4.674965549760626,0,-41
5,3.8542474766634385,0,-45
5,3.161159742556532,0,-47
5,2.4602543847898906,0,-48
5,1.9320383944931525,0,-46
5,1.740827293096383,0,-47
5,1.94175188536205,0,-48
5,2.475948526166263,0,-47
5,3.0964541674015584,0,-46
5,3.87400943864832,0,-56
5,4.695515930188509,0,-56
5,5.541461050171868,0,-62
5,6.305989048290956,0,-52
5,7.175334040801394,0,-60
5,8.051418466146263,0,-60
5,8.83419756534767,0,-58
5,9.718177161562371,0,-63
5,10.604852100026207,0,-65
5,11.394761751349781,0,-63
5,12.284971147297894,0,-66
5,6.989638671887422,0,-48
5,6.097127970074269,0,-43
5,5.305909610053264,0,-44
5,4.419569833136857,0,-48
5,3.540129691111777,0,-40
5,2.7695172027782675,0,-44
5,1.9313586555589737,0,-49
5,1.187462410487322,0,-46
5,0.8412932205325104,0,-45
5,1.203201979233644,0,-46
5,1.9513112828940369,0,-43
5,2.695426316808375,0,-43
5,3.5616349825973117,0,-49
5,4.441302114152868,0,-55
5,5.327765496819149,0,-53
5,6.119051600999142,0,-60
5,7.011612739991274,0,-58
5,7.9058607333753175,0,-60
5,8.70174357483139,0,-66
5,9.597930087369733,0,-59
5,10.494769301035394,0,-63
5,11.29238194485772,0,-61
5,12.190070168315948,0,-66
5,6.939050493964453,0,-48
5,6.039068013999026,0,-41
5,5.2390886406225015,0,-39
5,4.339120936804771,0,-41
5,3.4391701359681703,0,-38
5,2.639242037163117,0,-41
5,1.7394019807527885,0,-50
5,0.839904738982058,0,-46
5,0.05610059855403701,0,-43
5,0.8620139193052023,0,-47
5,1.7615302202896579,0,-46
5,2.5613855671466803,0,-48
5,3.461302752361473,0,-54
5,4.3612541158963545,0,-56
5,5.261222118799086,0,-58
5,6.0612016539572675,0,-61
5,6.961184253404883,0,-61
5,7.861170837080815,0,-62
5,8.661161252185734,0,-62
5,9.561152386416676,0,-64
5,10.461145046131378,0,-67
5,11.261139506408433,0,-64
5,12.161134145412202,0,-56
5,13.374784620191383,0,-62
5,14.16836514715447,0,-68
5,15.061955107588764,0,-66
5,15.95626561520386,0,-61
5,16.75171990243183,0,-64
5,17.647097223323968,0,-62
5,18.443365954077958,0,-65
5,19.33953640695557,0,-64
5,20.13641913902652,0,-65
5,21.033195108268053,0,-65
5,21.83055207201744,0,-61
5,22.727800696261458,0,-64
5,23.525531488057315,0,-68
5,24.42315607196363,0,-70
5,25.320949295700032,0,-67
5,26.119115232756364,0,-67
5,27.017181593606747,0,-65
5,27.81556773766297,0,-65
5,28.713859533131988,0,-69
5,29.51242851062969,0,-74
5,30.410908524984023,0,-70
5,31.209630959393603,0,-70
5,13.28766940644719,0,-69
5,14.086158651727098,0,-62
5,14.984651690364508,0,-69
5,15.883315365548267,0,-67
5,16.682248478788924,0,-67
5,17.5811642113932,0,-67
5,18.38028950627728,0,-69
5,19.279392185815524,0,-64
5,20.078662066011226,0,-69
5,20.977907214042965,0,-72
5,21.777288591273013,0,-69
5,22.67664479387344,0,-66
5,23.47611395470087,0,-68
5,24.375558396353068,0,-67
5,25.275042390744606,0,-65
5,26.074613614788813,0,-65
5,26.974161634431717,0,-68
5,27.773784459216962,0,-73
5,28.673385288573087,0,-72
5,29.47305093154682,0,-73
5,30.37269582920605,0,-67
5,31.172397393207735,0,-70
5,13.261128581281337,0,-65
5,14.061125081438908,0,-68
5,14.961121591504698,0,-72
5,15.861118497625123,0,-76
5,16.66111602811467,0,-70
5,17.561113518858004,0,-69
5,18.361111494918024,0,-69
5,19.261109418949076,0,-70
5,20.061107730016364,0,-66
5,20.961105984065824,0,-70
5,21.761104553350087,0,-71
5,22.661103064541045,0,-70
5,23.461101837048172,0,-74
5,24.361100552484544,0,-71
5,25.26109935945348,0,-67
5,26.061098368157364,0,-67
5,26.961097323267317,0,-69
5,27.761096451352312,0,-68
5,28.66109552862911,0,-71
5,29.461094755758772,0,-71
5,30.361093934964114,0,-67
5,31.161093245172072,0,-68
5,34.26109087649369,0,-67
5,34.2713725294613,0,-66
5,34.30524275434573,0,-66
5,35.20411341241968,0,-69
5,35.171108822057796,0,-70
5,35.16109026704485,0,-71
5,32.46109219677495,0,-75
5,32.471943791730105,0,-75
5,32.50768892115763,0,-65
5,33.40643290916694,0,-71
5,33.37165045863325,0,-69
5,33.36109151882535,0,-67
5,37.96108855578768,0,-70
5,37.970368333031885,0,-65
5,38.00094178737661,0,-70
5,38.90001924739245,0,-73
5,38.8701529719916,0,-70
5,38.861088058111186,0,-70
5,36.061089688016835,0,-68
5,36.07085827219738,0,-72
5,36.10304034114614,0,-71
5,37.101909061498,0,-68
5,37.0705941498945,0,-74
5,37.06108907763554,0,-68
5,9.864069758762774,0,-66
5,9.378570227509728,0,-69
5,8.990721517520232,0,-68
5,8.642254757808908,0,-65
5,8.298570636288172,0,-67
5,8.051196712212024,0,-66
5,7.835781760955782,0,-65
5,7.710704876896579,0,-67
5,9.258252815730536,0,-67
5,8.739162002536398,0,-66
5,8.321565141236677,0,-67
5,7.943798857795607,0,-63
5,7.568464018525052,0,-65
5,7.296378656085345,0,-64
5,7.057963502283884,0,-66
5,6.918839692668185,0,-61
5,8.683928730374667,0,-65
5,8.12824246075498,0,-63
5,7.677487830930739,0,-64
5,7.266313596821911,0,-62
5,6.853978450064792,0,-62
5,6.552290781644385,0,-62
5,6.285715694637769,0,-62
5,6.1290876716755305,0,-59
5,8.147759887752626,0,-69
5,7.5527278843517385,0,-70
5,7.0653515403222285,0,-64
5,6.616244121977596,0,-61
5,6.160551402934375,0,-61
5,5.823047954590971,0,-61
5,5.521376167954841,0,-61
5,5.342386047575473,0,-58
5,7.657764960007253,0,-70
5,7.021329752212786,0,-66
5,6.494194744737632,0,-65
5,6.002504416978573,0,-62
5,5.496159257376088,0,-62
5,5.11500346781019,0,-62
5,4.768749079402676,0,-62
5,4.560313769421274,0,-59
5,7.274257044721371,0,-66
5,6.600948633285377,0,-66
5,6.037219289750993,0,-64
5,5.504862454758602,0,-66
5,4.947849831230177,0,-67
5,4.520698159098203,0,-65
5,4.1248538340488485,0,-65
5,3.881998589069409,0,-61
5,6.897114508758186,0,-64
5,6.182871165851369,0,-67
5,5.577041307609767,0,-66
5,4.995886672058832,0,-64
5,4.374538941036948,0,-67
5,3.884853258479407,0,-66
5,3.416107748082847,0,-68
5,3.1185390874223557,0,-63
5,6.595874585008938,0,-55
5,5.844935315960343,0,-62
5,5.199881031430415,0,-64
5,4.571023587151924,0,-65
5,3.8822627346552463,0,-65
5,3.320761634649833,0,-66
5,2.75774638804148,0,-66
5,2.3792139529738026,0,-66
5,7.553156413236945,0,-67
5,7.549031667003125,0,-66
5,7.645116076903855,0,-70
5,7.8439607692320585,0,-67
5,6.654882900648746,0,-60
5,6.650201029137441,0,-63
5,6.759074969835627,0,-67
5,6.983195197599469,0,-65
5,5.757148690095791,0,-57
5,5.751736115858001,0,-62
5,5.877277351493895,0,-63
5,6.133702779422955,0,-64
5,4.860252633186507,0,-56
5,4.85384002259963,0,-61
5,5.001967981195779,0,-64
5,5.300905998489841,0,-66
5,3.9647635839884656,0,-58
5,3.9568999966532714,0,-61
5,4.137267008960441,0,-64
5,4.494096018483614,0,-61
5,3.071912253864968,0,-59
5,3.061756391687514,0,-61
5,3.291545673685412,0,-61
5,3.7301734064081997,0,-57
5,2.1849346704124644,0,-64
5,2.1706328156931614,0,-61
5,2.4842639836542797,0,-56
5,3.041625923811084,0,-55
5,8.064937348952004,0,-69
5,8.426335808786568,0,-75
5,8.812538934327177,0,-73
5,9.251948431310344,0,-73
5,9.80094232691652,0,-72
5,10.33035225934418,0,-73
5,10.892836412465348,0,-75
5,11.559143819013968,0,-69
5,12.176679068417727,0,-65
5,12.814414557124174,0,-68
5,13.552458860360131,0,-71
5,7.322471402249725,0,-71
5,7.718711560661073,0,-69
5,8.138563476638643,0,-71
5,8.612428389825372,0,-71
5,9.199665400969097,0,-74
5,9.761739127654533,0,-71
5,10.355156111955775,0,-72
5,11.053921422865866,0,-70
5,11.698157381805327,0,-67
5,12.36060651570464,0,-66
5,13.124195752730829,0,-61
5,6.503528431189469,0,-69
5,6.9466396750664705,0,-70
5,7.410365043761419,0,-70
5,7.927875969539051,0,-70
5,8.562192365761973,0,-74
5,9.16345161033255,0,-71
5,9.793189098628686,0,-71
5,10.529314955941702,0,-69
5,11.203757438824315,0,-67
5,11.893775180934131,0,-65
5,12.68549600033529,0,-64
5,5.709043411449457,0,-66
5,6.2091140586827915,0,-69
5,6.7238980286977785,0,-69
5,7.290302600504278,0,-69
5,7.975489497631935,0,-69
5,8.61778045864658,0,-72
5,9.2846027023252,0,-71
5,10.058020086475386,0,-70
5,10.762038625025273,0,-68
5,11.478640279803589,0,-66
5,12.297117686394943,0,-64
5,5.032747725453625,0,-70
5,5.593609781525386,0,-70
5,6.160046890614555,0,-69
5,6.7737644630710045,0,-70
5,7.506251109647311,0,-75
5,8.18544519422585,0,-70
5,8.884774636099028,0,-68
5,9.69015691587017,0,-75
5,10.41906177929568,0,-75
5,11.15771283316494,0,-68
5,11.998103032866966,0,-63
5,4.322712607447234,0,-71
5,4.964450121262283,0,-76
5,5.594950608637638,0,-67
5,6.264278060534051,0,-66
5,7.049900732606532,0,-71
5,7.769093103200635,0,-75
5,8.502735733444457,0,-73
5,9.341115333444456,0,-73
5,10.095253487620045,0,-70
5,10.85595920616406,0,-69
5,11.718010539584617,0,-69
5,3.573091400128047,0,-67
5,4.327459170643537,0,-70
5,5.03831422007207,0,-71
5,5.772548612768366,0,-69
5,6.616814808251162,0,-68
5,7.378343005938761,0,-69
5,8.147248174683215,0,-69
5,9.018734586392753,0,-75
5,9.797718144873857,0,-72
5,10.579838758364135,0,-77
5,11.462674595089135,0,-73
2.4,8.982613631456557,1,-88
2.4,8.566732409627003,1,-86
2.4,8.160297831836663,1,-81
2.4,7.764793444155656,1,-84
2.4,7.457430016520589,1,-82
2.4,7.086241526890455,1,-87
2.4,8.721710020431141,1,-86
2.4,8.292754802031316,1,-86
2.4,7.872187671336219,1,-87
2.4,7.4614271596566875,1,-88
2.4,7.141018168283993,1,-80
2.4,6.752458589720234,1,-86
2.4,8.482281751330166,1,-83
2.4,8.04056342771284,1,-87
2.4,7.60606447259013,1,-88
2.4,7.18009563218501,1,-85
2.4,6.846533320463859,1,-84
2.4,6.440230976785411,1,-86
2.4,8.266195118517864,1,-85
2.4,7.812268445434595,1,-85
2.4,7.364312241455923,1,-85
2.4,6.923485488955838,1,-86
2.4,6.576921509086274,1,-85
2.4,6.152841056195599,1,-82
2.4,8.075324127604313,1,-85
2.4,7.610020781311498,1,-88
2.4,7.1494036687067375,1,-85
2.4,6.694440181541834,1,-88
2.4,6.335359071524003,1,-82
2.4,5.893923234252884,1,-80
2.4,7.9114940304804735,1,-84
2.4,7.435946094509606,1,-87
2.4,6.963824441108288,1,-88
2.4,6.495876182063638,1,-87
2.4,6.125165515608642,1,-87
2.4,5.667381151795402,1,-89
2.4,7.77641407223072,1,-89
2.4,7.318332921042914,1,-86
2.4,6.838095734145948,1,-85
2.4,6.360904793774979,1,-87
2.4,5.981835422039721,1,-86
2.4,5.512160333525651,1,-88
2.4,6.59522540281991,1,-84
2.4,6.206356897999859,1,-83
2.4,5.85326693195346,1,-77
2.4,5.542797272862256,1,-78
2.4,5.322044544549938,1,-72
2.4,5.109405637207047,1,-77
2.4,4.960634414757103,1,-83
2.4,6.093797096505403,1,-81
2.4,5.747688194352768,1,-81
2.4,5.364493210998744,1,-80
2.4,5.023908363236834,1,-84
2.4,4.779248033773253,1,-80
2.4,4.541264097107202,1,-73
2.4,4.373207910793208,1,-80
2.4,5.689588446234882,1,-81
2.4,5.317233605330309,1,-79
2.4,4.900493959286492,1,-79
2.4,4.525119763757948,1,-79
2.4,4.202210930891282,1,-79
2.4,3.9824782778851002,1,-80
2.4,3.7897230855533586,1,-74
2.4,5.322449654217615,1,-75
2.4,4.9224005168013,1,-82
2.4,4.4689925798948416,1,-84
2.4,4.053857731902359,1,-81
2.4,3.689936360136029,1,-80
2.4,3.4376135425580383,1,-76
2.4,3.2123285478493355,1,-75
2.4,5.050678008954938,1,-81
2.4,4.62719189965853,1,-81
2.4,4.141590601159771,1,-80
2.4,3.6898022357525257,1,-81
2.4,3.2858040675478093,1,-81
2.4,2.99967746540161,1,-75
2.4,2.738600505328885,1,-78
2.4,4.773510446651686,1,-79
2.4,4.322957148806506,1,-87
2.4,3.798661124892127,1,-86
2.4,3.3002566829136346,1,-85
2.4,2.841401415580963,1,-82
2.4,2.5050186687108735,1,-81
2.4,2.1856317992606606,1,-85
2.4,8.118758073193478,1,-76
2.4,7.335096284070167,1,-82
2.4,6.555382699897516,1,-77
2.4,5.684947035227619,1,-74
2.4,4.920165407674722,1,-70
2.4,4.168624771362211,1,-65
2.4,3.3500765566837862,1,-76
2.4,2.6669116560504906,1,-69
2.4,2.069256539608767,1,-62
2.4,1.620926610905408,1,-60
2.4,1.5864450584489118,1,-58
2.4,1.9199512413112612,1,-61
2.4,7.995713283004848,1,-73
2.4,7.198669026254497,1,-77
2.4,6.413310525798391,1,-75
2.4,5.520519210322893,1,-71
2.4,4.729221626978351,1,-74
2.4,3.9414390826975163,1,-73
2.4,2.2956322308633768,1,-69
2.4,1.5618361581531022,1,-59
2.4,0.8859529536843843,1,-61
2.4,0.8211683637828264,1,-60
2.4,1.3578373714158283,1,-63
2.4,7.970504404504208,1,-79
2.4,7.17065863835092,1,-79
2.4,6.370851603458704,1,-75
2.4,5.471136134709133,1,-77
2.4,4.671481076709577,1,-73
2.4,3.8719685297780178,1,-70
2.4,2.9728304268523282,1,-75
2.4,2.1741953896452526,1,-76
2.4,1.3771457576779407,1,-60
2.4,0.49204764923530714,1,-63
2.4,0.3626509818733038,1,-64
2.4,1.1405790547740884,1,-64
2.4,3.2281880468423725,1,-77
2.4,3.948493752218896,1,-75
2.4,4.789173557362406,1,-71
2.4,5.552079629118712,1,-71
2.4,7.200039826614731,1,-72
2.4,7.983105808541809,1,-70
2.4,8.769229338768012,1,-82
2.4,9.656343181926442,1,-79
2.4,10.446739610647574,1,-75
2.4,11.238495154521742,1,-75
2.4,12.130513335775872,1,-78
2.4,12.924347512929698,1,-82
2.4,13.71889804177098,1,-83
2.4,14.514047275864968,1,-86
2.4,15.409190399799435,1,-78
2.4,16.20532485397336,1,-79
2.4,17.011239513144453,1,-80
2.4,18.703936886931867,1,-86
2.4,19.500939975187507,1,-80
2.4,20.397848915194317,1,-86
2.4,21.19532130477454,1,-88
2.4,26.98147198250613,1,-93
2.4,27.879838787087543,1,-93
2.4,34.470465630299515,1,-93
2.4,35.26956769816148,1,-93
2.4,37.76700670899793,1,-92
2.4,38.66616578106398,1,-92
2.4,39.46545047322098,1,-92
2.4,41.16402271827939,1,-91
2.4,41.96339084483709,1,-91
2.4,42.76278260405996,1,-92
2.4,43.662124965389864,1,-92
2.4,2.9289430899177207,1,-62
2.4,3.707844720253594,1,-69
2.4,4.592787053711513,1,-75
2.4,5.383595245398354,1,-80
2.4,6.176771212519649,1,-73
2.4,7.070932262653849,1,-74
2.4,7.866860104805141,1,-79
2.4,8.663538119850946,1,-80
2.4,9.56046406851352,1,-76
2.4,10.358179282618826,1,-76
2.4,12.054329651525093,1,-80
2.4,12.852870037200752,1,-84
2.4,13.651581338391113,1,-85
2.4,14.550300804104912,1,-81
2.4,15.349288528641054,1,-80
2.4,16.148376487467942,1,-82
2.4,16.94755050225675,1,-87
2.4,17.8467097381498,1,-89
2.4,18.6460304977576,1,-84
2.4,19.445407122733172,1,-88
2.4,20.344764403159598,1,-91
2.4,21.144239013632188,1,-91
2.4,21.943751919649955,1,-92
2.4,22.843244707404615,1,-92
2.4,26.94136278282409,1,-92
2.4,27.843902750013186,1,-91
2.4,28.64353897823604,1,-91
2.4,29.44319497003107,1,-91
2.4,35.24116790308455,1,-95
2.4,36.14091166012037,1,-95
2.4,36.94069436908516,1,-94
2.4,37.74048628880788,1,-96
2.4,38.64026249609238,1,-96
2.4,40.23988935693033,1,-93
2.4,41.13969221942749,1,-93
2.4,2.834767340885786,1,-74
2.4,3.6312011824895154,1,-71
2.4,4.53113699626715,1,-71
2.4,5.331098134950863,1,-78
2.4,6.131069414874721,1,-77
2.4,7.031044916741742,1,-77
2.4,7.831027867832905,1,-71
2.4,8.631013979383376,1,-71
2.4,9.53100114172372,1,-79
2.4,10.33099160821819,1,-81
2.4,11.130983445078439,1,-83
2.4,12.030975559190447,1,-84
2.4,12.830969478234046,1,-85
2.4,13.630964111056462,1,-87
2.4,14.53095877938331,1,-84
2.4,15.330954565638523,1,-82
2.4,16.130950769846404,1,-92
2.4,16.9309473327615,1,-92
2.4,17.83094383469287,1,-85
2.4,18.630941009017963,1,-85
2.4,20.330935742810038,1,-86
2.4,21.130933557791675,1,-86
2.4,22.830929423056123,1,-95
2.4,23.63092768314662,1,-95
2.4,25.33092435073913,1,-93
2.4,26.130922932579406,1,-93
2.4,28.630919011633267,1,-94
2.4,29.430917897616425,1,-94
2.4,30.330916714591183,1,-94
2.4,31.130915720437816,1,-94
2.4,36.13091050440883,1,-94
2.4,36.93090980091252,1,-93
2.4,37.73090912724833,1,-93
2.4,44.43090794092844,1,-92
2.4,45.230907411865985,1,-92
2.4,1.9553320090519755,0,-40
2.4,1.7518286779393915,0,-42
2.4,1.9835534195172357,0,-45
2.4,2.5337846434348275,0,-42
2.4,1.2167668300044772,0,-35
2.4,0.852116171555725,0,-42
2.4,1.2616189682524708,0,-34
2.4,2.019223333928683,0,-44
2.4,0.8704710055912541,0,-32
2.4,0.057447565681154465,0,-44
2.4,0.9321376904890893,0,-41
2.4,1.8315188028677103,0,-43
2.4,3.1606121977936237,0,-63
2.4,3.9414527672001185,0,-51
2.4,4.671665095188776,0,-50
2.4,5.51634255760398,0,-54
2.4,6.376175629957228,0,-56
2.4,7.148777553511938,0,-62
2.4,8.024375424967587,0,-64
2.4,8.904840336134694,0,-61
2.4,9.69048947461309,0,-57
2.4,10.576916691967215,0,-67
2.4,11.465458872633159,0,-61
2.4,12.256677853544902,0,-62
2.4,13.148069533464053,0,-75
2.4,14.04055956534615,0,-72
2.4,14.933951029759708,0,-66
2.4,15.728709362334746,0,-69
2.4,16.623413568097988,0,-65
2.4,17.518660311429407,0,-65
2.4,18.31482634241416,0,-64
2.4,19.21089389914002,0,-69
2.4,20.107312720879506,0,-68
2.4,20.904387809758475,0,-69
2.4,21.80135340184197,0,-71
2.4,2.7652608769911295,0,-49
2.4,3.6321134576229004,0,-42
2.4,4.4138025572720245,0,-49
2.4,5.299738999781851,0,-54
2.4,6.18973455949739,0,-56
2.4,6.982994970825344,0,-55
2.4,7.877042542337807,0,-56
2.4,8.772307545054913,0,-66
2.4,9.56884447101963,0,-65
2.4,10.465580010768184,0,-64
2.4,11.36283175150536,0,-75
2.4,13.058672624343624,0,-67
2.4,13.956880423683838,0,-66
2.4,14.855305167253784,0,-68
2.4,15.654056868996374,0,-65
2.4,16.552796649176845,0,-67
2.4,17.451666320447103,0,-67
2.4,18.250755113303217,0,-71
2.4,19.14982095626461,0,-73
2.4,20.048970624653496,0,-73
2.4,20.848276378486414,0,-69
2.4,21.74755637778604,0,-69
2.4,2.6313831488436943,0,-52
2.4,3.5312544127046674,0,-49
2.4,4.331184892472483,0,-57
2.4,5.2311320977403675,0,-62
2.4,6.13109480233646,0,-64
2.4,6.931069781842688,0,-61
2.4,7.831047744203867,0,-61
2.4,8.731030249817495,0,-67
2.4,9.531017472902029,0,-67
2.4,10.431005441470703,0,-64
2.4,11.33099532129544,0,-63
2.4,12.130987586208914,0,-65
2.4,13.030980019475987,0,-68
2.4,13.930973430425096,0,-69
2.4,14.830967641069067,0,-66
2.4,15.630963054654481,0,-72
2.4,16.53095842554814,0,-73
2.4,17.430954274463247,0,-72
2.4,18.23095092868072,0,-69
2.4,19.13094749914891,0,-68
2.4,20.030944377797557,0,-70
2.4,20.830941829690644,0,-72
2.4,21.73093918732421,0,-70
2.4,22.897968071744224,0,-67
2.4,23.695703126519657,0,-69
2.4,24.593330947868388,0,-69
2.4,25.49112605521005,0,-68
2.4,26.28929273312891,0,-79
2.4,27.18735906371511,0,-78
2.4,27.985744544408814,0,-77
2.4,28.884035004758868,0,-74
2.4,29.682602362354807,0,-83
2.4,30.581080155104047,0,-75
2.4,31.379800322794193,0,-73
2.4,32.27843628104778,0,-71
2.4,33.077286067559974,0,-73
2.4,33.97605677600662,0,-75
2.4,34.87489088868456,0,-82
2.4,35.6739038982726,0,-79
2.4,36.57284511484465,0,-76
2.4,37.37194676010272,0,-81
2.4,38.27098097895035,0,-84
2.4,39.07015984017361,0,-80
2.4,39.969275329782285,0,-85
2.4,40.7685218671646,0,-80
2.4,22.84675338133613,0,-73
2.4,23.64621629168458,0,-76
2.4,24.545653899710167,0,-73
2.4,25.445131279197295,0,-77
2.4,26.244696810234263,0,-75
2.4,27.144238635709566,0,-74
2.4,27.943856139729238,0,-72
2.4,28.84345118755922,0,-71
2.4,29.643111868605278,0,-73
2.4,30.542751377468836,0,-80
2.4,31.342448317759263,0,-75
2.4,32.24212534872101,0,-73
2.4,33.04185303290621,0,-73
2.4,33.941562019144044,0,-74
2.4,34.84128603755363,0,-70
2.4,35.64105241987342,0,-73
2.4,36.54080182545796,0,-72
2.4,37.34058921459232,0,-72
2.4,38.24036065917992,0,-70
2.4,39.040166344288174,0,-73
2.4,39.939957043553754,0,-73
2.4,40.739778760892335,0,-76
2.4,22.8309362406756,0,-76
2.4,23.63093426996339,0,-74
2.4,24.530932206554194,0,-78
2.4,25.43093028919283,0,-79
2.4,26.230928695326842,0,-78
2.4,27.13092701458151,0,-77
2.4,27.930925611516784,0,-79
2.4,28.830924126141227,0,-73
2.4,29.630922881558174,0,-71
2.4,30.53092155936462,0,-75
2.4,31.330920447851693,0,-70
2.4,32.23091926335392,0,-71
2.4,33.03091826465583,0,-76
2.4,33.930917197411596,0,-72
2.4,34.830916185320625,0,-72
2.4,35.63091532860706,0,-71
2.4,36.53091440965573,0,-77
2.4,37.33091363000816,0,-77
2.4,38.23091279190645,0,-79
2.4,39.03091207937488,0,-78
2.4,39.930911311903714,0,-79
2.4,40.73091065818017,0,-78
2.4,43.83090835039934,0,-76
2.4,43.83914936746499,0,-82
2.4,43.865861658126924,0,-80
2.4,44.765158320519284,0,-80
2.4,44.738982975858235,0,-81
2.4,44.73090774031233,0,-78
2.4,42.030909648955394,0,-77
2.4,42.03950352181209,0,-85
2.4,42.06735858248619,0,-81
2.4,42.966594449161335,0,-82
2.4,42.93932273350009,0,-74
2.4,42.93090898606596,0,-73
2.4,47.53090599001569,0,-75
2.4,47.53850559991878,0,-75
2.4,47.56314031285711,0,-78
2.4,48.46254117224725,0,-76
2.4,48.43836387745498,0,-74
2.4,48.43090547040119,0,-74
2.4,45.6309071542914,0,-74
2.4,45.63882314614785,0,-77
2.4,45.66448269620915,0,-78
2.4,46.638652791673564,0,-78
2.4,46.63090652968781,0,-74
2.4,8.345122270701292,0,-64
2.4,8.695428141183756,0,-63
2.4,9.04896125521234,0,-67
2.4,9.441235567349107,0,-64
2.4,9.931079190285086,0,-67
2.4,10.391321529216446,0,-70
2.4,10.948468749971061,0,-64
2.4,11.459589748718608,0,-72
2.4,7.61830527552916,0,-62
2.4,8.000498741746737,0,-59
2.4,8.383388894506496,0,-61
2.4,8.805364194420271,0,-64
2.4,9.328657108175552,0,-65
2.4,9.817182522585487,0,-64
2.4,10.405117852638366,0,-65
2.4,10.941650093433683,0,-63
2.4,6.907683029016044,0,-62
2.4,7.3270382607771305,0,-61
2.4,7.743301551323936,0,-60
2.4,8.198289343184918,0,-57
2.4,8.757930862944459,0,-57
2.4,9.276560905850767,0,-60
2.4,9.896665452842916,0,-63
2.4,10.45931242125113,0,-61
2.4,6.218809724340907,0,-59
2.4,6.681541680861739,0,-61
2.4,7.135560838009612,0,-61
2.4,7.626890435346514,0,-57
2.4,8.22550074818037,0,-56
2.4,8.775653354489313,0,-59
2.4,9.42875901928219,0,-63
2.4,10.017720593205768,0,-61
2.4,5.559775530159276,0,-62
2.4,6.072932470503319,0,-78
2.4,6.569150480171485,0,-65
2.4,7.099786424321578,0,-59
2.4,7.739274650541655,0,-59
2.4,8.32163453633722,0,-63
2.4,9.007719256387604,0,-67
2.4,9.622485928373175,0,-64
2.4,5.016864041329359,0,-78
2.4,6.116498908245054,0,-58
2.4,6.683172011433392,0,-59
2.4,7.3589532530070025,0,-52
2.4,7.9691544231358735,0,-69
2.4,8.68313463360564,0,-72
2.4,9.319337761083963,0,-69
2.4,4.450442041795889,0,-49
2.4,5.076991157459313,0,-64
2.4,5.6611896676196745,0,-58
2.4,6.269154463929524,0,-55
2.4,6.985105764277529,0,-55
2.4,8.368652019502457,0,-73
2.4,9.02704635323018,0,-66
2.4,3.965342850950618,0,-64
2.4,4.6576119171868395,0,-44
2.4,5.288343598043207,0,-51
2.4,5.934627810638869,0,-55
2.4,6.686494754080345,0,-56
2.4,7.352716595666372,0,-59
2.4,8.121074201220143,0,-62
2.4,8.79801542517215,0,-65
2.4,11.84900584597136,0,-68
2.4,12.475910563297537,0,-66
2.4,13.203557279560188,0,-68
2.4,13.951326291283365,0,-68
2.4,11.29673128789206,0,-65
2.4,11.952637476154583,0,-60
2.4,12.710276278964308,0,-67
2.4,13.485425597244989,0,-73
2.4,10.791354689927267,0,-68
2.4,11.476181459411961,0,-70
2.4,12.263291619323851,0,-71
2.4,13.06498763075596,0,-70
2.4,10.339755040463539,0,-74
2.4,11.052598750625428,0,-75
2.4,11.867835505834858,0,-73
2.4,12.694530319975692,0,-64
2.4,9.94925788939894,0,-79
2.4,10.688177459010618,0,-79
2.4,11.529211501509131,0,-68
2.4,12.378541848608746,0,-66
2.4,9.627301325020577,0,-75
2.4,11.252551537296167,0,-66
2.4,12.121282793117812,0,-70
2.4,9.3809449980116,0,-67
2.4,10.161276194516834,0,-65
2.4,11.042513950748818,0,-62
2.4,11.926554188184863,0,-66
2.4,14.544852509589022,0,-74
2.4,15.321172114982778,0,-78
2.4,16.022100980285373,0,-80
2.4,16.731919336047405,0,-81
2.4,17.539746438281966,0,-75
2.4,18.265051600385927,0,-79
2.4,18.996355303328478,0,-73
2.4,19.82541538685946,0,-74
2.4,20.567364928620766,0,-75
2.4,21.313514608168102,0,-72
2.4,22.157425062579428,0,-72
2.4,14.14603280371917,0,-78
2.4,14.943086178401254,0,-79
2.4,15.660945992521084,0,-75
2.4,16.386416149548925,0,-76
2.4,17.210468171360873,0,-80
2.4,17.949084085907035,0,-83
2.4,18.69275325810772,0,-77
2.4,19.534702578225364,0,-75
2.4,20.287286897593287,0,-69
2.4,21.043369846837646,0,-74
2.4,21.89769382747927,0,-72
2.4,13.739266441003128,0,-72
2.4,14.558606485103667,0,-76
2.4,15.294522798493523,0,-76
2.4,16.0365779541389,0,-77
2.4,16.87771942326337,0,-75
2.4,17.6302812733075,0,-81
2.4,18.38684917601362,0,-76
2.4,19.242188105116856,0,-74
2.4,20.005779362930006,0,-73
2.4,20.772111418047317,0,-75
2.4,21.637148453874406,0,-82
2.4,13.380756353429751,0,-76
2.4,14.220767245162213,0,-75
2.4,14.973297094715447,0,-75
2.4,15.730512729474194,0,-75
2.4,16.587182135111963,0,-80
2.4,17.3523490060831,0,-77
2.4,18.120524850965236,0,-73
2.4,18.987864580454445,0,-72
2.4,19.76128553943827,0,-72
2.4,20.536742950544706,0,-74
2.4,21.411291214403104,0,-78
2.4,13.105805970944767,0,-73
2.4,13.962368373570412,0,-71
2.4,14.728106987824841,0,-76
2.4,15.497307517448005,0,-75
2.4,16.366188338815434,0,-74
2.4,17.14122298983109,0,-65
2.4,17.918452233177103,0,-73
2.4,18.79511933678202,0,-71
2.4,19.576156817143985,0,-71
2.4,20.35866696458657,0,-73
2.4,21.240548510482878,0,-73
2.4,12.849099127994435,0,-82
2.4,13.721695553110598,0,-85
2.4,14.500149437084804,0,-80
2.4,15.28082911832098,0,-71
2.4,16.161352635053607,0,-74
2.4,16.945758284600007,0,-73
2.4,17.73155742414144,0,-74
2.4,18.61702739797235,0,-76
2.4,19.40523419035155,0,-77
2.4,20.194368492922088,0,-71
2.4,21.08312356552397,0,-79
2.4,12.615701488365737,0,-80
2.4,13.503388630072871,0,-75
2.4,14.293736717188997,0,-72
2.4,15.085102392289304,0,-77
2.4,15.97641682722006,0,-76
2.4,16.769475229792253,0,-76
2.4,17.563163277956264,0,-80
2.4,18.456713813119045,0,-71
2.4,19.251485387494515,0,-76
2.4,20.04667290276495,0,-74
2.4,20.941697040155994,0,-72
2.4,12.037094038813702,1,-72
2.4,11.54423898586087,1,-67
2.4,11.073719999444435,1,-71
2.4,10.628503915863297,1,-67
2.4,10.269529086485516,1,-65
2.4,9.880336457914664,1,-59
2.4,9.479375405573856,1,-60
2.4,9.171498184224005,1,-72
2.4,8.908097429117507,1,-75
2.4,8.720798815206123,1,-69
2.4,11.56135208957361,1,-70
2.4,11.04729301695731,1,-64
2.4,10.554643710989936,1,-68
2.4,10.086541762634265,1,-67
2.4,9.707546389176606,1,-65
2.4,9.29485221837558,1,-61
2.4,8.537541108719063,1,-71
2.4,8.253934155691677,1,-65
2.4,8.051432246199695,1,-65
2.4,11.109369531117947,1,-65
2.4,10.57335860747934,1,-65
2.4,9.565121743564422,1,-67
2.4,9.16458870532985,1,-68
2.4,8.726253892781548,1,-67
2.4,8.269523357454526,1,-61
2.4,7.914722826663714,1,-65
2.4,7.607933903914871,1,-71
2.4,7.387745965786044,1,-73
2.4,10.743144093471127,1,-73
2.4,10.187883287342332,1,-78
2.4,9.65146552291075,1,-67
2.4,9.137210055775267,1,-68
2.4,8.717037327671095,1,-70
2.4,8.254971873691447,1,-72
2.4,7.770590080144347,1,-68
2.4,7.391880075938963,1,-63
2.4,7.062415445192186,1,-62
2.4,6.824649741132488,1,-81
2.4,10.343518465828119,1,-77
2.4,9.765561689752051,1,-72
2.4,9.204564953314122,1,-75
2.4,8.663823454064861,1,-72
2.4,8.21948715017275,1,-66
2.4,7.727728636234623,1,-78
2.4,7.208002457926985,1,-81
2.4,6.798023263928062,1,-68
2.4,6.438240532966509,1,-74
2.4,6.176493611182923,1,-67
2.4,10.027234308974686,1,-71
2.4,9.429912446598044,1,-65
2.4,8.847658990599172,1,-68
2.4,8.283652001222414,1,-64
2.4,7.817737693604633,1,-69
2.4,7.298961810383198,1,-60
2.4,6.74628438976843,1,-60
2.4,6.306359800317366,1,-59
2.4,5.916755427976097,1,-59
2.4,5.630819386477887,1,-59
2.4,9.692195681419292,1,-64
2.4,9.072842883592134,1,-63
2.4,8.466067496410249,1,-69
2.4,7.874777439216923,1,-70
2.4,7.383105842790718,1,-63
2.4,6.8314034245736135,1,-60
2.4,6.237433952153476,1,-62
2.4,5.758767504501516,1,-65
2.4,5.329279879526721,1,-67
2.4,5.009925768210437,1,-65
2.4,9.397440415707168,1,-74
2.4,8.757265967765976,1,-75
2.4,8.126963030161871,1,-68
2.4,7.509017842370836,1,-65
2.4,6.991672269614341,1,-63
2.4,6.406348569124211,1,-62
2.4,5.768779034364261,1,-68
2.4,5.247535841778152,1,-67
2.4,4.772258718277129,1,-67
2.4,4.412775254057549,1,-60
2.4,9.179811544956587,1,-60
2.4,8.523306920693628,1,-67
2.4,7.874298808641285,1,-63
2.4,7.234804944930811,1,-67
2.4,6.696307546689138,1,-70
2.4,6.082627361861943,1,-64
2.4,5.40701999085193,1,-62
2.4,4.847028578923183,1,-66
2.4,4.32799109383601,1,-62
2.4,3.928057926886315,1,-63
2.4,8.970070748927345,1,-68
2.4,8.296986808726865,1,-66
2.4,7.628748977887088,1,-65
2.4,6.966751885279039,1,-71
2.4,6.405760220277499,1,-63
2.4,5.761213835912993,1,-64
2.4,5.04272688347447,1,-70
2.4,4.436993946890373,1,-61
2.4,3.8632546056618566,1,-57
2.4,3.4092328047257405,1,-58
2.4,8.830584514906912,1,-65
2.4,8.145983288611596,1,-68
2.4,7.464239050416663,1,-67
2.4,6.7862128956576955,1,-71
2.4,6.208930474231564,1,-69
2.4,5.541537557146668,1,-67
2.4,4.790213779725065,1,-67
2.4,4.147766738727429,1,-60
2.4,3.527292131695262,1,-60
2.4,3.0232303833763474,1,-65
2.4,5.115934513738588,1,-71
2.4,4.930610318967854,1,-60
2.4,4.81342396700757,1,-58
2.4,4.769368003162326,1,-62
2.4,4.561780308499463,1,-61
2.4,4.3529268029297326,1,-63
2.4,4.219727943874424,1,-57
2.4,4.169403408611401,1,-59
2.4,4.020807532967129,1,-54
2.4,3.7821984857772613,1,-57
2.4,3.628106607373386,1,-61
2.4,3.5694507165517946,1,-56
2.4,3.414692146740162,1,-54
2.4,3.130216386395601,1,-58
2.4,2.9421738212264326,1,-59
2.4,2.869530912490027,1,-65
2.4,2.9286816302153245,1,-55
2.4,2.59139118232105,1,-55
2.4,2.360813509886349,1,-55
2.4,2.269639022375056,1,-60
2.4,2.492835679565033,1,-66
2.4,2.086231505361536,1,-47
2.4,1.7917851608420223,1,-45
2.4,1.6698248189673581,1,-56
2.4,8.571491360548125,1,-67
2.4,8.462186260807648,1,-71
2.4,8.3944462879485,1,-66
2.4,8.369280772557635,1,-69
2.4,7.889467243343803,1,-70
2.4,7.770574338647399,1,-71
2.4,7.69674981541534,1,-75
2.4,7.669295266825151,1,-67
2.4,7.210889170112003,1,-66
2.4,7.080611187764031,1,-66
2.4,6.999513337435666,1,-65
2.4,6.969312672680885,1,-66
2.4,6.632795508516023,1,-61
2.4,6.490925082485618,1,-60
2.4,6.4023621105879,1,-65
2.4,6.369330637024753,1,-68
2.4,5.963824737333757,1,-70
2.4,5.805629825116708,1,-62
2.4,5.706441083103835,1,-66
2.4,5.669356401178697,1,-70
2.4,8.387072958938269,1,-63
2.4,8.461726400799026,1,-74
2.4,8.592940971832922,1,-67
2.4,8.748529402937132,1,-63
2.4,8.977448834578857,1,-68
2.4,9.253778063088985,1,-73
2.4,9.573412625826418,1,-76
2.4,9.93217247976284,1,-72
2.4,10.26772527565911,1,-73
2.4,10.688498641055004,1,-75
2.4,11.137406523210883,1,-73
2.4,7.688707437430382,1,-70
2.4,7.770073546744778,1,-67
2.4,7.912765874537719,1,-71
2.4,8.081460013753658,1,-69
2.4,8.328734406698596,1,-71
2.4,8.625870256429241,1,-74
2.4,8.967912719478061,1,-78
2.4,9.34993472745142,1,-76
2.4,9.705638133386834,1,-71
2.4,10.149740510952899,1,-72
2.4,10.621443089481959,1,-70
2.4,6.990668873451308,1,-67
2.4,7.080061593070125,1,-71
2.4,7.236372919155865,1,-72
2.4,7.420459904462996,1,-66
2.4,7.689021137776167,1,-72
2.4,8.009923028381381,1,-76
2.4,8.377152725360814,1,-69
2.4,8.784902312914229,1,-72
2.4,9.162567370344208,1,-73
2.4,9.631742401015618,1,-76
2.4,10.12760003865416,1,-80
2.4,6.392691524889399,1,-76
2.4,6.490325553916263,1,-71
2.4,6.660491472800198,1,-69
2.4,6.860049477073379,1,-68
2.4,7.149692279484514,1,-69
2.4,7.493725412286344,1,-71
2.4,7.885032746804027,1,-71
2.4,8.316944287513145,1,-70
2.4,8.714912188326865,1,-70
2.4,9.206927571870754,1,-70
2.4,9.724470997288208,1,-73
2.4,5.695589010123226,1,-71
2.4,5.804959520587735,1,-70
2.4,5.9946122392601735,1,-68
2.4,6.215585898991218,1,-67
2.4,6.533860186074095,1,-68
2.4,6.9086286479003824,1,-70
2.4,7.331232546987962,1,-70
2.4,7.793894502842674,1,-69
2.4,8.217233335502398,1,-69
2.4,8.737319071289408,1,-66
2.4,9.28108643516174,1,-65
2.4,4.999296291687481,1,-69
2.4,5.1235519198604695,1,-69
2.4,5.3374717927996205,1,-67
2.4,5.584508689901217,1,-66
2.4,5.936712741156332,1,-67
2.4,6.34684008262644,1,-69
2.4,6.804425023310884,1,-70
2.4,7.300549346541326,1,-70
2.4,7.750880784139025,1,-70
2.4,8.300239381690226,1,-70
2.4,8.870839568878866,1,-68
2.4,4.304206390488715,1,-72
2.4,4.447922381893552,1,-64
2.4,4.69274273520031,1,-66
2.4,4.9719177937115875,1,-67
2.4,5.364493210998744,1,-66
2.4,5.815118938962237,1,-68
2.4,6.311372999411699,1,-74
2.4,6.843336174785561,1,-70
2.4,7.321842812419513,1,-68
2.4,7.901088724549613,1,-75
2.4,8.498530690456478,1,-73
2.4,3.70988494243092,1,-59
2.4,3.8757021492242383,1,-65
2.4,4.154381784685547,1,-67
2.4,4.4673280808082225,1,-65
2.4,4.900493959286492,1,-66
2.4,5.390052124834144,1,-69
2.4,5.9220336685850405,1,-72
2.4,6.486008297503207,1,-77
2.4,6.989022521349539,1,-71
2.4,7.593698484095666,1,-69
2.4,8.213530150354503,1,-71
2.4,3.019350182724653,1,-67
2.4,3.2209154582734865,1,-67
2.4,3.5513542843217984,1,-63
2.4,3.912831381675091,1,-65
2.4,4.400916982271663,1,-62
2.4,4.940231892155751,1,-63
2.4,5.515769394354565,1,-63
2.4,6.117314188034172,1,-69
2.4,6.64828286430224,1,-69
2.4,7.281310727279844,1,-70
2.4,7.9256108137244645,1,-73
2.4,2.3344602729031614,1,-60
2.4,2.589889115230382,1,-63
2.4,2.990877211223239,1,-69
2.4,3.4122541905996844,1,-65
2.4,3.962486533061132,1,-64
2.4,4.554022440449377,1,-64
2.4,5.172711208983372,1,-65
2.4,5.809884862453634,1,-66
2.4,6.366544925123713,1,-67
2.4,7.025006416156802,1,-71
2.4,7.690808540749788,1,-69
2.4,1.662207569952329,1,-65
2.4,2.0051820039668558,1,-62
2.4,2.501714558549441,1,-58
2.4,2.9927759523741218,1,-71
2.4,3.6075654899855323,1,-64
2.4,4.248805670769166,1,-65
2.4,4.906136004167226,1,-65
2.4,5.573866822486129,1,-65
2.4,6.15192031185891,1,-64
2.4,6.831101257256253,1,-68
2.4,7.514104421041379,1,-62
2.4,1.027698032230553,1,-63
2.4,1.5211785263000064,1,-60
2.4,2.133495950852016,1,-66
2.4,2.6925707309098783,1,-65
2.4,3.3627009983610314,1,-65
2.4,4.042966592466966,1,-67
2.4,4.728995636626204,1,-67
2.4,5.4185995049141,1,-65
2.4,6.011601514014876,1,-63
2.4,6.705011083266879,1,-64
2.4,7.399661782146352,1,-69
2.4,0.6109147891500997,1,-60
2.4,1.2771208803508067,1,-60
2.4,1.9669414344239406,1,-65
2.4,2.56261405114081,1,-64
2.4,3.259572309142725,1,-67
2.4,3.9576043892682993,1,-71
2.4,4.656227374751091,1,-66
2.4,5.355210007908849,1,-66
2.4,5.954528226270971,1,-57
2.4,6.653888131076705,1,-57
2.4,7.35336984819267,1,-69
2.4,0.6974568943282683,1,-58
2.4,1.3207070011443651,1,-66
2.4,1.9955169371111414,1,-62
2.4,2.584612159483128,1,-57
2.4,3.276895005698803,1,-62
2.4,3.971883903363671,1,-66
2.4,4.668370444301218,1,-66
2.4,5.964028473884194,1,-67
2.4,6.6623911999166765,1,-61
2.4,7.361064961277872,1,-64
2.4,1.256851367222773,1,-54
2.4,1.6844869315953337,1,-56
2.4,2.2528464408701168,1,-56
2.4,2.788090610936409,1,-66
2.4,3.4396613377217067,1,-67
2.4,4.107199895505836,1,-66
2.4,4.78402673958548,1,-66
2.4,5.4666930322174245,1,-63
2.4,6.054986777619349,1,-61
2.4,6.743936961491476,1,-60
2.4,1.8156896743225477,1,-47
2.4,2.134139137185584,1,-51
2.4,2.606217703932831,1,-53
2.4,3.080665981398101,1,-55
2.4,3.680804769662369,1,-57
2.4,4.311165111172955,1,-58
2.4,4.960238449834911,1,-59
2.4,5.621546614824634,1,-59
2.4,6.195152823885535,1,-62
2.4,6.870061089591755,1,-69
2.4,7.549540399133466,1,-80
5,5.322044544549938,1,-88
5,6.093797096505403,1,-88
5,5.747688194352768,1,-89
5,5.364493210998744,1,-89
5,4.373207910793208,1,-89
5,5.689588446234882,1,-90
5,5.317233605330309,1,-90
5,4.900493959286492,1,-88
5,4.525119763757948,1,-88
5,4.202210930891282,1,-87
5,3.9824782778851002,1,-87
5,3.7897230855533586,1,-89
5,4.053857731902359,1,-87
5,3.689936360136029,1,-88
5,3.4376135425580383,1,-84
5,3.2123285478493355,1,-87
5,5.050678008954938,1,-88
5,3.6898022357525257,1,-91
5,3.2858040675478093,1,-91
5,2.99967746540161,1,-88
5,2.738600505328885,1,-87
5,4.773510446651686,1,-86
5,3.3002566829136346,1,-89
5,2.841401415580963,1,-89
5,3.3500765566837862,1,-83
5,2.6669116560504906,1,-82
5,2.069256539608767,1,-76
5,1.620926610905408,1,-74
5,1.5864450584489118,1,-78
5,1.9199512413112612,1,-78
5,7.995713283004848,1,-78
5,4.729221626978351,1,-90
5,3.9414390826975163,1,-88
5,3.0627638651784905,1,-87
5,2.2956322308633768,1,-75
5,1.5618361581531022,1,-71
5,0.8859529536843843,1,-70
5,0.8211683637828264,1,-72
5,1.3578373714158283,1,-72
5,2.9728304268523282,1,-81
5,2.1741953896452526,1,-81
5,0.3626509818733038,1,-71
5,1.1405790547740884,1,-74
5,3.2281880468423725,1,-75
5,3.948493752218896,1,-86
5,4.789173557362406,1,-86
5,5.552079629118712,1,-85
5,6.324159474081173,1,-85
5,7.200039826614731,1,-87
5,7.983105808541809,1,-86
5,8.769229338768012,1,-86
5,31.174656466139698,1,-98
5,2.9289430899177207,1,-77
5,3.707844720253594,1,-77
5,5.383595245398354,1,-87
5,6.176771212519649,1,-87
5,2.834767340885786,1,-82
5,3.6312011824895154,1,-82
5,4.53113699626715,1,-89
5,5.331098134950863,1,-88
5,1.9553320090519755,0,-47
5,1.7518286779393915,0,-47
5,1.9835534195172357,0,-45
5,2.5337846434348275,0,-42
5,1.2167668300044772,0,-45
5,0.852116171555725,0,-47
5,1.2616189682524708,0,-50
5,2.019223333928683,0,-51
5,0.8704710055912541,0,-41
5,0.057447565681154465,0,-49
5,0.9321376904890893,0,-55
5,1.8315188028677103,0,-47
5,3.1606121977936237,0,-56
5,3.9414527672001185,0,-62
5,4.671665095188776,0,-60
5,5.51634255760398,0,-67
5,6.376175629957228,0,-67
5,7.148777553511938,0,-63
5,8.024375424967587,0,-68
5,8.904840336134694,0,-69
5,9.69048947461309,0,-75
5,10.576916691967215,0,-77
5,11.465458872633159,0,-76
5,12.256677853544902,0,-76
5,13.148069533464053,0,-78
5,14.04055956534615,0,-76
5,14.933951029759708,0,-78
5,15.728709362334746,0,-74
5,16.623413568097988,0,-72
5,17.518660311429407,0,-78
5,18.31482634241416,0,-81
5,19.21089389914002,0,-79
5,20.107312720879506,0,-81
5,20.904387809758475,0,-78
5,21.80135340184197,0,-79
5,2.7652608769911295,0,-58
5,3.6321134576229004,0,-58
5,4.4138025572720245,0,-63
5,5.299738999781851,0,-68
5,6.18973455949739,0,-69
5,6.982994970825344,0,-72
5,7.877042542337807,0,-72
5,8.772307545054913,0,-73
5,9.56884447101963,0,-73
5,10.465580010768184,0,-78
5,11.36283175150536,0,-78
5,12.16072984070257,0,-82
5,13.058672624343624,0,-78
5,13.956880423683838,0,-81
5,14.855305167253784,0,-83
5,15.654056868996374,0,-80
5,16.552796649176845,0,-76
5,17.451666320447103,0,-83
5,18.250755113303217,0,-83
5,19.14982095626461,0,-86
5,20.048970624653496,0,-82
5,20.848276378486414,0,-80
5,21.74755637778604,0,-83
5,2.6313831488436943,0,-60
5,3.5312544127046674,0,-60
5,4.331184892472483,0,-64
5,5.2311320977403675,0,-66
5,6.13109480233646,0,-70
5,6.931069781842688,0,-79
5,7.831047744203867,0,-72
5,8.731030249817495,0,-76
5,9.531017472902029,0,-78
5,10.431005441470703,0,-76
5,11.33099532129544,0,-78
5,12.130987586208914,0,-75
5,13.030980019475987,0,-75
5,13.930973430425096,0,-79
5,14.830967641069067,0,-80
5,15.630963054654481,0,-79
5,16.53095842554814,0,-80
5,17.430954274463247,0,-73
5,18.23095092868072,0,-76
5,19.13094749914891,0,-79
5,20.030944377797557,0,-80
5,20.830941829690644,0,-79
5,21.73093918732421,0,-73
5,22.897968071744224,0,-83
5,23.695703126519657,0,-83
5,24.593330947868388,0,-81
5,25.49112605521005,0,-79
5,26.28929273312891,0,-82
5,27.18735906371511,0,-85
5,27.985744544408814,0,-81
5,28.884035004758868,0,-82
5,29.682602362354807,0,-82
5,30.581080155104047,0,-83
5,31.379800322794193,0,-83
5,32.27843628104778,0,-85
5,33.077286067559974,0,-85
5,33.97605677600662,0,-87
5,34.87489088868456,0,-85
5,35.6739038982726,0,-86
5,36.57284511484465,0,-81
5,37.37194676010272,0,-86
5,38.27098097895035,0,-85
5,39.07015984017361,0,-86
5,39.969275329782285,0,-83
5,40.7685218671646,0,-80
5,22.84675338133613,0,-83
5,23.64621629168458,0,-83
5,24.545653899710167,0,-84
5,25.445131279197295,0,-84
5,26.244696810234263,0,-83
5,27.144238635709566,0,-82
5,27.943856139729238,0,-86
5,28.84345118755922,0,-86
5,29.643111868605278,0,-85
5,30.542751377468836,0,-85
5,31.342448317759263,0,-83
5,32.24212534872101,0,-86
5,33.04185303290621,0,-85
5,33.941562019144044,0,-83
5,34.84128603755363,0,-83
5,35.64105241987342,0,-84
5,36.54080182545796,0,-83
5,37.34058921459232,0,-82
5,38.24036065917992,0,-81
5,39.040166344288174,0,-82
5,39.939957043553754,0,-82
5,40.739778760892335,0,-85
5,22.8309362406756,0,-80
5,23.63093426996339,0,-82
5,24.530932206554194,0,-82
5,25.43093028919283,0,-87
5,26.230928695326842,0,-88
5,27.13092701458151,0,-87
5,27.930925611516784,0,-85
5,28.830924126141227,0,-86
5,29.630922881558174,0,-87
5,30.53092155936462,0,-87
5,31.330920447851693,0,-85
5,32.23091926335392,0,-84
5,33.03091826465583,0,-87
5,33.930917197411596,0,-88
5,34.830916185320625,0,-86
5,35.63091532860706,0,-83
5,36.53091440965573,0,-83
5,37.33091363000816,0,-79
5,38.23091279190645,0,-85
5,39.03091207937488,0,-87
5,39.930911311903714,0,-83
5,40.73091065818017,0,-86
5,43.83090835039934,0,-76
5,43.83914936746499,0,-84
5,43.865861658126924,0,-88
5,44.765158320519284,0,-89
5,44.738982975858235,0,-87
5,44.73090774031233,0,-86
5,42.06735858248619,0,-88
5,42.966594449161335,0,-88
5,42.93932273350009,0,-88
5,47.53090599001569,0,-82
5,47.53850559991878,0,-82
5,47.56314031285711,0,-87
5,48.46254117224725,0,-88
5,48.43836387745498,0,-85
5,48.43090547040119,0,-83
5,45.6309071542914,0,-87
5,45.63882314614785,0,-88
5,45.66448269620915,0,-86
5,46.66376255692745,0,-86
5,46.638652791673564,0,-86
5,46.63090652968781,0,-78
5,8.345122270701292,0,-77
5,8.695428141183756,0,-75
5,9.04896125521234,0,-81
5,9.441235567349107,0,-81
5,9.931079190285086,0,-79
5,10.391321529216446,0,-75
5,10.948468749971061,0,-77
5,11.459589748718608,0,-80
5,7.61830527552916,0,-77
5,8.000498741746737,0,-80
5,8.383388894506496,0,-75
5,8.805364194420271,0,-77
5,9.328657108175552,0,-80
5,9.817182522585487,0,-80
5,10.405117852638366,0,-74
5,10.941650093433683,0,-74
5,6.907683029016044,0,-80
5,7.3270382607771305,0,-78
5,7.743301551323936,0,-76
5,8.198289343184918,0,-75
5,8.757930862944459,0,-75
5,9.276560905850767,0,-75
5,9.896665452842916,0,-74
5,10.45931242125113,0,-71
5,6.218809724340907,0,-76
5,6.681541680861739,0,-72
5,7.135560838009612,0,-74
5,7.626890435346514,0,-73
5,8.22550074818037,0,-73
5,8.775653354489313,0,-74
5,9.42875901928219,0,-73
5,10.017720593205768,0,-70
5,5.559775530159276,0,-75
5,6.072932470503319,0,-72
5,6.569150480171485,0,-73
5,7.099786424321578,0,-73
5,7.739274650541655,0,-74
5,8.32163453633722,0,-76
5,9.007719256387604,0,-76
5,9.622485928373175,0,-72
5,5.016864041329359,0,-72
5,5.580172905450083,0,-74
5,6.116498908245054,0,-74
5,6.683172011433392,0,-75
5,7.3589532530070025,0,-76
5,7.9691544231358735,0,-79
5,8.68313463360564,0,-80
5,9.319337761083963,0,-76
5,4.450442041795889,0,-71
5,5.076991157459313,0,-71
5,5.6611896676196745,0,-72
5,6.269154463929524,0,-74
5,6.985105764277529,0,-78
5,7.625282406441539,0,-83
5,8.368652019502457,0,-81
5,9.02704635323018,0,-81
5,3.965342850950618,0,-68
5,4.6576119171868395,0,-64
5,5.288343598043207,0,-65
5,5.934627810638869,0,-69
5,6.686494754080345,0,-74
5,7.352716595666372,0,-77
5,8.121074201220143,0,-84
5,8.79801542517215,0,-79
5,11.84900584597136,0,-80
5,12.475910563297537,0,-82
5,13.203557279560188,0,-82
5,13.951326291283365,0,-79
5,11.29673128789206,0,-78
5,11.952637476154583,0,-83
5,12.710276278964308,0,-79
5,13.485425597244989,0,-82
5,10.791354689927267,0,-76
5,11.476181459411961,0,-81
5,12.263291619323851,0,-81
5,13.06498763075596,0,-87
5,10.339755040463539,0,-76
5,11.052598750625428,0,-81
5,11.867835505834858,0,-87
5,12.694530319975692,0,-83
5,9.94925788939894,0,-78
5,10.688177459010618,0,-83
5,11.529211501509131,0,-84
5,12.378541848608746,0,-86
5,9.627301325020577,0,-81
5,10.389145087459246,0,-83
5,11.252551537296167,0,-82
5,12.121282793117812,0,-82
5,9.3809449980116,0,-85
5,10.161276194516834,0,-86
5,11.042513950748818,0,-83
5,11.926554188184863,0,-82
5,14.544852509589022,0,-81
5,15.321172114982778,0,-90
5,16.022100980285373,0,-88
5,16.731919336047405,0,-89
5,18.996355303328478,0,-93
5,19.82541538685946,0,-89
5,20.567364928620766,0,-89
5,22.157425062579428,0,-92
5,14.14603280371917,0,-90
5,14.943086178401254,0,-88
5,17.949084085907035,0,-88
5,18.69275325810772,0,-91
5,19.534702578225364,0,-90
5,20.287286897593287,0,-91
5,21.043369846837646,0,-89
5,21.89769382747927,0,-89
5,13.739266441003128,0,-89
5,14.558606485103667,0,-92
5,15.294522798493523,0,-93
5,16.0365779541389,0,-93
5,16.87771942326337,0,-89
5,17.6302812733075,0,-89
5,18.38684917601362,0,-89
5,19.242188105116856,0,-88
5,20.005779362930006,0,-88
5,20.772111418047317,0,-89
5,21.637148453874406,0,-88
5,13.380756353429751,0,-88
5,14.220767245162213,0,-91
5,14.973297094715447,0,-92
5,15.730512729474194,0,-92
5,16.587182135111963,0,-88
5,18.120524850965236,0,-90
5,18.987864580454445,0,-89
5,19.76128553943827,0,-89
5,20.536742950544706,0,-89
5,21.411291214403104,0,-88
5,13.105805970944767,0,-87
5,13.962368373570412,0,-92
5,14.728106987824841,0,-89
5,15.497307517448005,0,-88
5,16.366188338815434,0,-89
5,17.14122298983109,0,-87
5,17.918452233177103,0,-87
5,19.576156817143985,0,-86
5,20.35866696458657,0,-90
5,21.240548510482878,0,-89
5,12.849099127994435,0,-86
5,18.61702739797235,0,-90
5,19.40523419035155,0,-90
5,20.194368492922088,0,-91
5,21.08312356552397,0,-88
5,13.503388630072871,0,-89
5,14.293736717188997,0,-87
5,15.085102392289304,0,-90
5,15.97641682722006,0,-90
5,16.769475229792253,0,-87
5,17.563163277956264,0,-86
5,18.456713813119045,0,-86
5,19.251485387494515,0,-90
5,20.04667290276495,0,-90
5,20.941697040155994,0,-86
5,12.037094038813702,1,-89
5,11.54423898586087,1,-88
5,10.628503915863297,1,-89
5,10.269529086485516,1,-89
5,9.171498184224005,1,-88
5,8.908097429117507,1,-88
5,8.720798815206123,1,-88
5,11.56135208957361,1,-88
5,11.04729301695731,1,-90
5,10.086541762634265,1,-88
5,9.707546389176606,1,-88
5,9.29485221837558,1,-87
5,8.867456643234421,1,-84
5,8.537541108719063,1,-86
5,8.253934155691677,1,-88
5,8.051432246199695,1,-90
5,11.109369531117947,1,-90
5,10.57335860747934,1,-89
5,10.057521220747342,1,-89
5,8.726253892781548,1,-84
5,8.269523357454526,1,-84
5,7.914722826663714,1,-88
5,7.607933903914871,1,-88
5,7.387745965786044,1,-87
5,10.743144093471127,1,-87
5,10.187883287342332,1,-90
5,9.65146552291075,1,-89
5,9.137210055775267,1,-89
5,8.717037327671095,1,-89
5,8.254971873691447,1,-84
5,7.770590080144347,1,-86
5,7.391880075938963,1,-87
5,7.062415445192186,1,-89
5,6.824649741132488,1,-89
5,8.663823454064861,1,-89
5,8.21948715017275,1,-89
5,7.727728636234623,1,-87
5,7.208002457926985,1,-86
5,6.798023263928062,1,-85
5,6.438240532966509,1,-85
5,7.817737693604633,1,-89
5,7.298961810383198,1,-89
5,6.74628438976843,1,-86
5,6.306359800317366,1,-83
5,5.916755427976097,1,-87
5,5.630819386477887,1,-88
5,7.874777439216923,1,-91
5,7.383105842790718,1,-89
5,6.8314034245736135,1,-89
5,6.237433952153476,1,-87
5,5.758767504501516,1,-84
5,5.329279879526721,1,-87
5,5.009925768210437,1,-85
5,9.397440415707168,1,-84
5,7.509017842370836,1,-86
5,6.991672269614341,1,-86
5,6.406348569124211,1,-90
5,5.768779034364261,1,-88
5,5.247535841778152,1,-90
5,4.772258718277129,1,-84
5,4.412775254057549,1,-82
5,8.523306920693628,1,-87
5,7.874298808641285,1,-88
5,7.234804944930811,1,-88
5,6.696307546689138,1,-89
5,6.082627361861943,1,-89
5,5.40701999085193,1,-86
5,4.847028578923183,1,-85
5,4.32799109383601,1,-87
5,3.928057926886315,1,-85
5,8.970070748927345,1,-84
5,6.966751885279039,1,-88
5,6.405760220277499,1,-90
5,5.761213835912993,1,-89
5,5.04272688347447,1,-88
5,4.436993946890373,1,-85
5,3.8632546056618566,1,-88
5,3.4092328047257405,1,-86
5,8.830584514906912,1,-90
5,8.145983288611596,1,-90
5,6.208930474231564,1,-88
5,5.541537557146668,1,-91
5,4.790213779725065,1,-88
5,4.147766738727429,1,-87
5,3.527292131695262,1,-86
5,3.0232303833763474,1,-87
5,4.930610318967854,1,-87
5,4.81342396700757,1,-85
5,4.769368003162326,1,-87
5,4.561780308499463,1,-90
5,4.3529268029297326,1,-85
5,4.219727943874424,1,-83
5,4.169403408611401,1,-87
5,4.020807532967129,1,-83
5,3.7821984857772613,1,-85
5,3.628106607373386,1,-83
5,3.5694507165517946,1,-84
5,3.414692146740162,1,-84
5,3.130216386395601,1,-81
5,2.9421738212264326,1,-85
5,2.869530912490027,1,-82
5,2.9286816302153245,1,-83
5,2.59139118232105,1,-80
5,2.360813509886349,1,-82
5,2.269639022375056,1,-85
5,2.492835679565033,1,-81
5,2.086231505361536,1,-80
5,1.7917851608420223,1,-84
5,1.6698248189673581,1,-86
5,8.462186260807648,1,-90
5,8.3944462879485,1,-90
5,8.369280772557635,1,-90
5,7.889467243343803,1,-89
5,7.770574338647399,1,-87
5,7.69674981541534,1,-88
5,7.669295266825151,1,-89
5,7.210889170112003,1,-89
5,7.080611187764031,1,-89
5,6.999513337435666,1,-88
5,6.969312672680885,1,-90
5,6.632795508516023,1,-87
5,6.490925082485618,1,-88
5,6.4023621105879,1,-87
5,6.369330637024753,1,-87
5,5.706441083103835,1,-89
5,5.669356401178697,1,-88
5,8.387072958938269,1,-90
5,8.461726400799026,1,-89
5,8.592940971832922,1,-90
5,7.912765874537719,1,-90
5,8.081460013753658,1,-90
5,8.328734406698596,1,-89
5,8.625870256429241,1,-89
5,6.990668873451308,1,-90
5,7.080061593070125,1,-90
5,7.236372919155865,1,-89
5,7.420459904462996,1,-89
5,6.490325553916263,1,-93
5,6.660491472800198,1,-88
5,6.860049477073379,1,-87
5,7.149692279484514,1,-89
5,7.493725412286344,1,-92
5,7.885032746804027,1,-95
5,8.316944287513145,1,-97
5,8.714912188326865,1,-98
5,5.804959520587735,1,-91
5,5.9946122392601735,1,-87
5,6.215585898991218,1,-85
5,6.533860186074095,1,-87
5,6.9086286479003824,1,-90
5,7.331232546987962,1,-94
5,7.793894502842674,1,-96
5,8.217233335502398,1,-98
5,8.737319071289408,1,-88
5,9.28108643516174,1,-88
5,4.999296291687481,1,-92
5,5.1235519198604695,1,-89
5,5.3374717927996205,1,-85
5,5.584508689901217,1,-84
5,5.936712741156332,1,-87
5,6.34684008262644,1,-90
5,6.804425023310884,1,-94
5,7.300549346541326,1,-96
5,7.750880784139025,1,-98
5,4.304206390488715,1,-90
5,4.447922381893552,1,-87
5,4.69274273520031,1,-85
5,4.9719177937115875,1,-87
5,5.364493210998744,1,-89
5,5.815118938962237,1,-89
5,6.311372999411699,1,-88
5,3.70988494243092,1,-84
5,3.8757021492242383,1,-87
5,4.154381784685547,1,-86
5,4.4673280808082225,1,-85
5,4.900493959286492,1,-90
5,5.390052124834144,1,-90
5,6.486008297503207,1,-89
5,8.213530150354503,1,-88
5,3.019350182724653,1,-86
5,3.2209154582734865,1,-87
5,3.5513542843217984,1,-88
5,3.912831381675091,1,-89
5,5.515769394354565,1,-88
5,6.117314188034172,1,-88
5,6.64828286430224,1,-88
5,7.281310727279844,1,-88
5,2.3344602729031614,1,-89
5,2.589889115230382,1,-87
5,2.990877211223239,1,-86
5,3.4122541905996844,1,-85
5,3.962486533061132,1,-91
5,4.554022440449377,1,-91
5,5.172711208983372,1,-89
5,5.809884862453634,1,-87
5,6.366544925123713,1,-88
5,7.025006416156802,1,-85
5,1.662207569952329,1,-87
5,2.0051820039668558,1,-87
5,2.501714558549441,1,-89
5,2.9927759523741218,1,-89
5,3.6075654899855323,1,-89
5,4.248805670769166,1,-88
5,4.906136004167226,1,-87
5,5.573866822486129,1,-86
5,6.15192031185891,1,-88
5,1.027698032230553,1,-85
5,1.5211785263000064,1,-84
5,2.133495950852016,1,-86
5,2.6925707309098783,1,-90
5,3.3627009983610314,1,-88
5,4.042966592466966,1,-88
5,4.728995636626204,1,-88
5,5.4185995049141,1,-89
5,6.011601514014876,1,-91
5,6.705011083266879,1,-90
5,0.6109147891500997,1,-82
5,1.2771208803508067,1,-85
5,1.9669414344239406,1,-86
5,2.56261405114081,1,-86
5,3.259572309142725,1,-88
5,3.9576043892682993,1,-87
5,4.656227374751091,1,-86
5,0.6974568943282683,1,-79
5,1.3207070011443651,1,-86
5,1.9955169371111414,1,-86
5,3.276895005698803,1,-91
5,3.971883903363671,1,-91
5,5.964028473884194,1,-87
5,6.6623911999166765,1,-87
5,1.256851367222773,1,-74
5,1.6844869315953337,1,-84
5,2.2528464408701168,1,-86
5,2.788090610936409,1,-88
5,3.4396613377217067,1,-89
5,4.107199895505836,1,-89
5,6.743936961491476,1,-91
5,7.4349516880741415,1,-91
5,1.8156896743225477,1,-65
5,2.134139137185584,1,-74
5,2.606217703932831,1,-78
5,3.080665981398101,1,-81
5,3.680804769662369,1,-84
5,4.311165111172955,1,-87
5,4.960238449834911,1,-90
5,5.621546614824634,1,-91
5,6.195152823885535,1,-89
5,6.870061089591755,1,-84
5,7.549540399133466,1,-77
2.4,4.9193360641194195,2,-84
2.4,4.639506891572115,2,-87
2.4,4.398884072369303,2,-83
2.4,4.204204796075417,2,-83
2.4,4.086008256905865,2,-88
2.4,3.990065207575197,2,-92
2.4,4.527081950833423,2,-92
2.4,4.221330107295678,2,-92
2.4,3.9553488796767526,2,-86
2.4,3.7376385118359616,2,-84
2.4,3.6041735742495398,2,-87
2.4,3.4950284746362086,2,-91
2.4,4.158013307744162,2,-78
2.4,3.822856465076441,2,-80
2.4,3.5269517203636265,2,-84
2.4,3.280936653301179,2,-88
2.4,3.1280458486305,2,-90
2.4,3.001637505818066,2,-91
2.4,3.8188582515188156,2,-76
2.4,3.4509180271911046,2,-86
2.4,3.119934633224187,2,-88
2.4,2.838864033516037,2,-89
2.4,2.6606906075209693,2,-87
2.4,2.5108626792697173,2,-89
2.4,3.5182782753797555,2,-89
2.4,3.115034334996702,2,-84
2.4,2.7438286742082756,2,-87
2.4,2.4194529709433787,2,-90
2.4,2.207686161293336,2,-89
2.4,2.0246073871161547,2,-90
2.4,3.2669382762496366,2,-89
2.4,2.828081078403543,2,-93
2.4,2.4131306369990297,2,-86
2.4,2.036751422344549,2,-90
2.4,1.7800229955205369,2,-91
2.4,1.5471388915611626,2,-89
2.4,3.07692856248577,2,-89
2.4,2.644565281530556,2,-90
2.4,2.195195301898213,2,-89
2.4,1.773143902416041,2,-87
2.4,1.4711100593886741,2,-86
2.4,1.1786949104979398,2,-89
2.4,3.9592726604745194,2,-84
2.4,4.030636210602493,2,-89
2.4,4.18762659802173,2,-90
2.4,4.421131618341405,2,-94
2.4,4.666000607790068,2,-88
2.4,5.010164661379537,2,-81
2.4,5.399253485101008,2,-93
2.4,3.3666594408106936,2,-88
2.4,3.4437701252550195,2,-87
2.4,3.6262571527455134,2,-88
2.4,3.893575374906339,2,-90
2.4,4.169542670998372,2,-91
2.4,4.5514035579714625,2,-93
2.4,4.976490993637418,2,-94
2.4,2.769100973922537,2,-91
2.4,2.862355164716277,2,-91
2.4,3.079491086399987,2,-92
2.4,3.390199642123752,2,-92
2.4,3.7714243828685015,2,-91
2.4,4.129019103963344,2,-91
2.4,4.593363367199824,2,-91
2.4,2.172888542276777,2,-92
2.4,2.290546114435791,2,-92
2.4,2.556714642778096,2,-93
2.4,2.9235215112659882,2,-92
2.4,3.3581492356764033,2,-92
2.4,3.7553060027477403,2,-91
2.4,4.26057642068679,2,-94
2.4,1.6781085468388208,2,-96
2.4,1.8278963811367155,2,-92
2.4,2.1520672485802406,2,-90
2.4,3.061334670840451,2,-89
2.4,3.4924098917637103,2,-91
2.4,4.030771032237885,2,-93
2.4,1.0906753450740805,2,-93
2.4,2.2394432607301606,2,-90
2.4,2.783036898833499,2,-90
2.4,3.823694486711383,2,-91
2.4,6.301474627623023,2,-91
2.4,6.191926062791931,2,-92
2.4,6.55708114004844,2,-86
2.4,6.134058930405235,2,-87
2.4,4.9245997998207045,2,-90
2.4,4.647908031889121,2,-90
2.4,4.498267995284928,2,-95
2.4,4.497188185685931,2,-95
2.4,4.645004570716631,2,-94
2.4,4.920105013765832,2,-94
2.4,6.375312917730189,1,-68
2.4,6.444757669536214,1,-68
2.4,6.6366548832310315,1,-73
2.4,6.940855470270414,1,-65
2.4,5.47533856538743,1,-62
2.4,5.556043468664308,1,-59
2.4,5.777534564652622,1,-67
2.4,6.124556495439012,1,-77
2.4,4.575374302968046,1,-62
2.4,4.671652452005476,1,-66
2.4,4.933013607562543,1,-69
2.4,5.335251622226045,1,-72
2.4,10.108433715116497,1,-87
2.4,10.821770594175998,1,-87
2.4,6.522388991031543,1,-73
2.4,7.05208088229268,1,-79
2.4,7.581768306595975,1,-77
2.4,8.922095263728139,1,-79
2.4,6.450704903658143,1,-71
2.4,48.86227840381113,1,-92
2.4,49.754723770026246,1,-92
2.4,49.64742949074258,1,-94
2.4,49.565582857684,1,-94
2.4,18.06413276349541,1,-92
2.4,18.22917793266987,1,-92
2.4,24.540211557119374,1,-97
2.4,17.681562309580556,1,-99
2.4,18.332185128676965,1,-98
2.4,18.994219580614256,1,-97
2.4,20.433845207918257,1,-93
2.4,21.12471055105061,1,-98
2.4,21.910811999689507,1,-98
2.4,22.616698440980347,1,-99
2.4,23.328660789997098,1,-99
2.4,16.42443535389124,1,-94
2.4,17.16369317233972,1,-99
2.4,17.833219821409884,1,-97
2.4,18.51310603554227,1,-96
2.4,19.28899638921891,1,-93
2.4,20.69319002648723,1,-97
2.4,21.49507850863493,1,-97
2.4,22.214179390130177,1,-97
2.4,22.938638404695897,1,-97
2.4,23.759449035730146,1,-93
2.4,18.904632519226112,1,-94
2.4,22.61638522940991,1,-93
2.4,23.448479001102385,1,-93
2.4,17.693771832866904,1,-92
2.4,15.77375937299367,1,-86
2.4,15.22539735598022,0,-54
2.4,14.61908016970324,0,-47
2.4,14.021493692504075,0,-57
2.4,13.433803100003097,0,-55
2.4,12.938967403445057,0,-49
2.4,12.373425468645891,0,-43
2.4,11.74484596799022,0,-43
2.4,11.21276893423463,0,-44
2.4,10.700045211738985,0,-48
2.4,10.278170035128788,0,-48
2.4,14.89513913316796,0,-45
2.4,14.27480123004004,0,-48
2.4,13.662164195978384,0,-49
2.4,13.058311945982716,0,-57
2.4,12.548678122270722,0,-54
2.4,11.964702377287825,0,-60
2.4,11.31343678820712,0,-47
2.4,10.760047970222034,0,-49
2.4,10.224647313340471,0,-53
2.4,9.78229136858852,0,-53
2.4,14.59101144353515,0,-47
2.4,13.957162867362936,0,-47
2.4,13.329935321179011,0,-48
2.4,12.710309045319748,0,-52
2.4,12.186130139026826,0,-54
2.4,11.58389175217116,0,-56
2.4,10.90991737410052,0,-55
2.4,10.334944483180422,0,-53
2.4,9.776290596700909,0,-49
2.4,9.31266178752904,0,-48
2.4,14.352391416023766,0,-56
2.4,13.707513258044791,0,-53
2.4,13.068308998496889,0,-49
2.4,12.43565359926514,0,-44
2.4,11.89938200826736,0,-49
2.4,11.281847035809252,0,-50
2.4,10.588664765827621,0,-56
2.4,9.995228956046999,0,-55
2.4,9.416442122400667,0,-53
2.4,8.93415882902708,0,-47
2.4,14.10119088969775,0,-52
2.4,13.444268848413284,0,-57
2.4,12.791917183484925,0,-51
2.4,12.144872399076826,0,-55
2.4,11.5951600820178,0,-53
2.4,10.96049805840684,0,-46
2.4,10.245597428750626,0,-49
2.4,9.631045998890386,0,-55
2.4,9.028943869216583,0,-55
2.4,8.52476622149984,0,-55
2.4,13.910323825169339,0,-49
2.4,13.243937831392701,0,-56
2.4,12.581203028427602,0,-64
2.4,11.922728295286992,0,-55
2.4,11.36227361671061,0,-43
2.4,10.713824811976302,0,-46
2.4,9.981272017403413,0,-43
2.4,9.349362087657182,0,-50
2.4,8.727849208530282,0,-62
2.4,8.205191255821134,0,-66
2.4,13.717490808089352,0,-57
2.4,13.041255094151671,0,-50
2.4,12.367664079827604,0,-52
2.4,11.697174665370232,0,-55
2.4,11.125363225078996,0,-50
2.4,10.46224102430551,0,-49
2.4,9.71072789415616,0,-45
2.4,9.05996780320237,0,-45
2.4,8.41711333865624,0,-52
2.4,7.873856024435914,0,-58
2.4,13.558097182826135,0,-52
2.4,12.873491351598409,0,-56
2.4,12.19063410739573,0,-51
2.4,11.509836675692723,0,-56
2.4,10.92822730541794,0,-57
2.4,10.252362283864304,0,-47
2.4,9.48423330497962,0,-50
2.4,8.816771616867804,0,-44
2.4,8.154768059529768,0,-56
2.4,7.5927632547372275,0,-55
2.4,13.448997123664535,0,-64
2.4,12.75853847402037,0,-63
2.4,12.069179108530085,0,-54
2.4,11.38111878131936,0,-49
2.4,10.792575061228955,0,-41
2.4,10.10764348465963,0,-48
2.4,9.327604504730227,0,-42
2.4,8.64806256668999,0,-43
2.4,7.972061622824166,0,-48
2.4,7.396186737492963,0,-51
2.4,13.354698378521286,0,-54
2.4,12.659097485287019,0,-54
2.4,11.964009758551736,0,-55
2.4,11.269530152736731,0,-52
2.4,10.674835905118323,0,-51
2.4,9.981828588085671,0,-52
2.4,9.191118046549382,0,-51
2.4,8.500672403188279,0,-46
2.4,7.8119275257165555,0,-56
2.4,7.223297266817206,0,-58
2.4,13.302687442568063,0,-65
2.4,12.604216499068043,0,-61
2.4,11.90592516002432,0,-65
2.4,11.207846995601846,0,-59
2.4,10.609695849296637,0,-61
2.4,9.91213530856512,0,-61
2.4,9.115381251433464,0,-59
2.4,8.418726490372862,0,-58
2.4,7.7226767432300925,0,-55
2.4,7.126678596526427,0,-49
2.4,7.536029291945064,0,-49
2.4,7.027200667891516,0,-40
2.4,6.5338626374125734,0,-42
2.4,5.9829876587953175,0,-40
2.4,7.247431400326118,0,-41
2.4,6.716775538917013,0,-40
2.4,6.198780959023715,0,-37
2.4,5.615128292272231,0,-35
2.4,6.998484572806597,0,-42
2.4,6.447371406516992,0,-44
2.4,5.90579459440759,0,-49
2.4,5.2899140023307565,0,-36
2.4,6.763965661115828,0,-41
2.4,6.192014470470415,0,-41
2.4,5.625909254536198,0,-44
2.4,4.975503522358027,0,-39
2.4,6.615493623164716,0,-40
2.4,6.0294749038281905,0,-47
2.4,5.4465015701507875,0,-65
2.4,4.771704068189486,0,-41
2.4,6.519070508248242,0,-48
2.4,5.923520239627188,0,-51
2.4,5.328968358606942,0,-55
2.4,4.637098675654321,0,-51
2.4,9.874745111079084,0,-44
2.4,9.49212319486748,0,-42
2.4,9.132919275034803,0,-45
2.4,8.800001489889828,0,-43
2.4,9.357512284668527,0,-45
2.4,8.952812289749145,0,-41
2.4,8.571036088667714,0,-38
2.4,8.215380172031317,0,-43
2.4,8.865409257708553,0,-40
2.4,8.437137728188716,0,-45
2.4,8.030884433372607,0,-45
2.4,7.650157940849811,0,-48
2.4,8.46693602905109,0,-49
2.4,8.01740715305169,0,-43
2.4,7.5887172299121435,0,-48
2.4,7.18459747886591,0,-47
2.4,8.033769406012697,0,-50
2.4,7.558522514800531,0,-42
2.4,7.102187996984279,0,-39
2.4,6.668649494632966,0,-43
2.4,8.496460319440333,0,-46
2.4,8.1838021921687,0,-44
2.4,7.92082058130762,0,-40
2.4,7.738811951393271,0,-43
2.4,7.581160252873464,0,-45
2.4,7.48590483111224,0,-51
2.4,7.4554377135880285,0,-48
2.4,7.490549503334973,0,-47
2.4,7.572195427990008,0,-54
2.4,7.7254724101762156,0,-45
2.4,7.93773924496862,0,-44
2.4,7.889377865761422,0,-45
2.4,7.551626544625162,0,-45
2.4,7.265799600196011,0,-44
2.4,7.066941033287986,0,-44
2.4,6.893941973116004,0,-46
2.4,6.7890512068632765,0,-52
2.4,6.755442002573394,0,-50
2.4,6.794172282982964,0,-45
2.4,6.884082273521642,0,-44
2.4,7.052330757227431,0,-47
2.4,7.284239800422357,0,-50
2.4,7.298953915302409,0,-48
2.4,6.932496564617214,0,-52
2.4,6.619991614734162,0,-47
2.4,6.401101523715396,0,-43
2.4,6.209579782693244,0,-53
2.4,6.092918958787636,0,-53
2.4,6.055447283155468,0,-47
2.4,6.098624612139695,0,-43
2.4,6.19863161492575,0,-42
2.4,6.384967835336224,0,-41
2.4,6.640225494589716,0,-47
2.4,6.8094238134432,0,-43
2.4,6.415062979566797,0,-47
2.4,6.076003077067159,0,-48
2.4,5.836747821371978,0,-49
2.4,5.626047057305124,0,-50
2.4,5.497016086181009,0,-50
2.4,5.45545288793276,0,-48
2.4,5.503339583668722,0,-45
2.4,5.613961017938758,0,-43
2.4,5.819049636466174,0,-39
2.4,6.098042229468258,0,-54
2.4,6.26264303788979,0,-42
2.4,5.83142162604888,0,-45
2.4,5.456212838725383,0,-47
2.4,5.188455481088053,0,-48
2.4,4.950237432684798,0,-50
2.4,4.8030855708257905,0,-50
2.4,4.755461214371959,0,-49
2.4,4.810321374099359,0,-46
2.4,4.936497083953165,0,-44
2.4,5.168537880348681,0,-47
2.4,5.480744856433324,0,-46
2.4,5.749186287551621,0,-40
2.4,5.276165589677099,0,-43
2.4,4.858261385559018,0,-45
2.4,4.555492885317108,0,-46
2.4,4.282206883009729,0,-48
2.4,4.111213464369982,0,-49
2.4,4.055472415186442,0,-48
2.4,4.119664655170281,0,-46
2.4,4.266315577734519,0,-44
2.4,4.53279482985292,0,-42
2.4,4.885796693504802,0,-43
2.4,5.278786614167472,0,-39
2.4,4.7592403257909535,0,-46
2.4,4.291287550299552,0,-45
2.4,3.945245312666487,0,-48
2.4,3.6262571527455134,0,-39
2.4,3.42264828730022,0,-49
2.4,3.355488289247967,0,-52
2.4,3.432795073988741,0,-47
2.4,3.6074774784830366,0,-45
2.4,3.9190144320330664,0,-36
2.4,4.322436174104201,0,-42
2.4,4.919259347838113,0,-42
2.4,4.357050939800194,0,-35
2.4,3.8404001422683685,0,-45
2.4,3.449418065485229,0,-50
2.4,3.079491086399987,0,-41
2.4,2.836907772899589,0,-41
2.4,2.7555083147505153,0,-45
2.4,2.8491413501931317,0,-44
2.4,3.057354766974435,0,-40
2.4,3.4193856951011585,0,-41
2.4,3.8751746918795202,0,-36
2.4,4.564160128680279,0,-43
2.4,3.9517512625361277,0,-45
2.4,3.37359132108159,0,-36
2.4,2.9207756058002783,0,-36
2.4,2.472996259633058,0,-46
2.4,2.1634442125648228,0,-48
2.4,2.0555464532822767,0,-46
2.4,2.1794613055345726,0,-43
2.4,2.445375905680643,0,-39
2.4,2.885245861413643,0,-38
2.4,3.4131252601575666,0,-36
2.4,4.2946481612789755,0,-44
2.4,3.637139424038896,0,-45
2.4,2.9989270665721666,0,-59
2.4,2.47858332286411,0,-40
2.4,1.9308432481952558,0,-42
2.4,1.5142443692556156,0,-43
2.4,1.3556239783005672,0,-44
2.4,1.5370415515738585,0,-43
2.4,1.895338615927385,0,-42
2.4,2.436614214385746,0,-45
2.4,3.0433319224934645,0,-42
2.4,4.127523225630476,0,-40
2.4,3.438201323197947,0,-42
2.4,2.75427099239731,0,-41
2.4,2.176194025660905,0,-36
2.4,1.5233518300259234,0,-40
2.4,0.9409469479011346,0,-41
2.4,0.6558669983202235,0,-42
2.4,0.9772112771589864,0,-42
2.4,1.478091207594328,0,-41
2.4,2.1282701846073935,0,-44
2.4,2.8025549663494362,0,-48
2.4,4.075400977457449,0,-38
2.4,3.3754515976061983,0,-37
2.4,2.6755287044813,0,-34
2.4,2.075636188320183,0,-36
2.4,1.3758800627182048,0,-37
2.4,0.6766286335254975,0,-38
2.4,0.05105554257572398,0,-38
2.4,0.7262141758109785,0,-38
2.4,1.3255937412758783,0,-38
2.4,2.0253343249031532,0,-38
2.4,2.725208155050181,0,-41
2.4,4.125823256083578,0,-32
2.4,3.436160342760681,0,-28
2.4,2.751722780710722,0,-32
2.4,2.1729680162495026,0,-34
2.4,1.5187397276572485,0,-36
2.4,0.933461686993925,0,-39
2.4,0.6450822287171333,0,-37
2.4,0.970005898192264,0,-34
2.4,1.4733374292024017,0,-27
2.4,2.124971421221912,0,-32
2.4,2.800050696278725,0,-41
2.4,4.291254209363763,0,-31
2.4,3.633131300972113,0,-38
2.4,2.9940646971674587,0,-36
2.4,2.4726979493228485,0,-39
2.4,1.923282482971894,0,-31
2.4,1.5045915957586846,0,-27
2.4,1.3448331609343904,0,-26
2.4,1.5275328446452145,0,-34
2.4,1.8876356452533054,0,-40
2.4,2.430627221511352,0,-37
2.4,3.038540611983505,0,-33
2.4,4.559310017790448,0,-32
2.4,3.946148527240889,0,-36
2.4,3.3670266645464193,0,-39
2.4,2.913190741700162,0,-40
2.4,2.4640334125674213,0,-36
2.4,2.1531932145002184,0,-27
2.4,2.0447546013375058,0,-23
2.4,2.169285997837081,0,-32
2.4,2.436311449337498,0,-32
2.4,2.8775673474124135,0,-38
2.4,3.4066367871575642,0,-46
2.4,4.858068777992269,0,-33
2.4,4.287844751436834,0,-39
2.4,3.761700808563269,0,-41
2.4,3.3615777115673686,0,-38
2.4,2.980769208044732,0,-32
2.4,2.7294258429839693,0,-27
2.4,2.644720361979669,0,-25
2.4,2.742138974193501,0,-28
2.4,2.957894165035651,0,-34
2.4,3.3307534061039523,0,-40
2.4,3.7971961515036567,0,-43
5,6.375312917730189,1,-85
5,6.444757669536214,1,-84
5,5.556043468664308,1,-81
5,5.777534564652622,1,-85
5,4.671652452005476,1,-86
5,4.933013607562543,1,-88
5,15.22539735598022,0,-60
5,14.61908016970324,0,-60
5,14.021493692504075,0,-61
5,13.433803100003097,0,-56
5,12.938967403445057,0,-56
5,12.373425468645891,0,-56
5,11.74484596799022,0,-51
5,11.21276893423463,0,-57
5,10.700045211738985,0,-52
5,10.278170035128788,0,-57
5,14.89513913316796,0,-61
5,14.27480123004004,0,-62
5,13.662164195978384,0,-61
5,13.058311945982716,0,-57
5,12.548678122270722,0,-58
5,11.964702377287825,0,-61
5,11.31343678820712,0,-57
5,10.760047970222034,0,-55
5,10.224647313340471,0,-54
5,9.78229136858852,0,-52
5,14.59101144353515,0,-61
5,13.957162867362936,0,-60
5,13.329935321179011,0,-67
5,12.710309045319748,0,-62
5,12.186130139026826,0,-57
5,11.58389175217116,0,-60
5,10.90991737410052,0,-64
5,10.334944483180422,0,-58
5,9.776290596700909,0,-52
5,9.31266178752904,0,-51
5,14.352391416023766,0,-55
5,13.707513258044791,0,-55
5,13.068308998496889,0,-58
5,12.43565359926514,0,-55
5,11.89938200826736,0,-55
5,11.281847035809252,0,-59
5,10.588664765827621,0,-59
5,9.995228956046999,0,-70
5,9.416442122400667,0,-57
5,8.93415882902708,0,-54
5,14.10119088969775,0,-55
5,13.444268848413284,0,-53
5,12.791917183484925,0,-56
5,12.144872399076826,0,-54
5,11.5951600820178,0,-55
5,10.96049805840684,0,-53
5,10.245597428750626,0,-57
5,9.631045998890386,0,-62
5,9.028943869216583,0,-60
5,8.52476622149984,0,-57
5,13.910323825169339,0,-53
5,13.243937831392701,0,-52
5,12.581203028427602,0,-55
5,11.922728295286992,0,-57
5,11.36227361671061,0,-55
5,10.713824811976302,0,-54
5,9.981272017403413,0,-55
5,9.349362087657182,0,-55
5,8.727849208530282,0,-54
5,8.205191255821134,0,-63
5,13.717490808089352,0,-54
5,13.041255094151671,0,-56
5,12.367664079827604,0,-51
5,11.697174665370232,0,-57
5,11.125363225078996,0,-56
5,10.46224102430551,0,-54
5,9.71072789415616,0,-59
5,9.05996780320237,0,-51
5,8.41711333865624,0,-48
5,7.873856024435914,0,-59
5,13.558097182826135,0,-56
5,12.873491351598409,0,-60
5,12.19063410739573,0,-55
5,11.509836675692723,0,-52
5,10.92822730541794,0,-51
5,10.252362283864304,0,-51
5,9.48423330497962,0,-54
5,8.816771616867804,0,-51
5,8.154768059529768,0,-51
5,7.5927632547372275,0,-55
5,13.448997123664535,0,-56
5,12.75853847402037,0,-57
5,12.069179108530085,0,-56
5,11.38111878131936,0,-53
5,10.792575061228955,0,-54
5,10.10764348465963,0,-56
5,9.327604504730227,0,-53
5,8.64806256668999,0,-50
5,7.972061622824166,0,-49
5,7.396186737492963,0,-53
5,13.354698378521286,0,-58
5,12.659097485287019,0,-61
5,11.964009758551736,0,-64
5,11.269530152736731,0,-59
5,10.674835905118323,0,-57
5,9.981828588085671,0,-56
5,9.191118046549382,0,-53
5,8.500672403188279,0,-56
5,7.8119275257165555,0,-52
5,7.223297266817206,0,-47
5,13.302687442568063,0,-59
5,12.604216499068043,0,-62
5,11.90592516002432,0,-62
5,11.207846995601846,0,-66
5,10.609695849296637,0,-62
5,9.91213530856512,0,-63
5,9.115381251433464,0,-65
5,8.418726490372862,0,-61
5,7.7226767432300925,0,-58
5,7.126678596526427,0,-61
5,7.536029291945064,0,-56
5,7.027200667891516,0,-51
5,6.5338626374125734,0,-50
5,5.9829876587953175,0,-52
5,7.247431400326118,0,-52
5,6.716775538917013,0,-55
5,6.198780959023715,0,-52
5,5.615128292272231,0,-51
5,6.998484572806597,0,-53
5,6.447371406516992,0,-53
5,5.90579459440759,0,-51
5,5.2899140023307565,0,-49
5,6.763965661115828,0,-50
5,6.192014470470415,0,-50
5,5.625909254536198,0,-52
5,4.975503522358027,0,-53
5,6.615493623164716,0,-50
5,6.0294749038281905,0,-50
5,5.4465015701507875,0,-52
5,4.771704068189486,0,-47
5,6.519070508248242,0,-55
5,5.923520239627188,0,-60
5,5.328968358606942,0,-57
5,4.637098675654321,0,-55
5,9.874745111079084,0,-52
5,9.49212319486748,0,-51
5,9.132919275034803,0,-57
5,8.800001489889828,0,-55
5,9.357512284668527,0,-53
5,8.952812289749145,0,-49
5,8.571036088667714,0,-50
5,8.215380172031317,0,-53
5,8.865409257708553,0,-57
5,8.437137728188716,0,-55
5,8.030884433372607,0,-51
5,7.650157940849811,0,-52
5,8.46693602905109,0,-50
5,8.01740715305169,0,-54
5,7.5887172299121435,0,-55
5,7.18459747886591,0,-50
5,8.033769406012697,0,-52
5,7.558522514800531,0,-50
5,7.102187996984279,0,-56
5,6.668649494632966,0,-53
5,8.496460319440333,0,-50
5,8.1838021921687,0,-49
5,7.92082058130762,0,-50
5,7.738811951393271,0,-54
5,7.581160252873464,0,-56
5,7.48590483111224,0,-57
5,7.4554377135880285,0,-59
5,7.490549503334973,0,-55
5,7.572195427990008,0,-61
5,7.7254724101762156,0,-59
5,7.93773924496862,0,-56
5,7.889377865761422,0,-54
5,7.551626544625162,0,-54
5,7.265799600196011,0,-53
5,7.066941033287986,0,-59
5,6.893941973116004,0,-52
5,6.7890512068632765,0,-51
5,6.755442002573394,0,-51
5,6.794172282982964,0,-51
5,6.884082273521642,0,-56
5,7.052330757227431,0,-57
5,7.284239800422357,0,-55
5,7.298953915302409,0,-49
5,6.932496564617214,0,-50
5,6.619991614734162,0,-50
5,6.401101523715396,0,-57
5,6.209579782693244,0,-55
5,6.092918958787636,0,-55
5,6.055447283155468,0,-51
5,6.098624612139695,0,-55
5,6.19863161492575,0,-57
5,6.384967835336224,0,-58
5,6.640225494589716,0,-52
5,6.8094238134432,0,-49
5,6.415062979566797,0,-51
5,6.076003077067159,0,-52
5,5.836747821371978,0,-53
5,5.626047057305124,0,-53
5,5.497016086181009,0,-52
5,5.45545288793276,0,-51
5,5.503339583668722,0,-51
5,5.613961017938758,0,-52
5,5.819049636466174,0,-51
5,6.098042229468258,0,-54
5,6.26264303788979,0,-47
5,5.83142162604888,0,-50
5,5.456212838725383,0,-51
5,5.188455481088053,0,-52
5,4.950237432684798,0,-52
5,4.8030855708257905,0,-52
5,4.755461214371959,0,-51
5,4.810321374099359,0,-50
5,4.936497083953165,0,-50
5,5.168537880348681,0,-49
5,5.480744856433324,0,-49
5,5.749186287551621,0,-49
5,5.276165589677099,0,-50
5,4.858261385559018,0,-50
5,4.555492885317108,0,-50
5,4.282206883009729,0,-51
5,4.111213464369982,0,-51
5,4.055472415186442,0,-51
5,4.119664655170281,0,-50
5,4.266315577734519,0,-49
5,4.53279482985292,0,-48
5,4.885796693504802,0,-54
5,5.278786614167472,0,-52
5,4.7592403257909535,0,-54
5,4.291287550299552,0,-50
5,3.945245312666487,0,-49
5,3.6262571527455134,0,-52
5,3.42264828730022,0,-52
5,3.355488289247967,0,-50
5,3.432795073988741,0,-51
5,3.6074774784830366,0,-49
5,3.9190144320330664,0,-48
5,4.322436174104201,0,-50
5,4.919259347838113,0,-52
5,4.357050939800194,0,-48
5,3.8404001422683685,0,-47
5,3.449418065485229,0,-46
5,3.079491086399987,0,-51
5,2.836907772899589,0,-51
5,2.7555083147505153,0,-49
5,2.8491413501931317,0,-48
5,3.057354766974435,0,-45
5,3.4193856951011585,0,-45
5,3.8751746918795202,0,-46
5,4.564160128680279,0,-49
5,3.9517512625361277,0,-51
5,3.37359132108159,0,-48
5,2.9207756058002783,0,-47
5,2.472996259633058,0,-50
5,2.1634442125648228,0,-55
5,2.0555464532822767,0,-53
5,2.1794613055345726,0,-52
5,2.445375905680643,0,-44
5,2.885245861413643,0,-45
5,3.4131252601575666,0,-44
5,4.2946481612789755,0,-54
5,3.637139424038896,0,-49
5,2.9989270665721666,0,-55
5,2.47858332286411,0,-51
5,1.9308432481952558,0,-53
5,1.5142443692556156,0,-53
5,1.3556239783005672,0,-52
5,1.5370415515738585,0,-49
5,1.895338615927385,0,-47
5,2.436614214385746,0,-45
5,3.0433319224934645,0,-47
5,4.127523225630476,0,-49
5,3.438201323197947,0,-45
5,2.75427099239731,0,-49
5,2.176194025660905,0,-54
5,1.5233518300259234,0,-52
5,0.9409469479011346,0,-52
5,0.6558669983202235,0,-50
5,0.9772112771589864,0,-48
5,1.478091207594328,0,-47
5,2.1282701846073935,0,-51
5,2.8025549663494362,0,-49
5,4.075400977457449,0,-51
5,3.3754515976061983,0,-48
5,2.6755287044813,0,-50
5,2.075636188320183,0,-49
5,1.3758800627182048,0,-49
5,0.6766286335254975,0,-49
5,0.05105554257572398,0,-47
5,0.7262141758109785,0,-45
5,1.3255937412758783,0,-46
5,2.0253343249031532,0,-50
5,2.725208155050181,0,-55
5,4.125823256083578,0,-45
5,3.436160342760681,0,-46
5,2.751722780710722,0,-42
5,2.1729680162495026,0,-43
5,1.5187397276572485,0,-47
5,0.933461686993925,0,-45
5,0.6450822287171333,0,-41
5,0.970005898192264,0,-44
5,1.4733374292024017,0,-39
5,2.124971421221912,0,-48
5,2.800050696278725,0,-54
5,4.291254209363763,0,-42
5,3.633131300972113,0,-45
5,2.9940646971674587,0,-42
5,2.4726979493228485,0,-45
5,1.923282482971894,0,-41
5,1.5045915957586846,0,-41
5,1.3448331609343904,0,-39
5,1.5275328446452145,0,-38
5,1.8876356452533054,0,-42
5,2.430627221511352,0,-46
5,3.038540611983505,0,-42
5,4.559310017790448,0,-38
5,3.946148527240889,0,-39
5,3.3670266645464193,0,-45
5,2.913190741700162,0,-41
5,2.4640334125674213,0,-38
5,2.1531932145002184,0,-38
5,2.0447546013375058,0,-38
5,2.169285997837081,0,-40
5,2.436311449337498,0,-39
5,2.8775673474124135,0,-50
5,3.4066367871575642,0,-52
5,4.858068777992269,0,-34
5,4.287844751436834,0,-37
5,3.761700808563269,0,-38
5,3.3615777115673686,0,-38
5,2.980769208044732,0,-37
5,2.7294258429839693,0,-36
5,2.644720361979669,0,-36
5,2.742138974193501,0,-38
5,2.957894165035651,0,-41
5,3.3307534061039523,0,-44
5,3.7971961515036567,0,-45
2.4,20.749136710671465,0,-84
2.4,20.574126329890433,0,-84
2.4,20.409867080371868,0,-85
2.4,20.25662050388968,0,-79
2.4,20.14212189017654,0,-85
2.4,20.00932468222967,0,-87
2.4,20.283576465656196,0,-85
2.4,20.104513777713663,0,-78
2.4,19.936385686438626,0,-82
2.4,19.779471030302894,0,-84
2.4,19.662194034204745,0,-78
2.4,19.526133110241595,0,-76
2.4,19.819694100518042,0,-82
2.4,19.63640176402658,0,-84
2.4,19.464230635666613,0,-80
2.4,19.30347829378372,0,-82
2.4,19.18329153817729,0,-82
2.4,19.043809341590798,0,-80
2.4,19.357610240887105,0,-84
2.4,19.169900214613897,0,-84
2.4,18.993500842088338,0,-82
2.4,18.82873002192572,0,-83
2.4,18.70549315678932,0,-82
2.4,18.56242102310064,0,-84
2.4,18.89745681932056,0,-87
2.4,18.70512962366852,0,-83
2.4,18.52430495965768,0,-82
2.4,18.355322776746657,0,-78
2.4,18.228885710286292,0,-81
2.4,18.082042866856508,0,-83
2.4,18.439378358233032,0,-83
2.4,18.24222229439794,0,-82
2.4,18.056762562496793,0,-82
2.4,17.883363057281542,0,-83
2.4,17.75356511348263,0,-83
2.4,17.60275757484673,0,-82
2.4,17.98353341916044,0,-83
2.4,17.873335285788702,0,-85
2.4,17.684007301468068,0,-88
2.4,17.506916182998435,0,-77
2.4,17.374306151287243,0,-83
2.4,17.220177532151467,0,-89
2.4,19.843091347849622,0,-79
2.4,19.719276716941025,0,-79
2.4,19.613043472125383,0,-76
2.4,19.524678595041404,0,-73
2.4,19.464867691300253,0,-74
2.4,19.40986023236675,0,-76
2.4,19.373287646659254,0,-62
2.4,19.23585283368328,0,-70
2.4,19.130761465223426,0,-75
2.4,19.021241658721056,0,-79
2.4,18.930114480363113,0,-81
2.4,18.868418965027505,0,-81
2.4,18.811667502908865,0,-72
2.4,18.773929642996567,0,-66
2.4,18.65138585304337,0,-80
2.4,18.542982344791866,0,-77
2.4,18.42997000104587,0,-83
2.4,18.335904511085307,0,-78
2.4,18.26107867131146,0,-75
2.4,18.213593666269784,0,-69
2.4,18.174614005259382,0,-70
2.4,18.06793718826506,0,-74
2.4,17.956011646221665,0,-81
2.4,17.839281214203556,0,-80
2.4,17.742084269882827,0,-77
2.4,17.664743254285113,0,-82
2.4,17.61565083214265,0,-78
2.4,17.575345067456166,0,-78
2.4,17.582580989123276,0,-78
2.4,17.467545741724443,0,-76
2.4,17.347528764623036,0,-76
2.4,17.247560820000356,0,-80
2.4,17.167992143515185,0,-78
2.4,17.11747511287677,0,-73
2.4,17.075993506679,0,-72
2.4,17.00127390047771,0,-80
2.4,16.882278111653683,0,-80
2.4,16.758070122762014,0,-79
2.4,16.65456436655119,0,-81
2.4,16.57214875143789,0,-77
2.4,16.519809751929376,0,-73
2.4,16.476823548248877,0,-66
2.4,22.51142186182514,0,-57
2.4,21.713567054748033,0,-57
2.4,20.91587612893659,0,-52
2.4,20.01869411927255,0,-49
2.4,19.22142019313291,0,-52
2.4,18.424382601350796,0,-54
2.4,17.528037946128936,0,-50
2.4,16.731616605723314,0,-48
2.4,15.93555377892141,0,-54
2.4,15.040482513565658,0,-59
2.4,14.245385015535897,0,-54
2.4,13.450868902819435,0,-51
2.4,22.464677033974407,0,-55
2.4,21.665100836154846,0,-62
2.4,20.869237509807803,0,-53
2.4,19.9699602964239,0,-55
2.4,19.170659723669587,0,-55
2.4,18.37142003876422,0,-54
2.4,17.47235857692617,0,-53
2.4,16.673277849321224,0,-56
2.4,15.874289723973355,0,-60
2.4,14.975557226381392,0,-50
2.4,14.176818904133755,0,-52
2.4,13.378231356968847,0,-50
2.4,22.453349733180723,0,-62
2.4,21.653355265189436,0,-60
2.4,20.853361221646917,0,-64
2.4,19.95336849357685,0,-66
2.4,18.353383182411516,0,-67
2.4,17.453392628380413,0,-62
2.4,16.653401881909414,0,-63
2.4,15.85341206934218,0,-52
2.4,14.953424833139138,0,-54
2.4,14.153437541471066,0,-52
2.4,13.353451772493239,0,-49
2.4,11.764990192974796,0,-47
2.4,10.973143316332537,0,-49
2.4,10.083854136229427,0,-43
2.4,9.295105929505679,0,-48
2.4,8.508458981549593,0,-42
2.4,7.626802360143457,0,-40
2.4,6.847115760717801,0,-41
2.4,6.072715557363972,0,-40
2.4,5.210769064219628,0,-42
2.4,4.457240653207832,0,-41
2.4,3.723153802972545,0,-39
2.4,2.9387266359031745,0,-35
2.4,2.313221615095945,0,-37
2.4,1.8291731029422613,0,-41
2.4,1.6188743745293335,0,-44
2.4,1.8261966598604882,0,-36
2.4,2.3086520397119004,0,-40
2.4,2.98970805271644,0,-46
2.4,3.7619933865512603,0,-48
2.4,4.4885937932091515,0,-45
2.4,5.23663577503878,0,-77
2.4,6.09398016409587,0,-56
2.4,6.86523664853399,0,-49
2.4,7.642405003685325,0,-47
2.4,8.521771778235582,0,-56
2.4,9.306743482030258,0,-54
2.4,10.094075204806678,0,-56
2.4,10.98201230377525,0,-56
2.4,11.772827792856363,0,-57
2.4,12.564806175991393,0,-55
2.4,13.456916223273796,0,-51
2.4,14.250735919249564,0,-49
2.4,15.045210342171025,0,-51
2.4,15.840240977969698,0,-60
2.4,16.735216587786613,0,-58
2.4,17.531182340050783,0,-62
2.4,18.32749939953863,0,-69
2.4,19.223721654249644,0,-63
2.4,20.02064819729988,0,-60
2.4,20.81781050543086,0,-62
2.4,21.714867585136346,0,-69
2.4,22.512448872567937,0,-70
2.4,23.310195928819773,0,-63
2.4,24.20783910719715,0,-62
2.4,25.005886391806307,0,-62
2.4,25.80405460852818,0,-75
2.4,26.70212490121118,0,-68
2.4,27.500515526801717,0,-63
2.4,28.2989970536032,0,-67
2.4,29.19738814071938,0,-66
2.4,29.996038975834807,0,-67
2.4,30.794759850334618,0,-65
2.4,31.593545452192636,0,-64
2.4,32.49225067981194,0,-62
2.4,33.291158499513344,0,-63
2.4,11.681874603013966,0,-48
2.4,10.883982462339924,0,-49
2.4,9.98675694309724,0,-45
2.4,9.189678679936597,0,-47
2.4,8.393156393184958,0,-47
2.4,7.4979540036225485,0,-48
2.4,6.703297266302585,0,-42
2.4,5.910082422470944,0,-37
2.4,5.020290254594638,0,-44
2.4,4.2329888070201855,0,-41
2.4,3.4515321583810454,0,-37
2.4,2.5859841918148656,0,-47
2.4,1.8445037924321779,0,-39
2.4,1.1819789508603846,0,-35
2.4,0.8193376838977163,0,-36
2.4,1.1773675043227574,0,-41
2.4,1.8387697626988302,0,-38
2.4,2.5799136109947205,0,-43
2.4,3.445314824536897,0,-42
2.4,4.226709623354083,0,-49
2.4,5.013975891459222,0,-51
2.4,5.9037440866040445,0,-54
2.4,6.696945142383392,0,-53
2.4,7.491592236639203,0,-54
2.4,8.386786884144055,0,-50
2.4,9.183304102556498,0,-48
2.4,9.980378461762422,0,-50
2.4,10.877600573655444,0,-51
2.4,11.675490321180071,0,-56
2.4,12.47365039753599,0,-52
2.4,13.378333014242061,0,-51
2.4,14.176553679930088,0,-55
2.4,14.974964248368659,0,-55
2.4,15.773535882607298,0,-59
2.4,16.67209267728193,0,-55
2.4,17.47093455542256,0,-59
2.4,18.269877783932724,0,-62
2.4,19.168794282369884,0,-62
2.4,21.666256581139134,0,-60
2.4,22.46556374186357,0,-64
2.4,23.26491853069156,0,-70
2.4,24.164243713381417,0,-72
2.4,24.96368470878595,0,-61
2.4,25.763160408607753,0,-63
2.4,26.662608166487235,0,-66
2.4,27.46214766254839,0,-65
2.4,28.26171322194732,0,-64
2.4,29.161252960728046,0,-66
2.4,29.960867047526353,0,-62
2.4,30.760501202671104,0,-61
2.4,31.5601539007577,0,-68
2.4,32.459783644372756,0,-71
2.4,33.25947134636191,0,-66
2.4,11.653488500885091,0,-46
2.4,10.853214926475594,0,-47
2.4,9.953216276171764,0,-59
2.4,9.153217698723811,0,-55
2.4,8.353219393755388,0,-48
2.4,7.4532217356113195,0,-45
2.4,6.653224349153523,0,-40
2.4,5.853227677115391,0,-44
2.4,4.953232706034262,0,-40
2.4,4.15323900589742,0,-43
2.4,3.353248311725233,0,-37
2.4,2.453266035322299,0,-37
2.4,1.653297988883521,0,-37
2.4,0.8533898523105508,0,-37
2.4,0.050142197842560236,0,-43
2.4,0.8469912868411378,0,-43
2.4,1.6468983696528212,0,-46
2.4,2.44686620801903,0,-45
2.4,3.346848404084553,0,-45
2.4,4.146839066072328,0,-50
2.4,4.946832748323305,0,-50
2.4,5.846827707386445,0,-56
2.4,6.646824372573877,0,-57
2.4,7.4468217542668755,0,-51
2.4,8.34681940860112,0,-49
2.4,9.146817711082944,0,-57
2.4,9.946816286619597,0,-59
2.4,10.84681493525813,0,-58
2.4,11.646813909379642,0,-58
2.4,12.446813015374632,0,-66
2.4,13.346812137723276,0,-65
2.4,14.14681145133622,0,-60
2.4,14.946810838424291,0,-58
2.4,15.846810222868697,0,-59
2.4,16.64680973158509,0,-59
2.4,17.44680928535577,0,-60
2.4,18.24680887825476,0,-58
2.4,19.146808460929844,0,-58
2.4,19.94680812158965,0,-71
2.4,20.746807808419476,0,-70
2.4,21.646807483771667,0,-68
2.4,22.44680721705101,0,-70
2.4,23.246806968687846,0,-69
2.4,24.147088318044535,0,-63
2.4,24.94707907229668,0,-63
2.4,25.747070401103958,0,-64
2.4,26.64706126835343,0,-63
2.4,27.447053653158502,0,-62
2.4,28.2470464693097,0,-74
2.4,29.147038858850138,0,-68
2.4,29.94703247801525,0,-69
2.4,30.747026429222064,0,-70
2.4,31.647019989870426,0,-67
2.4,32.447014565892474,0,-70
2.4,33.24700940294057,0,-71
2.4,15.460461643849666,1,-77
2.4,14.567090108903859,1,-79
2.4,13.674587900222164,1,-76
2.4,12.783137104829953,1,-88
2.4,15.380620086351039,1,-74
2.4,14.482324200232604,1,-78
2.4,13.584253908132782,1,-77
2.4,12.686457119329992,1,-82
2.4,15.353210551555115,1,-88
2.4,14.453211208598637,1,-81
2.4,13.55321195290397,1,-85
2.4,12.653212803091431,1,-83
2.4,11.991808630930558,1,-77
2.4,11.10304977205986,1,-71
2.4,10.314678581556423,1,-63
2.4,9.430102557278826,1,-66
2.4,8.548746939802026,1,-70
2.4,7.7689094627724185,1,-65
2.4,6.897114921525717,1,-69
2.4,6.03360872452884,1,-62
2.4,5.276297398810162,1,-64
2.4,4.442246530829728,1,-65
2.4,3.6397519476808537,1,-66
2.4,2.9736634376853925,1,-59
2.4,2.3274265274342754,1,-53
2.4,1.9003037232460047,1,-53
2.4,1.8507820618755968,1,-56
2.4,2.1494823191970673,1,-56
2.4,2.7376110462442718,1,-67
2.4,3.46247804909959,1,-64
2.4,4.164568914122667,1,-60
2.4,4.989776973017401,1,-62
2.4,5.837132364477658,1,-71
2.4,6.602044701485511,1,-71
2.4,7.471360936294722,1,-73
2.4,11.888695228685902,1,-73
2.4,10.991601986997019,1,-74
2.4,10.194615943748794,1,-76
2.4,9.298625395213797,1,-73
2.4,8.4034917885658,1,-70
2.4,7.608781389977842,1,-65
2.4,6.716233635040625,1,-65
2.4,5.82597925163048,1,-73
2.4,5.0375504206319555,1,-67
2.4,4.155857822446175,1,-62
2.4,3.284112397644892,1,-59
2.4,2.525920473875854,1,-49
2.4,1.7188700475379404,1,-58
2.4,1.0717995336353434,1,-61
2.4,0.9813226993597964,1,-52
2.4,1.4689704694986603,1,-57
2.4,2.2432374462452627,1,-56
2.4,3.0864792628843007,1,-66
2.4,3.8576202820126246,1,-64
2.4,4.736609994518549,1,-76
2.4,5.622251705513624,1,-76
2.4,6.412846032779146,1,-72
2.4,7.304713152486487,1,-72
2.4,11.85378733740101,1,-75
2.4,10.953835594909503,1,-79
2.4,10.15388567201181,1,-74
2.4,9.253952357790943,1,-73
2.4,8.354033411487078,1,-68
2.4,7.554121672320531,1,-74
2.4,6.654246331493945,1,-70
2.4,5.754409981933722,1,-67
2.4,4.954605356651405,1,-62
2.4,4.054917291405173,1,-63
2.4,3.1554071433199375,1,-69
2.4,2.3561566671371463,1,-56
2.4,1.4579829354531857,1,-53
2.4,0.5656449770399683,1,-61
2.4,0.366325319938991,1,-59
2.4,1.1528548217398067,1,-57
2.4,2.050198585500091,1,-56
2.4,2.9491616164538055,1,-67
2.4,3.7486576584085096,1,-62
2.4,4.648297993881482,1,-60
2.4,5.548054996113544,1,-71
2.4,6.347896835951324,1,-66
2.4,7.24776063621438,1,-71
2.4,8.542493443975461,1,-76
2.4,9.325721111010344,1,-76
2.4,10.209961520021603,1,-76
2.4,11.096736197652877,1,-82
2.4,11.88664941185194,1,-86
2.4,12.776802191481947,1,-89
2.4,13.569139775248766,1,-80
2.4,14.46152807417723,1,-79
2.4,15.255512913048724,1,-77
2.4,16.149455540053793,1,-81
2.4,16.944609592438376,1,-84
2.4,17.83967584459237,1,-85
2.4,22.121630008659547,1,-86
2.4,22.91901817792392,1,-86
2.4,23.816289262603124,1,-86
2.4,24.614030840964773,1,-90
2.4,25.511659182419766,1,-90
2.4,9.19275117905746,1,-72
2.4,10.088652746528654,1,-77
2.4,10.985224360021872,1,-81
2.4,11.782615763912458,1,-81
2.4,12.680073905146461,1,-84
2.4,13.478099058841957,1,-85
2.4,15.174593050224269,1,-92
2.4,16.073036870482582,1,-92
2.4,16.87179285789963,1,-89
2.4,17.770527123297462,1,-89
2.4,18.569504954086174,1,-85
2.4,19.468455363479887,1,-85
2.4,23.764537324334828,1,-88
2.4,24.56395966125338,1,-91
2.4,25.463353161743274,1,-92
2.4,8.347634050426004,1,-86
2.4,9.147561108831791,1,-78
2.4,10.04749293305498,1,-74
2.4,10.947435966461168,1,-83
2.4,11.747392657085571,1,-83
2.4,12.647350482995472,1,-78
2.4,13.447317734020642,1,-81
2.4,14.347285256789316,1,-89
2.4,15.14725962805366,1,-90
2.4,16.04723385009523,1,-84
2.4,16.84721324847592,1,-90
2.4,17.747192291728865,1,-87
2.4,18.54717537091782,1,-87
2.4,19.447157999038275,1,-85
2.4,20.34714216393881,1,-88
2.4,21.147129219814133,1,-89
2.4,22.047115780516382,1,-89
2.4,22.847104723344597,1,-88
2.4,23.747093174522494,1,-88
2.4,25.447073588910193,1,-91
2.4,26.247065250031124,1,-91
2.4,29.347037231027514,1,-87
2.4,29.361154511353355,1,-90
2.4,30.301386671897124,1,-86
2.4,30.260727589394524,1,-86
2.4,30.24703017222174,1,-89
2.4,27.547052732358857,1,-91
2.4,27.56209197865086,1,-91
2.4,27.606725887723297,1,-87
2.4,28.504833874974064,1,-86
2.4,28.461608426784093,1,-89
2.4,28.447044736480745,1,-87
2.4,33.047010670244056,1,-91
2.4,33.05954800416174,1,-93
2.4,33.09676893957712,1,-85
2.4,33.99544608090521,1,-85
2.4,31.160325323069415,1,-92
2.4,31.19981208661044,1,-92
2.4,13.563236864505837,1,-83
2.4,12.913414507506156,1,-82
2.4,12.359279681383265,1,-87
2.4,11.82063087329251,1,-80
2.4,11.226851483947597,1,-75
2.4,10.72929234584458,1,-76
2.4,10.189827979047509,1,-84
2.4,9.747210587781625,1,-83
2.4,13.124503580800292,1,-77
2.4,12.451806063476093,1,-78
2.4,11.876152333243406,1,-80
2.4,11.3145266910457,1,-78
2.4,10.692679469729086,1,-86
2.4,10.169017368573458,1,-83
2.4,9.59811409821372,1,-83
2.4,9.126845799196552,1,-78
2.4,12.720998162180093,1,-80
2.4,12.025750464822128,1,-78
2.4,11.428656712061677,1,-80
2.4,10.843879114142467,1,-79
2.4,10.193360301790353,1,-79
2.4,9.642619677354194,1,-80
2.4,9.038528322801152,1,-79
2.4,8.536422801271115,1,-75
2.4,12.35617231354188,1,-86
2.4,11.639152642779422,1,-83
2.4,11.021133981669127,1,-78
2.4,10.413496734617281,1,-77
2.4,9.73425879262849,1,-77
2.4,9.1559442026395,1,-77
2.4,8.517405370289016,1,-75
2.4,7.9825881919219,1,-69
2.4,12.033544541891574,1,-77
2.4,11.296064546631664,1,-80
2.4,10.658170304590353,1,-78
2.4,10.028564914365086,1,-76
2.4,9.321319340180054,1,-76
2.4,8.715647666214915,1,-75
2.4,8.042225701979385,1,-72
2.4,7.473480731329986,1,-66
2.4,11.788595940207188,1,-76
2.4,11.034757552454412,1,-79
2.4,10.380818572802074,1,-77
2.4,9.7332889734876,1,-78
2.4,9.002876998015445,1,-76
2.4,8.374205290138185,1,-75
2.4,7.67086658998569,1,-71
2.4,7.072320286959681,1,-66
2.4,11.554314962005277,1,-85
2.4,10.784112121134466,1,-77
2.4,10.113980138460928,1,-75
2.4,9.448180472512414,1,-82
2.4,8.693848068671617,1,-79
2.4,8.041051811866902,1,-74
2.4,7.30570970139851,1,-75
2.4,6.674497302500848,1,-65
2.4,11.371604734643595,1,-75
2.4,10.58811948558142,1,-76
2.4,9.90473595008629,1,-80
2.4,9.22384487298624,1,-77
2.4,8.449508520671177,1,-77
2.4,7.776227507016343,1,-77
2.4,7.013172908239032,1,-64
2.4,6.352961060862935,1,-77
2.4,9.310782686891372,1,-83
2.4,8.874996013660876,1,-79
2.4,8.448656357224756,1,-76
2.4,8.100249023483917,1,-71
2.4,8.590010142149684,1,-76
2.4,8.115611760194962,1,-76
2.4,7.647051342981332,1,-75
2.4,7.260277835053592,1,-76
2.4,7.906065661373719,1,-71
2.4,7.387878872987362,1,-72
2.4,6.869861297137725,1,-70
2.4,6.436554531881844,1,-73
2.4,7.269351707110545,1,-67
2.4,6.702115654153645,1,-68
2.4,6.126385087605018,1,-70
2.4,5.636207434224455,1,-76
2.4,6.693360459544167,1,-67
2.4,6.072557471228219,1,-68
2.4,5.43048747732167,1,-69
2.4,4.870773474647055,1,-71
2.4,6.195052400190625,1,-71
2.4,5.518473905083539,1,-67
2.4,4.802894360806386,1,-67
2.4,4.159571401123396,1,-72
2.4,5.7945037959109085,1,-74
2.4,5.064696855766027,1,-71
2.4,4.27380325246543,1,-70
2.4,3.535482179386846,1,-74
2.4,7.889838670241296,1,-68
2.4,7.704790343832387,1,-75
2.4,7.626183465036303,1,-68
2.4,7.631091287776174,1,-71
2.4,7.73613561426836,1,-70
2.4,7.9147125179839355,1,-75
2.4,8.16808142970624,1,-73
2.4,8.534154571033373,1,-74
2.4,8.923377961415179,1,-72
2.4,9.364910797346145,1,-69
2.4,9.915432125844456,1,-69
2.4,7.1204462108904725,1,-71
2.4,6.914838699648917,1,-65
2.4,6.827142465346879,1,-65
2.4,6.832624257349658,1,-68
2.4,6.949747782624981,1,-64
2.4,7.147997918444098,1,-62
2.4,7.427567181928512,1,-71
2.4,7.82834556225256,1,-74
2.4,8.250931719631405,1,-77
2.4,8.726554545867454,1,-79
2.4,9.31488025913258,1,-76
2.4,6.264052541438555,1,-66
2.4,6.029311257671199,1,-67
2.4,5.928530529723279,1,-66
2.4,5.934842394018673,1,-65
2.4,6.069315796843921,1,-76
2.4,6.295353384981615,1,-62
2.4,6.611078145187801,1,-69
2.4,7.058370508960101,1,-72
2.4,7.524325500783307,1,-76
2.4,8.043031408723843,1,-77
2.4,8.677821975685845,1,-76
2.4,5.421803596739847,1,-67
2.4,5.148805127561052,1,-66
2.4,5.030414917437656,1,-65
2.4,5.037852145662834,1,-64
2.4,5.195593733303008,1,-66
2.4,5.457936811792328,1,-64
2.4,5.819274374137905,1,-67
2.4,6.322831188753658,1,-70
2.4,6.839084313082878,1,-75
2.4,7.405940469747011,1,-77
2.4,8.090871043430027,1,-69
2.4,4.691178342524483,1,-69
2.4,4.372801646696154,1,-62
2.4,4.232762010948516,1,-68
2.4,4.241598076351559,1,-65
2.4,4.427797899778977,1,-61
2.4,4.732892798412766,1,-59
2.4,5.145401271159299,1,-71
2.4,5.708712135081399,1,-72
2.4,6.275689144723942,1,-68
2.4,6.889060475941999,1,-78
2.4,7.620590150451875,1,-77
2.4,3.901891110870346,1,-68
2.4,3.5126904561983343,1,-62
2.4,3.336746055822527,1,-62
2.4,3.3479477655763246,1,-61
2.4,3.580920864945967,1,-61
2.4,3.951945627281034,1,-61
2.4,4.437651883706741,1,-61
2.4,5.080058487945181,1,-73
2.4,5.709805096579408,1,-71
2.4,6.377833036455601,1,-78
2.4,7.161773121293525,1,-73
2.4,3.0224417679658875,1,-63
2.4,2.499878845208823,1,-63
2.4,2.2459461793869697,1,-66
2.4,2.262554803907132,1,-65
2.4,2.5948784635626216,1,-62
2.4,3.0867902812859547,1,-62
2.4,3.6882454149123163,1,-65
2.4,4.440427258789364,1,-61
2.4,5.149007112111996,1,-73
2.4,5.881084444263678,1,-71
2.4,6.723198215175433,1,-75
2.4,23.463799228646383,2,-95
2.4,23.29551618320522,2,-95
2.4,23.16993470516819,2,-91
2.4,23.06492302700224,2,-91
2.4,21.00467267636659,2,-92
2.4,21.958028013535838,2,-92
2.4,19.59893757944957,2,-94
2.4,19.297749978765438,2,-94
2.4,18.1253180452605,2,-92
2.4,17.963628649068283,2,-89
2.4,17.8279767287656,2,-88
2.4,19.298259875980687,2,-92
2.4,19.26658335670075,2,-94
2.4,18.667013532986033,2,-93
2.4,18.65320868484735,2,-93
2.4,18.154799757668616,2,-92
2.4,18.101247311742267,2,-92
2.4,17.45887379646887,2,-90
2.4,17.403180003690114,2,-91
2.4,17.368047508014584,2,-90
2.4,16.862634261615604,2,-93
2.4,16.804964571245744,2,-93
2.4,16.753209669804104,2,-94
2.4,16.26667127106827,2,-94
2.4,16.15321002898195,2,-93
2.4,22.88374694494309,2,-93
2.4,22.930562013173013,2,-93
2.4,22.987585219848242,2,-93
2.4,23.07366191655686,2,-93
2.4,22.158442956137378,2,-93
2.4,22.184710821648657,2,-93
2.4,22.232997868932475,2,-93
2.4,21.535591801479214,2,-93
2.4,21.59629862360101,2,-92
2.4,21.687897875071524,2,-93
2.4,21.93705801239295,2,-92
2.4,22.093875038998355,2,-91
2.4,22.44019862297274,2,-94
2.4,22.65540364324257,2,-90
2.4,20.886672167680114,2,-97
2.4,20.937952962023864,2,-93
2.4,21.00038747832373,2,-92
2.4,21.094574521414675,2,-92
2.4,21.2114562027056,2,-93
2.4,21.350659808049937,2,-93
2.4,21.51175200300663,2,-94
2.4,21.666884276209903,2,-95
2.4,20.18783282673318,2,-97
2.4,20.24088422574238,2,-94
2.4,20.305462177446714,2,-92
2.4,20.402857501818218,2,-92
2.4,20.5236788670862,2,-93
2.4,20.66751543459111,2,-93
2.4,20.833890520947897,2,-94
2.4,20.994032348233027,2,-96
2.4,19.489076792914247,2,-98
2.4,19.544025026587782,2,-95
2.4,19.610897843793428,2,-94
2.4,19.711725298397468,2,-94
2.4,19.836756646167327,2,-95
2.4,19.98553762697027,2,-96
2.4,20.15754236604317,2,-96
2.4,20.323014398426174,2,-97
2.4,18.84739860670093,2,-92
2.4,18.916734238226333,2,-92
2.4,19.654018272063865,2,-93
2.4,19.87473859547343,2,-93
2.4,18.906035920805646,2,-96
2.4,19.30961921526125,2,-89
2.4,19.559299431170007,2,-94
2.4,17.45985435907982,2,-91
2.4,17.493179077573622,2,-91
2.4,17.879712364554816,2,-94
2.4,18.04463671673651,2,-94
2.4,16.760132285881912,2,-92
2.4,16.794845466393614,2,-91
2.4,17.052707533978765,2,-98
2.4,17.197082143177575,2,-97
2.4,17.368489693665882,2,-96
2.4,17.56613885402136,2,-95
2.4,17.755777488991324,2,-94
2.4,17.999789838727338,2,-90
2.4,18.267381701769217,2,-90
2.4,16.243939000119955,2,-93
2.4,16.365523341445545,2,-97
2.4,16.515906098037124,2,-96
2.4,16.694309037482228,2,-95
2.4,16.89984479925013,2,-94
2.4,17.09687556948795,2,-94
2.4,17.35015718194895,2,-93
2.4,15.679473021737108,2,-97
2.4,15.836371877395486,2,-97
2.4,16.022342969707758,2,-97
2.4,16.236387351831823,2,-96
2.4,16.441370813850547,2,-96
2.4,16.70459440508262,2,-90
2.4,16.99259468821929,2,-90
2.4,14.761071581704766,2,-97
2.4,14.800474122135174,2,-92
2.4,14.872754762980994,2,-92
2.4,14.960522525620087,2,-95
2.4,14.061463445893349,2,-95
2.4,13.361896356437496,2,-91
2.4,14.359925983050026,2,-93
2.4,14.591294467540823,2,-93
2.4,12.762305208705943,2,-83
2.4,12.807858300275802,2,-90
2.4,12.891316233795704,2,-94
2.4,12.992476062688622,2,-94
2.4,13.144171112676439,2,-93
2.4,13.330942736322088,2,-90
2.4,13.551340680496509,2,-87
2.4,13.803754353025138,2,-86
2.4,14.044288313705065,2,-86
2.4,14.351544663842063,2,-87
2.4,14.685762977728956,2,-87
5,20.749136710671465,0,-85
5,20.574126329890433,0,-81
5,20.409867080371868,0,-79
5,20.25662050388968,0,-81
5,20.14212189017654,0,-80
5,20.00932468222967,0,-80
5,20.283576465656196,0,-87
5,20.104513777713663,0,-84
5,19.936385686438626,0,-85
5,19.779471030302894,0,-77
5,19.662194034204745,0,-79
5,19.526133110241595,0,-82
5,19.819694100518042,0,-82
5,19.63640176402658,0,-79
5,19.464230635666613,0,-84
5,19.30347829378372,0,-84
5,19.18329153817729,0,-82
5,19.043809341590798,0,-76
5,19.357610240887105,0,-80
5,19.169900214613897,0,-79
5,18.993500842088338,0,-82
5,18.82873002192572,0,-84
5,18.70549315678932,0,-81
5,18.56242102310064,0,-78
5,18.89745681932056,0,-81
5,18.70512962366852,0,-82
5,18.52430495965768,0,-83
5,18.355322776746657,0,-81
5,18.228885710286292,0,-80
5,18.082042866856508,0,-78
5,18.439378358233032,0,-79
5,18.24222229439794,0,-85
5,18.056762562496793,0,-81
5,17.883363057281542,0,-82
5,17.75356511348263,0,-82
5,17.60275757484673,0,-80
5,17.98353341916044,0,-82
5,17.873335285788702,0,-85
5,17.684007301468068,0,-88
5,17.506916182998435,0,-85
5,17.374306151287243,0,-78
5,17.220177532151467,0,-76
5,19.843091347849622,0,-74
5,19.719276716941025,0,-77
5,19.613043472125383,0,-75
5,19.524678595041404,0,-71
5,19.464867691300253,0,-71
5,19.40986023236675,0,-70
5,19.373287646659254,0,-56
5,19.23585283368328,0,-69
5,19.130761465223426,0,-81
5,19.021241658721056,0,-74
5,18.930114480363113,0,-76
5,18.868418965027505,0,-75
5,18.811667502908865,0,-68
5,18.773929642996567,0,-57
5,18.65138585304337,0,-75
5,18.542982344791866,0,-75
5,18.42997000104587,0,-78
5,18.335904511085307,0,-72
5,18.26107867131146,0,-71
5,18.213593666269784,0,-68
5,18.174614005259382,0,-64
5,18.06793718826506,0,-72
5,17.956011646221665,0,-77
5,17.839281214203556,0,-76
5,17.742084269882827,0,-73
5,17.664743254285113,0,-74
5,17.61565083214265,0,-66
5,17.575345067456166,0,-62
5,17.582580989123276,0,-75
5,17.467545741724443,0,-82
5,17.347528764623036,0,-73
5,17.247560820000356,0,-69
5,17.167992143515185,0,-72
5,17.11747511287677,0,-69
5,17.075993506679,0,-62
5,17.00127390047771,0,-72
5,16.882278111653683,0,-76
5,16.758070122762014,0,-75
5,16.65456436655119,0,-73
5,16.57214875143789,0,-68
5,16.519809751929376,0,-64
5,16.476823548248877,0,-61
5,22.51142186182514,0,-48
5,21.713567054748033,0,-57
5,20.91587612893659,0,-48
5,20.01869411927255,0,-55
5,19.22142019313291,0,-54
5,18.424382601350796,0,-49
5,17.528037946128936,0,-46
5,16.731616605723314,0,-51
5,15.93555377892141,0,-47
5,15.040482513565658,0,-47
5,14.245385015535897,0,-46
5,13.450868902819435,0,-51
5,22.464677033974407,0,-52
5,21.665100836154846,0,-54
5,20.869237509807803,0,-48
5,19.9699602964239,0,-47
5,19.170659723669587,0,-46
5,18.37142003876422,0,-45
5,17.47235857692617,0,-44
5,16.673277849321224,0,-45
5,15.874289723973355,0,-48
5,14.975557226381392,0,-51
5,14.176818904133755,0,-43
5,13.378231356968847,0,-42
5,22.453349733180723,0,-63
5,21.653355265189436,0,-62
5,20.853361221646917,0,-62
5,19.95336849357685,0,-62
5,19.153375531233277,0,-53
5,18.353383182411516,0,-50
5,17.453392628380413,0,-54
5,16.653401881909414,0,-45
5,15.85341206934218,0,-41
5,14.953424833139138,0,-48
5,14.153437541471066,0,-47
5,13.353451772493239,0,-46
5,11.764990192974796,0,-51
5,10.973143316332537,0,-49
5,10.083854136229427,0,-51
5,9.295105929505679,0,-50
5,8.508458981549593,0,-43
5,7.626802360143457,0,-48
5,6.847115760717801,0,-46
5,6.072715557363972,0,-45
5,5.210769064219628,0,-45
5,4.457240653207832,0,-47
5,3.723153802972545,0,-45
5,2.9387266359031745,0,-47
5,2.313221615095945,0,-47
5,1.8291731029422613,0,-45
5,1.6188743745293335,0,-52
5,1.8261966598604882,0,-46
5,2.3086520397119004,0,-45
5,2.98970805271644,0,-53
5,3.7619933865512603,0,-58
5,4.4885937932091515,0,-58
5,5.23663577503878,0,-54
5,6.09398016409587,0,-51
5,6.86523664853399,0,-53
5,7.642405003685325,0,-48
5,8.521771778235582,0,-53
5,9.306743482030258,0,-52
5,10.094075204806678,0,-51
5,10.98201230377525,0,-56
5,11.772827792856363,0,-60
5,12.564806175991393,0,-51
5,13.456916223273796,0,-46
5,14.250735919249564,0,-49
5,15.045210342171025,0,-51
5,15.840240977969698,0,-52
5,16.735216587786613,0,-56
5,17.531182340050783,0,-62
5,18.32749939953863,0,-58
5,19.223721654249644,0,-58
5,20.02064819729988,0,-61
5,20.81781050543086,0,-58
5,21.714867585136346,0,-59
5,22.512448872567937,0,-57
5,23.310195928819773,0,-59
5,24.20783910719715,0,-59
5,25.005886391806307,0,-61
5,25.80405460852818,0,-60
5,26.70212490121118,0,-63
5,27.500515526801717,0,-61
5,28.2989970536032,0,-67
5,29.19738814071938,0,-67
5,29.996038975834807,0,-63
5,30.794759850334618,0,-70
5,31.593545452192636,0,-68
5,32.49225067981194,0,-69
5,33.291158499513344,0,-69
5,11.681874603013966,0,-44
5,10.883982462339924,0,-47
5,9.98675694309724,0,-47
5,9.189678679936597,0,-50
5,8.393156393184958,0,-47
5,7.4979540036225485,0,-49
5,6.703297266302585,0,-49
5,5.910082422470944,0,-50
5,5.020290254594638,0,-50
5,4.2329888070201855,0,-53
5,3.4515321583810454,0,-47
5,2.5859841918148656,0,-44
5,1.8445037924321779,0,-48
5,1.1819789508603846,0,-47
5,0.8193376838977163,0,-44
5,1.1773675043227574,0,-45
5,1.8387697626988302,0,-48
5,2.5799136109947205,0,-50
5,3.445314824536897,0,-53
5,4.226709623354083,0,-53
5,5.013975891459222,0,-55
5,5.9037440866040445,0,-51
5,6.696945142383392,0,-52
5,7.491592236639203,0,-50
5,8.386786884144055,0,-56
5,9.183304102556498,0,-54
5,9.980378461762422,0,-53
5,10.877600573655444,0,-56
5,11.675490321180071,0,-61
5,12.47365039753599,0,-54
5,13.378333014242061,0,-55
5,14.176553679930088,0,-58
5,14.974964248368659,0,-58
5,15.773535882607298,0,-59
5,16.67209267728193,0,-60
5,17.47093455542256,0,-60
5,18.269877783932724,0,-62
5,19.168794282369884,0,-62
5,19.967913116793063,0,-64
5,20.767099803289263,0,-62
5,21.666256581139134,0,-62
5,22.46556374186357,0,-63
5,23.26491853069156,0,-65
5,24.164243713381417,0,-64
5,24.96368470878595,0,-63
5,25.763160408607753,0,-66
5,26.662608166487235,0,-67
5,27.46214766254839,0,-69
5,28.26171322194732,0,-65
5,29.161252960728046,0,-66
5,29.960867047526353,0,-65
5,30.760501202671104,0,-61
5,31.5601539007577,0,-62
5,32.459783644372756,0,-59
5,33.25947134636191,0,-65
5,11.653488500885091,0,-48
5,10.853214926475594,0,-46
5,9.953216276171764,0,-44
5,9.153217698723811,0,-43
5,8.353219393755388,0,-47
5,7.4532217356113195,0,-48
5,6.653224349153523,0,-48
5,5.853227677115391,0,-44
5,4.953232706034262,0,-46
5,4.15323900589742,0,-48
5,3.353248311725233,0,-43
5,2.453266035322299,0,-39
5,1.653297988883521,0,-41
5,0.8533898523105508,0,-44
5,0.050142197842560236,0,-45
5,0.8469912868411378,0,-47
5,1.6468983696528212,0,-48
5,2.44686620801903,0,-55
5,3.346848404084553,0,-50
5,4.146839066072328,0,-49
5,4.946832748323305,0,-53
5,5.846827707386445,0,-56
5,6.646824372573877,0,-53
5,7.4468217542668755,0,-51
5,8.34681940860112,0,-55
5,9.146817711082944,0,-58
5,9.946816286619597,0,-54
5,10.84681493525813,0,-56
5,11.646813909379642,0,-60
5,12.446813015374632,0,-64
5,13.346812137723276,0,-61
5,14.14681145133622,0,-59
5,14.946810838424291,0,-63
5,15.846810222868697,0,-63
5,16.64680973158509,0,-64
5,17.44680928535577,0,-63
5,18.24680887825476,0,-61
5,19.146808460929844,0,-63
5,19.94680812158965,0,-65
5,20.746807808419476,0,-60
5,21.646807483771667,0,-65
5,22.44680721705101,0,-69
5,23.246806968687846,0,-66
5,24.147088318044535,0,-66
5,24.94707907229668,0,-68
5,25.747070401103958,0,-70
5,26.64706126835343,0,-62
5,27.447053653158502,0,-63
5,28.2470464693097,0,-69
5,29.147038858850138,0,-70
5,29.94703247801525,0,-73
5,30.747026429222064,0,-70
5,31.647019989870426,0,-64
5,32.447014565892474,0,-68
5,33.24700940294057,0,-69
5,11.991808630930558,1,-89
5,10.314678581556423,1,-90
5,9.430102557278826,1,-89
5,8.548746939802026,1,-89
5,7.7689094627724185,1,-88
5,6.897114921525717,1,-90
5,6.03360872452884,1,-86
5,5.276297398810162,1,-88
5,4.442246530829728,1,-87
5,3.6397519476808537,1,-85
5,2.9736634376853925,1,-86
5,2.3274265274342754,1,-85
5,1.9003037232460047,1,-87
5,1.8507820618755968,1,-88
5,2.1494823191970673,1,-83
5,2.7376110462442718,1,-83
5,3.46247804909959,1,-85
5,4.164568914122667,1,-89
5,4.989776973017401,1,-88
5,10.194615943748794,1,-89
5,9.298625395213797,1,-91
5,8.4034917885658,1,-85
5,7.608781389977842,1,-88
5,6.716233635040625,1,-87
5,5.82597925163048,1,-86
5,5.0375504206319555,1,-86
5,4.155857822446175,1,-87
5,3.284112397644892,1,-80
5,2.525920473875854,1,-80
5,1.7188700475379404,1,-83
5,1.0717995336353434,1,-90
5,0.9813226993597964,1,-86
5,1.4689704694986603,1,-84
5,2.2432374462452627,1,-87
5,3.0864792628843007,1,-85
5,3.8576202820126246,1,-89
5,4.736609994518549,1,-89
5,5.622251705513624,1,-89
5,11.85378733740101,1,-82
5,10.15388567201181,1,-88
5,9.253952357790943,1,-86
5,8.354033411487078,1,-88
5,7.554121672320531,1,-86
5,6.654246331493945,1,-90
5,5.754409981933722,1,-88
5,4.954605356651405,1,-88
5,4.054917291405173,1,-85
5,3.1554071433199375,1,-89
5,2.3561566671371463,1,-84
5,1.4579829354531857,1,-84
5,0.5656449770399683,1,-78
5,0.366325319938991,1,-84
5,1.1528548217398067,1,-87
5,2.050198585500091,1,-87
5,2.9491616164538055,1,-86
5,3.7486576584085096,1,-88
5,4.648297993881482,1,-88
5,5.548054996113544,1,-90
5,6.347896835951324,1,-90
5,7.889838670241296,1,-95
5,6.914838699648917,1,-89
5,6.827142465346879,1,-90
5,7.427567181928512,1,-102
5,7.82834556225256,1,-102
5,6.029311257671199,1,-92
5,5.928530529723279,1,-92
5,5.934842394018673,1,-94
5,6.611078145187801,1,-101
5,7.058370508960101,1,-101
5,7.524325500783307,1,-101
5,8.043031408723843,1,-102
5,5.421803596739847,1,-89
5,5.148805127561052,1,-89
5,5.030414917437656,1,-89
5,5.037852145662834,1,-91
5,5.195593733303008,1,-89
5,5.819274374137905,1,-99
5,6.322831188753658,1,-99
5,7.405940469747011,1,-101
5,4.691178342524483,1,-87
5,4.372801646696154,1,-87
5,4.232762010948516,1,-90
5,4.732892798412766,1,-90
5,3.336746055822527,1,-88
5,3.3479477655763246,1,-87
5,3.580920864945967,1,-84
5,5.080058487945181,1,-87
5,2.499878845208823,1,-89
5,2.2459461793869697,1,-89
5,3.6882454149123163,1,-86
5,4.440427258789364,1,-86
2.4,16.7042579918202,1,-90
2.4,16.299623661505876,1,-91
2.4,15.900415968022836,1,-89
2.4,15.507054020850925,1,-91
2.4,15.196878678371277,1,-89
2.4,14.815215759973556,1,-92
2.4,16.419179905682366,1,-92
2.4,16.00734097920691,1,-91
2.4,15.600655809100788,1,-91
2.4,15.199538089148087,1,-93
2.4,14.882955193207097,1,-90
2.4,14.493027693772044,1,-89
2.4,16.144556435313984,1,-90
2.4,15.725526984571024,1,-92
2.4,15.311358378403424,1,-92
2.4,14.902455899660902,1,-92
2.4,14.579423479715675,1,-92
2.4,14.181152472571403,1,-91
2.4,15.880929954222225,1,-93
2.4,15.4547543707542,1,-93
2.4,14.6164436700318,1,-92
2.4,14.286945884924437,1,-91
2.4,13.880285269697904,1,-89
2.4,15.628856961684285,1,-92
2.4,15.195613392628172,1,-93
2.4,14.76658941081704,1,-93
2.4,14.342163688826288,1,-90
2.4,14.006214921835019,1,-89
2.4,13.591157157728228,1,-92
2.4,15.388905212738882,1,-92
2.4,14.948708977570446,1,-93
2.4,14.512387692779178,1,-92
2.4,14.080301594602362,1,-89
2.4,13.737950726163946,1,-91
2.4,13.31453290971718,1,-93
2.4,13.880226221833041,1,-91
2.4,13.532814826517365,1,-91
2.4,14.29315616103649,1,-85
2.4,13.858171191867104,1,-86
2.4,13.435903561815833,1,-79
2.4,13.027589963678444,1,-78
2.4,12.698960457894522,1,-80
2.4,12.319829237878606,1,-79
2.4,11.958795432225125,1,-81
2.4,13.817817946228395,1,-84
2.4,13.445355675642977,1,-91
2.4,13.00969580673833,1,-84
2.4,12.587564527071343,1,-90
2.4,12.247133426750038,1,-90
2.4,11.853559503876381,1,-86
2.4,11.477868645844403,1,-82
2.4,13.430590949640342,1,-87
2.4,13.04707897216823,1,-87
2.4,12.597653172131484,1,-91
2.4,12.16122778277894,1,-85
2.4,11.739252826477259,1,-86
2.4,11.39980497084874,1,-79
2.4,11.008639748520594,1,-76
2.4,13.059458400638619,1,-82
2.4,12.664712794510734,1,-87
2.4,12.201210837730981,1,-87
2.4,11.750069857072505,1,-85
2.4,11.312768776272403,1,-87
2.4,10.96012015604013,1,-85
2.4,10.552669310376265,1,-83
2.4,12.763490409597415,1,-82
2.4,12.3592954445356,1,-82
2.4,11.883887395319704,1,-92
2.4,11.420217833472288,1,-88
2.4,10.969775344248323,1,-86
2.4,10.60572805387314,1,-88
2.4,10.184108370006266,1,-83
2.4,12.425593261383327,1,-81
2.4,10.196575308119941,1,-85
2.4,9.757291824757585,1,-84
2.4,13.56264802264486,1,-84
2.4,12.810815560874799,1,-87
2.4,12.065180035264754,1,-84
2.4,11.235283261917589,1,-87
2.4,10.507290988838411,1,-82
2.4,9.790543287924539,1,-83
2.4,9.000986532869524,1,-82
2.4,8.318012533862754,1,-85
2.4,7.657735073903852,1,-75
2.4,6.950102672210787,1,-72
2.4,6.3620359243618605,1,-76
2.4,5.824695275417438,1,-74
2.4,13.887531378080576,1,-81
2.4,13.15428073768277,1,-88
2.4,12.386112181159106,1,-90
2.4,11.579239856589565,1,-83
2.4,10.874298579909954,1,-79
2.4,10.183415122326645,1,-78
2.4,9.426821534632195,1,-72
2.4,8.777046097315694,1,-70
2.4,8.15402429129347,1,-74
2.4,7.4934059569182745,1,-77
2.4,6.9514535734461775,1,-73
2.4,6.463302618041104,1,-71
2.4,14.217972199230076,1,-81
2.4,13.50267778652363,1,-87
2.4,12.79741697981581,1,-83
2.4,12.018190464768495,1,-87
2.4,11.340567710483091,1,-88
2.4,10.67988997811546,1,-81
2.4,9.961077784899851,1,-74
2.4,9.348510286961483,1,-77
2.4,8.766197495723219,1,-81
2.4,8.15531968877973,1,-75
2.4,7.6603402780031695,1,-76
2.4,7.22027611129914,1,-69
2.4,4.925613636111126,1,-65
2.4,4.659747164905326,1,-62
2.4,4.514007569003125,1,-65
2.4,4.532972345119354,1,-75
2.4,4.690353102935451,1,-78
2.4,5.016216993152359,1,-71
2.4,5.416087782799486,1,-76
2.4,5.8979302148795565,1,-77
2.4,6.515259128520022,1,-76
2.4,7.114785693214018,1,-72
2.4,7.750596713090045,1,-78
2.4,8.499104076379844,1,-80
2.4,9.187292530976462,1,-88
2.4,9.892316108896601,1,-85
2.4,10.610819569992438,1,-82
2.4,11.432082602881634,1,-87
2.4,12.171445542239763,1,-83
2.4,12.883507279704316,1,-81
2.4,26.673398685091346,1,-97
2.4,5.666469392236283,1,-73
2.4,5.436952208889644,1,-63
2.4,5.31257658899373,1,-69
2.4,5.328700025571304,1,-73
2.4,5.463205827270557,1,-71
2.4,5.745401518022674,1,-69
2.4,6.097639916549403,1,-67
2.4,6.529378722397405,1,-67
2.4,7.091953693635502,1,-78
2.4,7.646396611559568,1,-77
2.4,8.24129571668612,1,-76
2.4,9.604871145967689,1,-89
2.4,13.218277732640294,1,-83
2.4,14.047273290905558,1,-83
2.4,15.540560955338364,1,-88
2.4,16.389388502893013,1,-88
2.4,26.81711026741583,1,-92
2.4,27.60233644174599,1,-92
2.4,29.27359854346767,1,-93
2.4,30.061190023562137,1,-93
2.4,30.849420085008266,1,-93
2.4,33.316255614499724,1,-94
2.4,34.205495302112766,1,-92
2.4,34.9963924256695,1,-90
2.4,35.78769420848538,1,-93
2.4,36.678359797736746,1,-93
2.4,6.516669530072142,1,-71
2.4,6.219940112465446,1,-65
2.4,6.1115199169135455,1,-73
2.4,6.125540763347372,1,-65
2.4,6.242901856671276,1,-71
2.4,6.491289878306463,1,-72
2.4,6.805028892870573,1,-69
2.4,7.194441756064376,1,-70
2.4,7.708632360774311,1,-79
2.4,8.22159271809157,1,-81
2.4,8.777594247330851,1,-78
2.4,9.445061220709473,1,-82
2.4,10.06880109107084,1,-86
2.4,10.715984759234619,1,-87
2.4,12.151828010670755,1,-94
2.4,12.849844277247941,1,-91
2.4,13.559132416866536,1,-90
2.4,14.368475652980568,1,-87
2.4,15.096511734135627,1,-84
2.4,15.831495206944096,1,-83
2.4,22.16445741061607,1,-94
2.4,22.934575345002855,1,-94
2.4,26.227541545809444,1,-92
2.4,27.006212423917567,1,-92
2.4,30.230005822423056,1,-93
2.4,31.013945669203903,1,-94
2.4,31.896831295044116,1,-94
2.4,40.8509314412745,1,-92
2.4,41.741365817518286,1,-94
2.4,42.53320108174887,1,-94
2.4,7.136969858402457,0,-43
2.4,6.441999646997777,0,-43
2.4,5.803652310751716,0,-72
2.4,5.242652080413884,0,-61
2.4,7.713264234470723,0,-50
2.4,7.075130093711318,0,-47
2.4,6.499268153808841,0,-56
2.4,6.003624507519443,0,-50
2.4,8.347008538499603,0,-53
2.4,7.761157918375297,0,-72
2.4,7.24006857192208,0,-49
2.4,6.798647925750245,0,-46
2.4,4.830835826735099,0,-41
2.4,4.494440507676307,0,-40
2.4,4.332616925789888,0,-49
2.4,4.323724102878825,0,-47
2.4,4.498623212716261,0,-48
2.4,4.792617735495805,0,-49
2.4,5.250924247288586,0,-48
2.4,5.813366162812859,0,-67
2.4,6.378620547699701,0,-56
2.4,7.068933496908222,0,-54
2.4,7.802104938789624,0,-52
2.4,8.480826340898908,0,-54
2.4,9.26754747042922,0,-61
2.4,10.073254529139689,0,-62
2.4,10.89373569997949,0,-72
2.4,11.632929615948296,0,-67
2.4,12.47349478461354,0,-72
2.4,13.321827683690982,0,-75
2.4,14.081287824007962,0,-70
2.4,14.940739187695137,0,-71
2.4,16.575894609809236,0,-79
2.4,17.446584273366437,0,-79
2.4,5.6475730341348775,0,-49
2.4,5.362658097255661,0,-48
2.4,5.227779243298349,0,-47
2.4,5.220411526770216,0,-68
2.4,5.366164104927245,0,-46
2.4,5.614916842626343,0,-54
2.4,6.010849510824843,0,-53
2.4,6.507943802304807,0,-51
2.4,7.017471516333848,0,-45
2.4,7.650354709079256,0,-55
2.4,8.33252349933113,0,-53
2.4,8.971205148446044,0,-59
2.4,9.718309652798633,0,-66
2.4,10.489450090441029,0,-60
2.4,11.279697863508034,0,-67
2.4,11.995130588727536,0,-64
2.4,12.811954516497522,0,-72
2.4,13.639252150502076,0,-68
2.4,14.381959990681901,0,-71
2.4,15.224447243356627,0,-65
2.4,16.07317064421091,0,-66
2.4,16.83206429724301,0,-76
2.4,17.690150061508724,0,-76
2.4,6.392361602474794,0,-45
2.4,6.142093091851375,0,-42
2.4,6.024689327888016,0,-48
2.4,6.018297283263932,0,-58
2.4,6.145154422951168,0,-55
2.4,6.363528646161315,0,-55
2.4,6.715468525925048,0,-56
2.4,7.163835440241787,0,-58
2.4,7.629686242792921,0,-54
2.4,8.215542152264684,0,-56
2.4,8.854273180098533,0,-56
2.4,9.457786606622687,0,-59
2.4,10.169205877972269,0,-62
2.4,10.908518179879428,0,-63
2.4,11.670423710085867,0,-68
2.4,12.363266701059784,0,-74
2.4,13.157255953036254,0,-70
2.4,13.964111318157062,0,-70
2.4,14.690404312151577,0,-66
2.4,15.516152859090294,0,-78
2.4,16.349740678030038,0,-74
2.4,17.096362016155062,0,-74
2.4,17.941811917406888,0,-71
2.4,18.51456769646543,0,-77
2.4,19.293542726404617,0,-83
2.4,20.171856920664858,0,-90
2.4,21.052003047689997,0,-80
2.4,21.835714008672777,0,-85
2.4,22.71874615731957,0,-82
2.4,23.50474422131247,0,-83
2.4,24.39008039350212,0,-83
2.4,28.533783219749232,0,-86
2.4,29.423796585821776,0,-90
2.4,30.31439965125471,0,-91
2.4,31.99808464356523,0,-87
2.4,32.79098953684326,0,-88
2.4,33.68340860865389,0,-88
2.4,34.47700087661539,0,-92
2.4,35.37013726490628,0,-90
2.4,36.16432197742565,0,-89
2.4,18.744261078474693,0,-82
2.4,19.514069214969506,0,-83
2.4,20.382882966322374,0,-84
2.4,21.254292242061815,0,-82
2.4,22.030808261604214,0,-83
2.4,22.906320816572503,0,-84
2.4,25.34730166982505,0,-91
2.4,26.228776613355226,0,-91
2.4,27.013335532323467,0,-86
2.4,27.897012694445685,0,-86
2.4,29.56886727480167,0,-86
2.4,30.45522832958262,0,-82
2.4,31.243759481784693,0,-89
2.4,32.131534778901944,0,-88
2.4,32.92122569401669,0,-89
2.4,33.810207362401066,0,-90
2.4,34.600891546854086,0,-90
2.4,35.49091033672329,0,-91
2.4,36.282451549997724,0,-89
2.4,18.981952719858093,0,-80
2.4,19.74249485266559,0,-77
2.4,20.601677691384783,0,-76
2.4,24.746743900429067,0,-85
2.4,25.523575525815783,0,-87
2.4,26.39916529578533,0,-89
2.4,27.17880612283763,0,-89
2.4,28.057272193764142,0,-88
2.4,28.839245775567182,0,-91
2.4,29.720113014518365,0,-90
2.4,30.602093691247966,0,-89
2.4,31.386935375033314,0,-89
2.4,32.27077211547148,0,-93
2.4,33.057137003637976,0,-89
2.4,33.94255923717989,0,-87
2.4,34.730230369493164,0,-88
2.4,39.466673855414534,0,-79
2.4,39.35290509643163,0,-91
2.4,39.24401907472952,0,-91
2.4,40.13871016649524,0,-92
2.4,40.24517561423888,0,-92
2.4,40.356429052901035,0,-89
2.4,37.68862300250982,0,-89
2.4,38.460994771801985,0,-91
2.4,38.577393957050624,0,-91
2.4,43.023187574156175,0,-88
2.4,42.92361311271462,0,-88
2.4,44.01868802468,0,-91
2.4,41.24662879065402,0,-91
2.4,42.129937673213476,0,-92
2.4,42.23622679678854,0,-87
2.4,2.1849393797551406,0,-31
2.4,1.7394062325414772,0,-29
2.4,1.5955128475911982,0,-32
2.4,1.745218740402764,0,-34
2.4,2.1948490609726146,0,-35
2.4,2.7235068579823336,0,-36
2.4,3.40427136904157,0,-42
2.4,4.035986962206469,0,-45
2.4,1.691498085754602,0,-34
2.4,1.054864788828805,0,-31
2.4,0.7955293380732593,0,-34
2.4,1.0644219711936214,0,-34
2.4,1.7042793436989938,0,-38
2.4,2.346208704779587,0,-39
2.4,3.1106702227948992,0,-40
2.4,3.791621874608187,0,-41
2.4,1.4927730755269542,0,-36
2.4,0.692780920361955,0,-41
2.4,0.008521070472427134,0,-35
2.4,0.7072480566720792,0,-35
2.4,1.5072404460688384,0,-35
2.4,2.2072383123011945,0,-36
2.4,3.007237090069485,0,-36
2.4,3.7072364533320528,0,-35
2.4,1.6957526753406351,0,-34
2.4,1.0616737184861824,0,-32
2.4,0.8045360710053443,0,-34
2.4,1.0711701520174808,0,-34
2.4,1.7085021051121099,0,-33
2.4,2.349277899312243,0,-33
2.4,3.112985800930725,0,-33
2.4,3.7935218203960206,0,-30
2.4,2.191525226145397,0,-30
2.4,1.747671812850167,0,-31
2.4,1.6045198566722156,0,-33
2.4,1.7534569214782165,0,-33
2.4,2.2014052612091266,0,-34
2.4,2.728793200135118,0,-35
2.4,3.4085020577524987,0,-34
2.4,4.039556099712869,0,-30
2.4,2.745739934448458,0,-33
2.4,2.406379383269475,0,-32
2.4,2.3045149036725316,0,-34
2.4,2.410584191907276,0,-37
2.4,2.753632164046718,0,-37
2.4,3.191021356853797,0,-41
2.4,3.7886925513290737,0,-42
2.4,4.365125250610896,0,-37
2.4,3.4447486800246727,0,-32
2.4,3.180859540616511,0,-36
2.4,3.1045119780982517,0,-40
2.4,3.184041743944315,0,-43
2.4,3.4510427084838162,0,-47
2.4,3.809176155129052,0,-49
2.4,4.322198159432664,0,-44
2.4,4.835444564300944,0,-51
2.4,4.180131475137884,0,-42
2.4,3.9654852285738973,0,-44
2.4,3.904510251371126,0,-41
2.4,3.968038244282261,0,-37
2.4,4.185319755608406,0,-46
2.4,4.485201072606494,0,-53
2.4,5.384118295072485,0,-45
2.4,4.5594705756988345,0,-44
2.4,5.32168637550756,0,-45
2.4,6.190586932709784,0,-45
2.4,7.06727580214692,0,-43
2.4,4.348204034044805,0,-48
2.4,5.141833551398066,0,-55
2.4,6.036677311440225,0,-50
2.4,6.932856096489487,0,-53
2.4,4.317983871288031,0,-49
2.4,5.116303222181314,0,-51
2.4,6.01494633005792,0,-52
2.4,6.91394243869961,0,-50
2.4,4.472481537549778,0,-49
2.4,5.2473483829762015,0,-50
2.4,6.126800612432014,0,-50
2.4,7.011469634582436,0,-49
2.4,4.793870825829965,0,-49
2.4,5.523836659726915,0,-51
2.4,6.365201657097546,0,-48
2.4,7.220721073943489,0,-66
2.4,5.251600126224742,0,-51
2.4,5.925443260580853,0,-53
2.4,6.71668806232189,0,-46
2.4,7.5323913346766345,0,-57
2.4,5.813554014265608,0,-49
2.4,6.42876226231637,0,-47
2.4,7.164635714225632,0,-59
2.4,7.934420307100683,0,-50
2.4,7.752839123097794,0,-55
2.4,8.637681121736906,0,-59
2.4,9.426617055413328,0,-60
2.4,10.217273758591807,0,-62
2.4,11.108361884192608,0,-63
2.4,11.901566186800057,0,-62
2.4,12.695623326461043,0,-59
2.4,13.589770871488458,0,-63
2.4,14.385181482628415,0,-60
2.4,15.181074409828664,0,-58
2.4,16.076941280260034,0,-64
2.4,7.638960672077221,0,-61
2.4,8.535616020048984,0,-62
2.4,9.333183529231393,0,-62
2.4,10.131134622485058,0,-65
2.4,11.029184440886365,0,-60
2.4,11.827699834696903,0,-58
2.4,12.626403182549195,0,-60
2.4,13.525127652649452,0,-58
2.4,14.324128314458166,0,-55
2.4,15.12323463805483,0,-59
2.4,16.02233586621613,0,-58
2.4,7.609982032867261,0,-57
2.4,8.509691371180091,0,-60
2.4,9.309480177826053,0,-61
2.4,10.109302405702161,0,-61
2.4,11.009133291141039,0,-62
2.4,11.809004605414852,0,-58
2.4,12.608892247906178,0,-59
2.4,13.508781751567494,0,-56
2.4,14.308695201173384,0,-54
2.4,15.108617815957933,0,-56
2.4,16.008540002163095,0,-58
2.4,7.686997653933725,0,-56
2.4,8.578633552248107,0,-60
2.4,9.372541148074852,0,-59
2.4,10.167403873209501,0,-59
2.4,11.062509761041117,0,-61
2.4,11.858781394465844,0,-65
2.4,12.655523304483642,0,-58
2.4,13.552316805716393,0,-55
2.4,14.349803648520849,0,-54
2.4,15.147555535455268,0,-57
2.4,16.045293995183634,0,-64
2.4,7.842011133152599,0,-62
2.4,8.71780702382564,0,-57
2.4,9.50009122341796,0,-61
2.4,10.285101224677485,0,-59
2.4,11.17078009335233,0,-55
2.4,11.959845393759736,0,-55
2.4,12.750273557505944,0,-63
2.4,13.6408392880867,0,-64
2.4,14.433435849859483,0,-55
2.4,15.22680676900473,0,-50
2.4,8.107727487003332,0,-68
2.4,8.957581464641208,0,-57
2.4,9.72058844125617,0,-60
2.4,10.48910928500997,0,-55
2.4,11.358892300090567,0,-61
2.4,12.135732702793682,0,-58
2.4,12.91540096869839,0,-65
2.4,13.795310901695176,0,-62
2.4,14.579512228570236,0,-65
2.4,15.365342520478622,0,-57
2.4,16.251054472365873,0,-59
2.4,8.550739898672868,0,-58
2.4,9.360457975277194,0,-59
2.4,10.093054416554473,0,-63
2.4,10.835189034074535,0,-51
2.4,11.67922694771805,0,-64
2.4,12.43607317624429,0,-55
2.4,13.198010834724377,0,-56
2.4,14.060245754810847,0,-65
2.4,14.830444519105816,0,-68
2.4,13.445656696264626,1,-81
2.4,13.32824028011947,1,-80
2.4,13.246822031543736,1,-79
2.4,13.202067978395881,1,-86
2.4,13.193180176396664,1,-84
2.4,13.217273097642316,1,-85
2.4,13.289977946504125,1,-86
2.4,13.392528468864997,1,-82
2.4,13.530562581066345,1,-82
2.4,13.676312661709398,1,-87
2.4,12.75953804801844,1,-81
2.4,12.635747550882124,1,-74
2.4,12.54983749458203,1,-80
2.4,12.502588776377888,1,-79
2.4,12.493203367106867,1,-82
2.4,12.518643510488017,1,-88
2.4,12.595381733936867,1,-86
2.4,12.703540687319574,1,-81
2.4,12.848978596183326,1,-83
2.4,13.002371138598424,1,-85
2.4,12.075012977378313,1,-77
2.4,11.944130080279937,1,-79
2.4,11.853208356619795,1,-81
2.4,11.803171324531164,1,-79
2.4,11.793229310791629,1,-82
2.4,11.820176079386812,1,-81
2.4,11.901418748561655,1,-82
2.4,12.015825947449816,1,-86
2.4,12.16948553432731,1,-81
2.4,12.331333359814813,1,-83
2.4,11.489761479913504,1,-82
2.4,11.352133008210286,1,-78
2.4,11.256430553549864,1,-80
2.4,11.20372856586968,1,-82
2.4,11.193254130875628,1,-82
2.4,11.221641725218182,1,-75
2.4,11.30718571042611,1,-72
2.4,10.809012261549555,1,-83
2.4,10.662600575897137,1,-85
2.4,10.560651306236531,1,-75
2.4,10.50445909995887,1,-72
2.4,10.493286674983619,1,-72
2.4,10.742852547898172,1,-82
2.4,10.914448489808159,1,-76
2.4,11.09461987169257,1,-78
2.4,10.227581656079707,1,-74
2.4,10.072722149576622,1,-73
2.4,9.964739659086174,1,-77
2.4,9.90516741121311,1,-80
2.4,9.893318235295894,1,-79
2.4,9.925424458209918,1,-82
2.4,10.022038532980122,1,-79
2.4,10.157635616979562,1,-72
2.4,10.338948993883522,1,-71
2.4,10.528972910916105,1,-79
2.4,9.552149168475259,1,-81
2.4,9.386152497567677,1,-75
2.4,9.270176032761691,1,-80
2.4,9.2061103974036,1,-76
2.4,9.193360262160008,1,-85
2.4,9.22790213865839,1,-83
2.4,9.331740650144688,1,-80
2.4,9.477219451524597,1,-79
2.4,9.671297405371709,1,-78
2.4,9.874178333604757,1,-81
2.4,8.880522560177809,1,-79
2.4,8.70172315766368,1,-85
2.4,8.576496422398469,1,-77
2.4,8.507208464250017,1,-72
2.4,8.49340921626217,1,-71
2.4,8.530785724989261,1,-73
2.4,8.643003573213843,1,-77
2.4,8.799875893294214,1,-82
2.4,9.008558192528591,1,-79
2.4,9.226024331685563,1,-78
2.4,8.117183401529736,1,-80
2.4,7.982792202285065,1,-79
2.4,7.9083042629666584,1,-75
2.4,7.893458087323746,1,-71
2.4,7.933661547301475,1,-69
2.4,8.054203326713123,1,-75
2.4,8.222316960494174,1,-74
2.4,8.445282776178871,1,-73
2.4,8.6768776314008,1,-78
2.4,7.646730582955108,1,-76
2.4,7.438332715003701,1,-74
2.4,7.29144008751959,1,-80
2.4,7.209813001783131,1,-73
2.4,7.19352540701436,1,-76
2.4,7.237617892107492,1,-79
2.4,7.3695534758261445,1,-69
2.4,7.552921514477334,1,-70
2.4,7.795057945560632,1,-80
2.4,8.045392012532888,1,-78
2.4,7.085278333964761,1,-78
2.4,6.859845044936789,1,-74
2.4,6.700282009836391,1,-75
2.4,6.611360221779673,1,-76
2.4,6.64167096547277,1,-72
2.4,6.785204410665216,1,-72
2.4,6.983931834239513,1,-73
2.4,7.2451093046342265,1,-73
2.4,7.51378819882338,1,-80
2.4,10.473729758314844,1,-87
2.4,10.728672765579626,1,-83
2.4,11.0104415702355,1,-85
2.4,11.370405821357625,1,-82
2.4,9.927119194996074,1,-84
2.4,10.195739295035919,1,-84
2.4,10.49183034713293,1,-82
2.4,10.868983807321314,1,-82
2.4,9.387032330460409,1,-84
2.4,9.670665966405263,1,-82
2.4,9.982343637366379,1,-82
2.4,10.378029170572919,1,-83
2.4,8.76678408415158,1,-76
2.4,9.069835028202744,1,-78
2.4,9.401452637730696,1,-78
2.4,9.820571096951891,1,-85
2.4,8.24531282848522,1,-81
2.4,8.56683068002765,1,-80
2.4,8.917174000822401,1,-86
2.4,9.358007113255278,1,-81
2.4,7.7352352324303935,1,-85
2.4,8.07708291165273,1,-82
2.4,8.91184479180298,1,-89
2.4,13.846549472035004,1,-84
2.4,14.040382350284942,1,-85
2.4,14.256848908607852,1,-87
2.4,14.49493515209892,1,-86
2.4,13.181314785958847,1,-77
2.4,13.38478478524094,1,-81
2.4,13.611681307167654,1,-85
2.4,13.860853951635786,1,-86
2.4,12.972200862341046,1,-88
2.4,13.23341979510972,1,-82
2.4,11.95641531367204,1,-79
2.4,12.701656582314424,1,-91
2.4,11.3038044196649,1,-91
2.4,11.540424542395126,1,-86
2.4,11.802830291052894,1,-86
2.4,12.089342709182985,1,-79
2.4,14.753594454377312,1,-87
2.4,15.079948749748004,1,-90
2.4,15.431174915275237,1,-88
2.4,15.750763902950858,1,-87
2.4,16.143818275033116,1,-84
2.4,16.557148711903462,1,-84
2.4,16.98927539475654,1,-86
2.4,17.438801088654955,1,-81
2.4,17.83696127905068,1,-81
2.4,18.807705804056486,1,-91
2.4,14.13112439012754,1,-87
2.4,14.471523123018216,1,-86
2.4,14.837158975721874,1,-84
2.4,15.169267969533804,1,-88
2.4,15.577002141051329,1,-91
2.4,16.004977371840017,1,-88
2.4,16.451614074123682,1,-83
2.4,16.915434094775627,1,-79
2.4,17.325625959121297,1,-85
2.4,17.8177894208617,1,-87
2.4,18.323480150259787,1,-84
2.4,13.516242219429254,1,-87
2.4,13.871737768033077,1,-87
2.4,14.252768631948973,1,-87
2.4,14.598178582842062,1,-82
2.4,15.021422133318206,1,-84
2.4,15.464780240214711,1,-83
2.4,15.926573167160875,1,-82
2.4,16.405244217009454,1,-82
2.4,16.8278769332439,1,-84
2.4,17.334178580226858,1,-86
2.4,17.853572528264163,1,-87
2.4,12.99605648632428,1,-85
2.4,13.36539521175954,1,-85
2.4,13.760453994593279,1,-83
2.4,14.117914095148695,1,-81
2.4,14.555129795669691,1,-81
2.4,15.01226526342993,1,-80
2.4,15.48755672500922,1,-79
2.4,15.979384164640752,1,-79
2.4,16.412986399246535,1,-81
2.4,16.931698896231445,1,-82
2.4,12.3982906644729,1,-86
2.4,12.78490971307773,1,-83
2.4,13.19735660434856,1,-81
2.4,13.569658271416515,1,-79
2.4,14.023976988494242,1,-79
2.4,14.497870034753703,1,-79
2.4,14.989480995531592,1,-78
2.4,15.497123781082607,1,-79
2.4,15.943846767542523,1,-81
2.4,16.477334575642676,1,-88
2.4,17.022892224544655,1,-86
2.4,11.811762722209599,1,-83
2.4,12.216957214321972,1,-83
2.4,12.647938509787554,1,-81
2.4,13.03594081023871,1,-79
2.4,13.508221858514188,1,-79
2.4,13.99958437774614,1,-80
2.4,14.508089733677112,1,-81
2.4,15.031998293348112,1,-81
2.4,15.492139198700114,1,-82
2.4,16.040657153704583,1,-88
2.4,16.600571884531185,1,-90
2.4,11.238232325895593,1,-84
2.4,11.663368757850284,1,-83
2.4,12.114061075972476,1,-84
2.4,12.518621330365075,1,-81
2.4,13.00969580673833,1,-84
2.4,13.519189692975619,1,-84
2.4,14.045098608605482,1,-84
2.4,14.585647050996569,1,-79
2.4,15.059432398232179,1,-80
2.4,15.62314978254124,1,-83
2.4,16.197503329171187,1,-86
2.4,10.75855688613739,1,-86
2.4,11.201912838575725,1,-84
2.4,11.670439418198484,1,-87
2.4,12.089853616753224,1,-83
2.4,12.597653172131484,1,-80
2.4,13.123153981269432,1,-81
2.4,14.704937423136982,1,-83
2.4,15.281737126032759,1,-84
2.4,15.868452809267866,1,-89
2.4,10.215021951874537,1,-86
2.4,10.680963367041013,1,-82
2.4,11.171359962818556,1,-85
2.4,11.608819392149465,1,-83
2.4,12.136762033192333,1,-82
2.4,12.681376014499854,1,-84
2.4,13.240604313698284,1,-87
2.4,13.812671992149777,1,-88
2.4,14.312068747158776,1,-85
2.4,14.904080541723882,1,-85
2.4,15.505093413616885,1,-85
2.4,9.69158401306531,1,-84
2.4,10.181508024506806,1,-87
2.4,10.694831023624909,1,-90
2.4,11.151000622570598,1,-85
2.4,11.69962050048476,1,-82
2.4,12.26366278181835,1,-83
2.4,12.841095350356605,1,-84
2.4,13.430191166463093,1,-86
2.4,13.94329369368742,1,-87
2.4,14.550317659735708,1,-85
2.4,15.165356869194014,1,-89
2.4,9.191677098730542,1,-83
2.4,9.706865243636637,1,-82
2.4,10.244000089267583,1,-82
2.4,10.719372280576616,1,-84
2.4,11.288987866960781,1,-80
2.4,11.872554570570777,1,-80
2.4,12.468113610405323,1,-81
2.4,13.074026234208334,1,-84
2.4,13.600572275953972,1,-87
2.4,14.222231583132137,1,-83
2.4,14.850864492514722,1,-88
2.4,8.71934946497455,1,-84
2.4,9.26085093623396,1,-83
2.4,9.822406275141478,1,-84
2.4,10.317221975639507,1,-83
2.4,10.907858372082588,1,-81
2.4,11.510763625242484,1,-80
2.4,12.124107563321884,1,-81
2.4,12.746383376385326,1,-85
2.4,13.285920872806381,1,-88
2.4,13.921637777548506,1,-88
2.4,14.563251813384914,1,-89
2.4,8.340008126722747,1,-76
2.4,8.904607825423582,1,-78
2.4,9.487272816536278,1,-80
2.4,9.998687401657692,1,-85
2.4,10.60707569157785,1,-80
2.4,11.226146253174104,1,-79
2.4,11.854225603912237,1,-86
2.4,12.489954749287193,1,-86
2.4,14.339350886337515,1,-89
2.4,7.931952014405151,1,-73
2.4,8.523624095982843,1,-80
2.4,9.13063375130186,1,-78
2.4,10.926412352766091,1,-88
2.4,11.570773175266762,1,-84
2.4,12.221255943816338,1,-82
2.4,13.442499993518306,1,-84
2.4,14.105924678890531,1,-88
2.4,7.566768792810467,1,-69
2.4,8.184882096563383,1,-83
2.4,8.815248147694827,1,-84
2.4,9.363439761440086,1,-83
2.4,10.01050993390999,1,-83
2.4,11.323555937888827,1,-90
2.4,11.987461117738427,1,-90
2.4,12.559642841656393,1,-83
2.4,13.230303597452483,1,-88
2.4,13.903856955951372,1,-90
2.4,7.2927820771842535,1,-62
2.4,7.932274289010264,1,-70
2.4,8.581216718326523,1,-77
2.4,9.14345036775323,1,-82
2.4,9.80504918898218,1,-85
2.4,10.47164240074848,1,-85
2.4,11.142333666694192,1,-83
2.4,11.816425200150006,1,-80
2.4,12.396503893090994,1,-79
2.4,13.075534931398165,1,-77
2.4,13.756668154498998,1,-74
5,7.657735073903852,1,-84
5,6.950102672210787,1,-84
5,6.3620359243618605,1,-87
5,5.824695275417438,1,-90
5,13.887531378080576,1,-90
5,8.777046097315694,1,-89
5,8.15402429129347,1,-89
5,6.9514535734461775,1,-88
5,6.463302618041104,1,-87
5,7.6603402780031695,1,-89
5,7.22027611129914,1,-90
5,4.925613636111126,1,-88
5,4.659747164905326,1,-84
5,4.514007569003125,1,-88
5,4.532972345119354,1,-90
5,26.673398685091346,1,-98
5,5.666469392236283,1,-85
5,5.436952208889644,1,-87
5,5.31257658899373,1,-87
5,6.516669530072142,1,-86
5,6.219940112465446,1,-86
5,6.1115199169135455,1,-89
5,6.125540763347372,1,-89
5,6.242901856671276,1,-89
5,7.136969858402457,0,-66
5,6.441999646997777,0,-70
5,5.803652310751716,0,-67
5,5.242652080413884,0,-60
5,7.713264234470723,0,-69
5,7.075130093711318,0,-66
5,6.499268153808841,0,-64
5,6.003624507519443,0,-64
5,8.347008538499603,0,-72
5,7.761157918375297,0,-68
5,7.24006857192208,0,-63
5,6.798647925750245,0,-56
5,4.830835826735099,0,-58
5,4.494440507676307,0,-47
5,4.332616925789888,0,-47
5,4.323724102878825,0,-61
5,4.498623212716261,0,-66
5,4.792617735495805,0,-66
5,5.250924247288586,0,-68
5,5.813366162812859,0,-69
5,6.378620547699701,0,-69
5,7.068933496908222,0,-72
5,7.802104938789624,0,-58
5,8.480826340898908,0,-71
5,9.26754747042922,0,-77
5,10.073254529139689,0,-77
5,10.89373569997949,0,-81
5,11.632929615948296,0,-78
5,12.47349478461354,0,-79
5,13.321827683690982,0,-78
5,14.081287824007962,0,-73
5,14.940739187695137,0,-81
5,15.804705254034426,0,-85
5,16.575894609809236,0,-86
5,17.446584273366437,0,-86
5,5.6475730341348775,0,-50
5,5.362658097255661,0,-52
5,5.227779243298349,0,-55
5,5.220411526770216,0,-59
5,5.366164104927245,0,-61
5,5.614916842626343,0,-65
5,6.010849510824843,0,-64
5,6.507943802304807,0,-67
5,7.017471516333848,0,-65
5,7.650354709079256,0,-66
5,8.33252349933113,0,-69
5,8.971205148446044,0,-65
5,9.718309652798633,0,-65
5,10.489450090441029,0,-75
5,11.279697863508034,0,-81
5,11.995130588727536,0,-79
5,12.811954516497522,0,-79
5,13.639252150502076,0,-77
5,14.381959990681901,0,-77
5,15.224447243356627,0,-82
5,16.07317064421091,0,-84
5,16.83206429724301,0,-85
5,17.690150061508724,0,-88
5,6.392361602474794,0,-52
5,6.142093091851375,0,-48
5,6.024689327888016,0,-53
5,6.018297283263932,0,-64
5,6.145154422951168,0,-59
5,6.363528646161315,0,-65
5,6.715468525925048,0,-68
5,7.163835440241787,0,-68
5,7.629686242792921,0,-70
5,8.215542152264684,0,-69
5,8.854273180098533,0,-71
5,9.457786606622687,0,-68
5,10.169205877972269,0,-64
5,10.908518179879428,0,-80
5,11.670423710085867,0,-78
5,12.363266701059784,0,-81
5,13.157255953036254,0,-79
5,13.964111318157062,0,-81
5,14.690404312151577,0,-84
5,15.516152859090294,0,-81
5,16.349740678030038,0,-87
5,17.096362016155062,0,-85
5,17.941811917406888,0,-83
5,18.51456769646543,0,-88
5,19.293542726404617,0,-90
5,20.171856920664858,0,-88
5,21.052003047689997,0,-83
5,21.835714008672777,0,-88
5,22.71874615731957,0,-88
5,36.16432197742565,0,-89
5,18.744261078474693,0,-89
5,19.514069214969506,0,-86
5,20.382882966322374,0,-90
5,21.254292242061815,0,-90
5,18.981952719858093,0,-88
5,19.74249485266559,0,-88
5,20.601677691384783,0,-88
5,2.1849393797551406,0,-39
5,1.7394062325414772,0,-43
5,1.5955128475911982,0,-40
5,1.745218740402764,0,-45
5,2.1948490609726146,0,-47
5,2.7235068579823336,0,-50
5,3.40427136904157,0,-51
5,4.035986962206469,0,-52
5,1.691498085754602,0,-44
5,1.054864788828805,0,-41
5,0.7955293380732593,0,-41
5,1.0644219711936214,0,-43
5,1.7042793436989938,0,-54
5,2.346208704779587,0,-51
5,3.1106702227948992,0,-54
5,3.791621874608187,0,-54
5,1.4927730755269542,0,-44
5,0.692780920361955,0,-40
5,0.008521070472427134,0,-43
5,0.7072480566720792,0,-44
5,1.5072404460688384,0,-48
5,2.2072383123011945,0,-51
5,3.007237090069485,0,-53
5,3.7072364533320528,0,-52
5,1.6957526753406351,0,-41
5,1.0616737184861824,0,-44
5,0.8045360710053443,0,-42
5,1.0711701520174808,0,-43
5,1.7085021051121099,0,-46
5,2.349277899312243,0,-49
5,3.112985800930725,0,-51
5,3.7935218203960206,0,-51
5,2.191525226145397,0,-40
5,1.747671812850167,0,-42
5,1.6045198566722156,0,-43
5,1.7534569214782165,0,-43
5,2.2014052612091266,0,-45
5,2.728793200135118,0,-48
5,3.4085020577524987,0,-50
5,4.039556099712869,0,-50
5,2.745739934448458,0,-42
5,2.406379383269475,0,-48
5,2.3045149036725316,0,-45
5,2.410584191907276,0,-44
5,2.753632164046718,0,-46
5,3.191021356853797,0,-49
5,3.7886925513290737,0,-52
5,4.365125250610896,0,-52
5,3.4447486800246727,0,-44
5,3.180859540616511,0,-46
5,3.1045119780982517,0,-44
5,3.184041743944315,0,-49
5,3.4510427084838162,0,-50
5,3.809176155129052,0,-48
5,4.322198159432664,0,-56
5,4.835444564300944,0,-54
5,4.180131475137884,0,-44
5,3.9654852285738973,0,-44
5,3.904510251371126,0,-46
5,3.968038244282261,0,-49
5,4.185319755608406,0,-51
5,4.485201072606494,0,-54
5,4.928346843548027,0,-56
5,5.384118295072485,0,-58
5,4.5594705756988345,0,-60
5,5.32168637550756,0,-58
5,6.190586932709784,0,-55
5,7.06727580214692,0,-55
5,4.348204034044805,0,-54
5,5.141833551398066,0,-56
5,6.036677311440225,0,-56
5,6.932856096489487,0,-57
5,4.317983871288031,0,-50
5,5.116303222181314,0,-55
5,6.01494633005792,0,-57
5,6.91394243869961,0,-62
5,4.472481537549778,0,-48
5,5.2473483829762015,0,-53
5,6.126800612432014,0,-56
5,7.011469634582436,0,-56
5,4.793870825829965,0,-49
5,5.523836659726915,0,-54
5,6.365201657097546,0,-55
5,7.220721073943489,0,-58
5,5.251600126224742,0,-51
5,5.925443260580853,0,-57
5,6.71668806232189,0,-61
5,7.5323913346766345,0,-57
5,5.813554014265608,0,-60
5,6.42876226231637,0,-58
5,7.164635714225632,0,-64
5,7.934420307100683,0,-55
5,7.752839123097794,0,-66
5,8.637681121736906,0,-72
5,9.426617055413328,0,-73
5,10.217273758591807,0,-72
5,11.108361884192608,0,-73
5,11.901566186800057,0,-73
5,12.695623326461043,0,-70
5,13.589770871488458,0,-71
5,14.385181482628415,0,-77
5,15.181074409828664,0,-76
5,16.076941280260034,0,-74
5,7.638960672077221,0,-70
5,8.535616020048984,0,-77
5,9.333183529231393,0,-77
5,10.131134622485058,0,-74
5,11.029184440886365,0,-73
5,11.827699834696903,0,-75
5,12.626403182549195,0,-73
5,13.525127652649452,0,-73
5,14.324128314458166,0,-71
5,15.12323463805483,0,-71
5,16.02233586621613,0,-70
5,7.609982032867261,0,-74
5,8.509691371180091,0,-75
5,9.309480177826053,0,-76
5,10.109302405702161,0,-75
5,11.009133291141039,0,-69
5,11.809004605414852,0,-76
5,12.608892247906178,0,-73
5,13.508781751567494,0,-73
5,14.308695201173384,0,-72
5,15.108617815957933,0,-72
5,16.008540002163095,0,-66
5,7.686997653933725,0,-71
5,8.578633552248107,0,-73
5,9.372541148074852,0,-73
5,10.167403873209501,0,-72
5,11.062509761041117,0,-72
5,11.858781394465844,0,-78
5,12.655523304483642,0,-73
5,13.552316805716393,0,-73
5,14.349803648520849,0,-73
5,15.147555535455268,0,-73
5,16.045293995183634,0,-80
5,7.842011133152599,0,-71
5,8.71780702382564,0,-70
5,9.50009122341796,0,-70
5,10.285101224677485,0,-73
5,11.17078009335233,0,-70
5,11.959845393759736,0,-71
5,12.750273557505944,0,-76
5,13.6408392880867,0,-72
5,14.433435849859483,0,-74
5,15.22680676900473,0,-73
5,16.120132290796583,0,-70
5,8.107727487003332,0,-62
5,8.957581464641208,0,-63
5,9.72058844125617,0,-71
5,10.48910928500997,0,-70
5,11.358892300090567,0,-69
5,12.135732702793682,0,-72
5,12.91540096869839,0,-71
5,13.795310901695176,0,-75
5,14.579512228570236,0,-74
5,15.365342520478622,0,-74
5,16.251054472365873,0,-79
5,8.550739898672868,0,-74
5,9.360457975277194,0,-67
5,10.093054416554473,0,-68
5,10.835189034074535,0,-68
5,11.67922694771805,0,-70
5,12.43607317624429,0,-69
5,13.198010834724377,0,-72
5,14.060245754810847,0,-71
5,14.830444519105816,0,-68
5,15.603642478052201,0,-68
5,16.476549374036104,0,-70
2.4,22.33435029952486,1,-95
2.4,22.14281097245959,1,-93
2.4,21.925809611375936,1,-93
2.4,22.383437537009915,1,-92
2.4,22.12273322456909,1,-92
2.4,25.960655229259217,1,-86
2.4,23.51598343279397,1,-93
2.4,22.73622992082709,1,-93
2.4,19.53705919766232,1,-90
2.4,18.670650512753795,1,-90
2.4,24.576728203703276,1,-87
2.4,23.70468472001127,1,-89
2.4,22.9313486711185,1,-91
2.4,17.396929034620843,1,-85
2.4,25.58036983644077,1,-94
2.4,24.8106830855251,1,-94
2.4,23.947160659393273,1,-92
2.4,23.18191488743036,1,-92
2.4,18.465992841058352,1,-87
2.4,17.72590098717949,1,-87
2.4,13.93502437483862,1,-83
2.4,13.195437792230274,1,-83
2.4,12.463316281387208,1,-86
2.4,11.650354552816108,1,-81
2.4,10.939169776888715,1,-80
2.4,10.24109904301623,1,-81
2.4,9.475052405411779,1,-83
2.4,8.815400857962839,1,-77
2.4,8.180829205395042,1,-75
2.4,7.504830108954901,1,-70
2.4,6.94673658386069,1,-70
2.4,6.439862061164121,1,-68
2.4,5.997207480827514,1,-69
2.4,5.594908939788477,1,-77
2.4,5.340194776016837,1,-70
2.4,5.09789459866601,1,-66
2.4,5.0818340995687405,1,-62
2.4,5.199972309235128,1,-66
2.4,5.434554831638428,1,-68
2.4,5.819870676786225,1,-83
2.4,6.251845239270453,1,-69
2.4,6.751314175555829,1,-71
2.4,7.376771080458759,1,-75
2.4,7.976930849315741,1,-86
2.4,8.609651559502137,1,-88
2.4,9.352144591080124,1,-89
2.4,10.03380698706835,1,-89
2.4,12.989142147732105,1,-90
2.4,13.729256641758255,1,-90
2.4,14.569454224908176,1,-92
2.4,15.321999563143418,1,-90
2.4,16.079127613593958,1,-91
2.4,16.935609032174522,1,-91
2.4,20.883727123581,1,-93
2.4,21.757908149650422,1,-92
2.4,22.53666437718538,1,-92
2.4,24.19612415093791,1,-91
2.4,24.97893308628039,1,-91
2.4,25.76279822399239,1,-94
2.4,26.645792928839203,1,-92
2.4,27.43160503885709,1,-91
2.4,15.810892527410896,1,-78
2.4,14.251158029824866,1,-80
2.4,13.528864674920591,1,-84
2.4,12.81580483596667,1,-80
2.4,12.026693729783688,1,-87
2.4,11.339137368922326,1,-80
2.4,10.66727286950902,1,-81
2.4,9.934144097454736,1,-84
2.4,9.307088328272554,1,-84
2.4,8.70841933714378,1,-73
2.4,8.076699562814708,1,-77
2.4,7.560935790578024,1,-70
2.4,7.098057778753019,1,-81
2.4,6.6542417078843625,1,-77
2.4,6.341419944162369,1,-77
2.4,6.1178657315678935,1,-65
2.4,5.993576170431577,1,-72
2.4,5.979921720825181,1,-67
2.4,6.080636314438586,1,-70
2.4,6.2824208860710495,1,-70
2.4,6.618558805825731,1,-73
2.4,7.0014280591494895,1,-79
2.4,7.450816671259483,1,-79
2.4,8.021918570089692,1,-78
2.4,8.577053791741212,1,-77
2.4,9.168452756473949,1,-81
2.4,9.868993587196538,1,-81
2.4,10.517210116062094,1,-87
2.4,11.18509646032037,1,-86
2.4,11.90626163811047,1,-91
2.4,12.60847890890941,1,-92
2.4,13.321727162710015,1,-92
2.4,16.348973841741106,1,-93
2.4,17.192017163624705,1,-90
2.4,17.946033777847372,1,-89
2.4,18.703871325394417,1,-89
2.4,19.560452730786754,1,-89
2.4,21.092194277407174,1,-92
2.4,21.95807750947973,1,-92
2.4,22.729976729279592,1,-93
2.4,30.03813264419946,1,-94
2.4,30.82310962495176,1,-93
2.4,16.17215967287594,1,-82
2.4,15.407452663510128,1,-88
2.4,14.604318061954721,1,-84
2.4,13.90038777358421,1,-83
2.4,13.20740150284233,1,-81
2.4,12.443149236978291,1,-80
2.4,10.434453498515865,1,-79
2.4,9.839334022888051,1,-79
2.4,9.275083191822858,1,-74
2.4,8.684680575108475,1,-82
2.4,8.207213345157959,1,-79
2.4,7.7828674082378795,1,-72
2.4,7.38034779469389,1,-69
2.4,7.099592084895824,1,-76
2.4,6.900643591230309,1,-70
2.4,6.790696295260186,1,-65
2.4,6.778647700750642,1,-72
2.4,6.867658906218657,1,-73
2.4,7.046943525631302,1,-72
2.4,7.3481917183663965,1,-73
2.4,7.694842151151702,1,-76
2.4,8.105878726727498,1,-77
2.4,8.633758069858398,1,-80
2.4,9.151855145822484,1,-80
2.4,9.708301953039467,1,-84
2.4,10.372445964565038,1,-91
2.4,10.99101039436748,1,-93
2.4,13.051749551997636,1,-91
2.4,13.742010062918121,1,-91
2.4,14.532011183789207,1,-94
2.4,15.244475171256209,1,-94
2.4,15.965234024226499,1,-91
2.4,16.69321334104348,1,-88
2.4,17.519699772713672,1,-87
2.4,18.260190424179477,1,-91
2.4,19.005505216346357,1,-94
2.4,19.849073958373978,1,-90
2.4,20.60292239480294,1,-90
2.4,21.360128403348728,1,-91
2.4,22.94956302366751,1,-88
2.4,23.716178384776914,1,-88
2.4,25.352086696291167,1,-92
2.4,26.124757875577256,1,-91
2.4,26.995916034355414,1,-93
2.4,27.771823071869804,1,-94
2.4,28.549060070981536,1,-93
2.4,29.424910185299535,1,-91
2.4,30.204635631210923,1,-92
2.4,30.985394750034875,1,-92
2.4,19.002057868894976,0,-69
2.4,18.13490313537034,0,-64
2.4,17.271109408653995,0,-79
2.4,16.411207410855795,0,-73
2.4,19.25701506528181,0,-78
2.4,18.401878645967702,0,-76
2.4,17.55122919277603,0,-60
2.4,16.705752142713756,0,-68
2.4,19.550116500833123,0,-76
2.4,18.708382176783196,0,-78
2.4,17.872326993120137,0,-65
2.4,17.04278676230628,0,-70
2.4,15.650635861951443,0,-65
2.4,14.799963221570254,0,-72
2.4,14.048970978726684,0,-65
2.4,13.210983840635643,0,-60
2.4,12.381704346089341,0,-59
2.4,11.653380484444853,0,-51
2.4,10.846095389202132,0,-51
2.4,10.054565812013129,0,-49
2.4,9.367441906378485,0,-53
2.4,8.617741951683593,0,-57
2.4,7.89949269397971,0,-61
2.4,7.2949749158932224,0,-50
2.4,6.66432048298571,0,-48
2.4,6.101612571802182,0,-49
2.4,5.627271492722379,0,-44
2.4,5.299137538701789,0,-51
2.4,5.057407154907542,0,-46
2.4,4.969293270369695,0,-47
2.4,5.026783246591604,0,-46
2.4,5.238803134748009,0,-49
2.4,5.589415601033538,0,-48
2.4,5.9980197534144235,0,-49
2.4,6.544673363796024,0,-50
2.4,15.959223942756667,0,-60
2.4,15.125916082389498,0,-65
2.4,14.39194259065682,0,-64
2.4,13.575143461827325,0,-61
2.4,12.769535171086877,0,-57
2.4,12.064646811527359,0,-61
2.4,11.286815811526687,0,-64
2.4,10.528471856815704,0,-55
2.4,9.874380681391257,0,-53
2.4,9.166237086038329,0,-50
2.4,8.49449296861772,0,-52
2.4,7.935432250052194,0,-53
2.4,7.359863685667009,0,-56
2.4,6.854495017726071,0,-55
2.4,6.435884587565492,0,-55
2.4,6.151039312647542,0,-48
2.4,5.944055274151401,0,-45
2.4,5.869267550435798,0,-48
2.4,5.9180212723402,0,-46
2.4,6.099137992889049,0,-51
2.4,6.402811314784639,0,-49
2.4,6.7624453368590505,0,-56
2.4,7.251701552769409,0,-58
2.4,16.270446512580804,0,-62
2.4,15.453929538961424,0,-64
2.4,14.736302534776383,0,-65
2.4,13.939695867302428,0,-72
2.4,13.15642920207911,0,-65
2.4,12.473423890439722,0,-53
2.4,11.722747631294636,0,-62
2.4,10.994513199930932,0,-57
2.4,10.369859917314603,0,-49
2.4,9.69796386780027,0,-50
2.4,9.065705248770835,0,-52
2.4,8.544102402175643,0,-59
2.4,8.012377570689935,0,-53
2.4,7.550808089981277,0,-52
2.4,7.172949971117755,0,-51
2.4,6.9185175788915005,0,-51
2.4,6.735161020039703,0,-50
2.4,6.669250515784649,0,-53
2.4,6.712196111822589,0,-48
2.4,6.872414795397454,0,-64
2.4,7.143290110056386,0,-56
2.4,7.467346770955657,0,-59
2.4,7.913139470155534,0,-62
2.4,7.3084147710383025,0,-54
2.4,7.913760210342698,0,-70
2.4,8.632734743013643,0,-68
2.4,9.382996196293929,0,-68
2.4,10.070515965974081,0,-68
2.4,10.862403062737565,0,-74
2.4,11.57957142983465,0,-74
2.4,12.398507288180884,0,-78
2.4,13.135359042536559,0,-80
2.4,13.97262200350308,0,-85
2.4,14.723071685421186,0,-83
2.4,15.573225366971434,0,-82
2.4,18.05638500599215,0,-89
2.4,18.826781819681518,0,-85
2.4,19.69629970736438,0,-84
2.4,22.12442268266674,0,-88
2.4,23.002317003244045,0,-84
2.4,23.784054778758872,0,-84
2.4,7.947789154047051,0,-67
2.4,8.507762728147771,0,-66
2.4,9.180334150503015,0,-62
2.4,9.889137656607042,0,-63
2.4,10.543705126405802,0,-69
2.4,11.30248761419483,0,-73
2.4,11.993369020850643,0,-73
2.4,12.785828441940382,0,-82
2.4,13.501558545145965,0,-81
2.4,14.317422659977442,0,-82
2.4,15.050689878730083,0,-85
2.4,15.883317484144792,0,-83
2.4,16.629324956335783,0,-82
2.4,17.474294176871453,0,-89
2.4,18.324504507797073,0,-89
2.4,19.08408079152747,0,-85
2.4,19.942383210990084,0,-87
2.4,20.70829114956741,0,-86
2.4,21.57289574469972,0,-85
2.4,22.343780007262776,0,-89
2.4,23.213380053094102,0,-89
2.4,23.988240612655606,0,-90
2.4,8.555580243378184,0,-71
2.4,9.078140090467626,0,-70
2.4,9.711289099732696,0,-69
2.4,10.383912771928442,0,-67
2.4,11.009101628029926,0,-67
2.4,11.73783741294463,0,-79
2.4,12.404495206738366,0,-75
2.4,13.172243917056303,0,-77
2.4,13.868045428671598,0,-82
2.4,14.663532742423659,0,-85
2.4,15.380307756654393,0,-87
2.4,16.195998739374946,0,-84
2.4,16.92823231666872,0,-82
2.4,17.75898527066056,0,-87
2.4,18.596184187084468,0,-84
2.4,19.345096032877244,0,-88
2.4,20.192306678477184,0,-86
2.4,20.94907929239247,0,-86
2.4,21.80413794845782,0,-91
2.4,22.567124448556818,0,-91
2.4,23.42843602021019,0,-87
2.4,27.189761879874673,0,-78
2.4,27.004676450951802,0,-90
2.4,26.823462197280456,0,-89
2.4,27.883849423941125,0,-91
2.4,28.063137022804792,0,-91
2.4,25.4485782339883,0,-91
2.4,25.250733321385496,0,-92
2.4,25.056837535811873,0,-86
2.4,25.939576245044982,0,-83
2.4,26.1269217808788,0,-87
2.4,26.318180837737515,0,-87
2.4,30.79011236200952,0,-87
2.4,30.62679249287258,0,-86
2.4,30.467129704483472,0,-86
2.4,31.355422193079303,0,-85
2.4,28.76431065006519,0,-88
2.4,28.59425014232401,0,-88
2.4,29.743972665483746,0,-87
2.4,29.912113111392507,0,-91
2.4,14.171434699414236,0,-66
2.4,13.3732657059162,0,-57
2.4,12.675057221454576,0,-60
2.4,11.17965069644547,0,-57
2.4,10.48224353946459,0,-55
2.4,9.685664862151674,0,-52
2.4,8.989157009866556,0,-58
2.4,14.141434237850738,0,-60
2.4,13.341470552556398,0,-50
2.4,12.641506098200601,0,-57
2.4,11.941545811031185,0,-59
2.4,11.141597307308718,0,-57
2.4,10.441648839352066,0,-58
2.4,9.641716895118567,0,-61
2.4,8.941786432907477,0,-61
2.4,14.156650845703311,0,-49
2.4,13.35759848806756,0,-51
2.4,12.658525873676531,0,-50
2.4,11.959561748686765,0,-50
2.4,11.16090459693676,0,-52
2.4,10.462247910847722,0,-55
2.4,9.66402118940713,0,-59
2.4,8.965832112828314,0,-61
2.4,14.216939334148103,0,-54
2.4,13.421476753029824,0,-54
2.4,12.725913647288095,0,-49
2.4,12.030865225923979,0,-47
2.4,11.237276907045555,0,-48
2.4,10.543682099330042,0,-53
2.4,9.752123174622294,0,-58
2.4,9.060725486356965,0,-60
2.4,14.321730513263496,0,-54
2.4,13.532429164633198,0,-54
2.4,12.84287658672809,0,-54
2.4,12.154518458089651,0,-49
2.4,11.369564334191285,0,-49
2.4,10.684560499872138,0,-53
2.4,9.904267124664015,0,-57
2.4,9.224280308122355,0,-58
2.4,12.984847121844057,0,-49
2.4,12.304433944874317,0,-53
2.4,11.529690754961635,0,-54
2.4,10.854796581749529,0,-54
2.4,10.08767976456597,0,-56
2.4,9.420940662086092,0,-55
2.4,14.634525667542873,0,-54
2.4,13.86304496549166,0,-62
2.4,13.190786771127684,0,-53
2.4,12.52156921346005,0,-56
2.4,11.761138115367194,0,-54
2.4,11.10032475627882,0,-53
2.4,10.351419414559961,0,-56
2.4,9.702820405544067,0,-50
2.4,14.860684451857066,0,-65
2.4,14.101582059433573,0,-62
2.4,13.441259483584576,0,-59
2.4,12.785159225882394,0,-52
2.4,12.041385743860138,0,-49
2.4,11.396833356619355,0,-49
2.4,10.668762100629298,0,-51
2.4,10.040683477031706,0,-45
2.4,8.382110385037247,0,-64
2.4,7.5864648360235485,0,-64
2.4,6.692604663705549,0,-61
2.4,5.800643555769035,0,-62
2.4,8.341115062064926,0,-59
2.4,7.541145448794825,0,-57
2.4,6.641188384341342,0,-53
2.4,5.741244780772018,0,-55
2.4,8.396941493797815,0,-58
2.4,7.602848193377006,0,-58
2.4,6.711170473767409,0,-53
2.4,5.822054414414128,0,-75
2.4,8.547692812795777,0,-58
2.4,7.769023530868799,0,-58
2.4,6.898857521330947,0,-57
2.4,6.0374451199208545,0,-56
2.4,8.788485557454008,0,-59
2.4,8.033190685826536,0,-59
2.4,7.195044202177056,0,-52
2.4,6.373787692394001,0,-52
2.4,9.11218439043212,0,-57
2.4,8.386094357119248,0,-72
2.4,7.587034140093134,0,-53
2.4,6.813192755189767,0,-45
2.4,9.510327562018663,0,-51
2.4,8.817085943675744,0,-47
2.4,8.06086304402921,0,-51
2.4,7.33716712982793,0,-58
2.4,5.108845817520656,0,-40
2.4,4.223365253400397,0,-39
2.4,3.442599056657964,0,-45
2.4,2.673230716974276,0,-43
2.4,1.839203888264247,0,-43
2.4,1.182093542778582,0,-38
2.4,0.8318770012155067,0,-37
2.4,1.1952103670830732,0,-33
2.4,1.8555867058306206,0,-34
2.4,2.5957419409732942,0,-32
2.4,3.460402389977123,0,-33
2.4,5.040923174468492,0,-45
2.4,4.140943724240284,0,-44
2.4,3.3409712852099616,0,-45
2.4,2.541016200237614,0,-38
2.4,1.641119071335631,0,-35
2.4,0.8413952742760195,0,-34
2.4,0.051187975604658695,0,-36
2.4,0.8597259361436371,0,-34
2.4,1.6594586124849675,0,-35
2.4,2.4593651798427585,0,-31
2.4,3.3593132578333003,0,-36
2.4,5.115206000011202,0,-37
2.4,4.231056711860774,0,-42
2.4,3.452030576378866,0,-41
2.4,2.685365766804795,0,-40
2.4,1.8567977213360178,0,-39
2.4,1.2092857310127836,0,-40
2.4,0.8700840077277638,0,-37
2.4,1.2221107384092318,0,-34
2.4,1.8730266571001166,0,-33
2.4,2.6082375389293264,0,-32
2.4,3.469785517277932,0,-30
2.4,5.342261543036591,0,-43
2.4,4.502917595364054,0,-42
2.4,3.780336105680513,0,-41
2.4,3.0960644814319043,0,-41
2.4,2.4129077374851544,0,-49
2.4,1.9587746044117025,0,-44
2.4,1.7695966071850122,0,-39
2.4,1.9667182382314596,0,-36
2.4,2.4254184855122913,0,-34
2.4,3.0294106738996627,0,-34
2.4,3.7965560061151193,0,-34
2.4,5.657769813089155,0,-46
2.4,4.873075798131441,0,-40
2.4,4.214444439734245,0,-40
2.4,3.6133386413232005,0,-42
2.4,3.0483970563742044,0,-37
2.4,2.7032200825281336,0,-38
2.4,2.569449944220726,0,-46
2.4,2.7089816338040102,0,-40
2.4,3.0583092867726647,0,-34
2.4,3.556392820658651,0,-34
2.4,4.228999689201215,0,-41
2.4,6.119214429120786,0,-49
2.4,5.401971279634085,0,-41
2.4,4.816219254484167,0,-43
2.4,4.30007466313511,0,-45
2.4,3.8375969805293586,0,-48
2.4,3.569569271808651,0,-41
2.4,3.469365790387781,0,-41
2.4,3.5739344515456044,0,-44
2.4,3.8454754797316104,0,-36
2.4,4.252335342666372,0,-41
2.4,4.828961000352054,0,-46
2.4,6.803444819879183,0,-44
2.4,6.1663092602927705,0,-42
2.4,5.660215905320652,0,-35
2.4,5.228070226777504,0,-42
2.4,4.85481480311545,0,-47
2.4,4.645847713154339,0,-43
2.4,4.569307953628633,0,-50
2.4,4.649202474782684,0,-40
2.4,4.8610449342500335,0,-43
2.4,5.188875798674544,0,-37
2.4,5.671061675780115,0,-42
2.4,25.1464329797312,1,-90
2.4,25.141397482237263,1,-91
2.4,25.15259068182873,1,-91
2.4,25.18371683773765,1,-95
2.4,24.714703843352567,1,-95
2.4,24.81087537174772,1,-95
2.4,23.872581792203526,1,-92
2.4,23.84673850196669,1,-92
2.4,23.221245134484658,1,-93
2.4,23.17354097568088,1,-92
2.4,23.141446645856593,1,-93
2.4,23.15360670631681,1,-93
2.4,23.18741639912761,1,-92
2.4,23.251814555647634,1,-92
2.4,22.547079251163517,1,-92
2.4,22.541463096125362,1,-92
2.4,21.22882264985528,1,-85
2.4,21.176630677582825,1,-89
2.4,21.14749305734548,1,-90
2.4,19.934561863158077,1,-87
2.4,19.878972117084164,1,-87
2.4,19.280159181987166,1,-92
2.4,19.248150919984425,1,-92
2.4,19.29683435172037,1,-93
2.4,19.374168804401144,1,-93
5,5.340194776016837,1,-82
5,5.09789459866601,1,-82
5,14.569454224908176,1,-98
5,6.6542417078843625,1,-89
5,6.341419944162369,1,-88
5,6.1178657315678935,1,-88
5,5.993576170431577,1,-89
5,5.979921720825181,1,-89
5,6.790696295260186,1,-89
5,6.778647700750642,1,-89
5,19.002057868894976,0,-86
5,18.13490313537034,0,-83
5,17.271109408653995,0,-83
5,16.411207410855795,0,-84
5,19.25701506528181,0,-85
5,18.401878645967702,0,-85
5,17.55122919277603,0,-83
5,16.705752142713756,0,-81
5,19.550116500833123,0,-85
5,18.708382176783196,0,-85
5,17.872326993120137,0,-85
5,17.04278676230628,0,-79
5,15.650635861951443,0,-78
5,14.799963221570254,0,-76
5,14.048970978726684,0,-78
5,13.210983840635643,0,-77
5,12.381704346089341,0,-76
5,11.653380484444853,0,-73
5,10.846095389202132,0,-72
5,10.054565812013129,0,-72
5,9.367441906378485,0,-76
5,8.617741951683593,0,-77
5,7.89949269397971,0,-73
5,7.2949749158932224,0,-69
5,6.66432048298571,0,-66
5,6.101612571802182,0,-69
5,5.627271492722379,0,-64
5,5.299137538701789,0,-62
5,5.057407154907542,0,-54
5,4.969293270369695,0,-56
5,5.026783246591604,0,-59
5,5.238803134748009,0,-70
5,5.589415601033538,0,-73
5,5.9980197534144235,0,-70
5,6.544673363796024,0,-67
5,15.959223942756667,0,-77
5,15.125916082389498,0,-82
5,14.39194259065682,0,-82
5,13.575143461827325,0,-76
5,12.769535171086877,0,-82
5,12.064646811527359,0,-79
5,11.286815811526687,0,-72
5,10.528471856815704,0,-76
5,9.874380681391257,0,-71
5,9.166237086038329,0,-68
5,8.49449296861772,0,-74
5,7.935432250052194,0,-77
5,7.359863685667009,0,-71
5,6.854495017726071,0,-68
5,6.435884587565492,0,-63
5,6.151039312647542,0,-61
5,5.944055274151401,0,-63
5,5.869267550435798,0,-56
5,5.9180212723402,0,-69
5,6.099137992889049,0,-69
5,6.402811314784639,0,-69
5,6.7624453368590505,0,-69
5,7.251701552769409,0,-70
5,16.270446512580804,0,-78
5,15.453929538961424,0,-83
5,14.736302534776383,0,-76
5,13.939695867302428,0,-84
5,13.15642920207911,0,-72
5,12.473423890439722,0,-77
5,11.722747631294636,0,-77
5,10.994513199930932,0,-77
5,10.369859917314603,0,-81
5,9.065705248770835,0,-69
5,8.544102402175643,0,-73
5,8.012377570689935,0,-74
5,7.550808089981277,0,-63
5,7.172949971117755,0,-57
5,6.9185175788915005,0,-52
5,6.735161020039703,0,-52
5,6.669250515784649,0,-64
5,6.712196111822589,0,-69
5,6.872414795397454,0,-66
5,7.143290110056386,0,-63
5,7.467346770955657,0,-63
5,7.913139470155534,0,-71
5,7.3084147710383025,0,-72
5,7.913760210342698,0,-83
5,8.632734743013643,0,-89
5,9.382996196293929,0,-80
5,10.070515965974081,0,-86
5,10.862403062737565,0,-88
5,11.57957142983465,0,-86
5,12.398507288180884,0,-86
5,7.947789154047051,0,-77
5,8.507762728147771,0,-74
5,9.180334150503015,0,-77
5,9.889137656607042,0,-84
5,10.543705126405802,0,-88
5,11.30248761419483,0,-89
5,8.555580243378184,0,-77
5,9.078140090467626,0,-77
5,9.711289099732696,0,-81
5,10.383912771928442,0,-85
5,11.009101628029926,0,-86
5,14.171434699414236,0,-65
5,13.3732657059162,0,-62
5,12.675057221454576,0,-68
5,11.977057881352216,0,-71
5,11.17965069644547,0,-71
5,10.48224353946459,0,-69
5,9.685664862151674,0,-62
5,8.989157009866556,0,-65
5,14.141434237850738,0,-68
5,13.341470552556398,0,-68
5,12.641506098200601,0,-66
5,11.941545811031185,0,-67
5,11.141597307308718,0,-65
5,10.441648839352066,0,-67
5,9.641716895118567,0,-62
5,8.941786432907477,0,-66
5,14.156650845703311,0,-67
5,13.35759848806756,0,-65
5,12.658525873676531,0,-65
5,11.959561748686765,0,-63
5,11.16090459693676,0,-62
5,10.462247910847722,0,-62
5,9.66402118940713,0,-62
5,8.965832112828314,0,-61
5,14.216939334148103,0,-68
5,13.421476753029824,0,-65
5,12.725913647288095,0,-62
5,12.030865225923979,0,-60
5,11.237276907045555,0,-59
5,10.543682099330042,0,-59
5,9.752123174622294,0,-60
5,9.060725486356965,0,-60
5,14.321730513263496,0,-64
5,13.532429164633198,0,-62
5,12.84287658672809,0,-62
5,12.154518458089651,0,-59
5,11.369564334191285,0,-58
5,10.684560499872138,0,-58
5,9.904267124664015,0,-59
5,9.224280308122355,0,-60
5,14.449177853783793,0,-65
5,13.667238742758117,0,-68
5,12.984847121844057,0,-64
5,12.304433944874317,0,-62
5,11.529690754961635,0,-63
5,10.854796581749529,0,-60
5,10.08767976456597,0,-61
5,9.420940662086092,0,-61
5,14.634525667542873,0,-66
5,13.86304496549166,0,-66
5,13.190786771127684,0,-65
5,12.52156921346005,0,-61
5,11.761138115367194,0,-63
5,11.10032475627882,0,-59
5,10.351419414559961,0,-59
5,9.702820405544067,0,-66
5,14.860684451857066,0,-70
5,14.101582059433573,0,-66
5,13.441259483584576,0,-63
5,12.785159225882394,0,-61
5,12.041385743860138,0,-65
5,11.396833356619355,0,-66
5,10.668762100629298,0,-59
5,10.040683477031706,0,-63
5,8.382110385037247,0,-69
5,7.5864648360235485,0,-67
5,6.692604663705549,0,-68
5,5.800643555769035,0,-76
5,8.341115062064926,0,-66
5,7.541145448794825,0,-68
5,6.641188384341342,0,-71
5,5.741244780772018,0,-65
5,8.396941493797815,0,-65
5,7.602848193377006,0,-68
5,6.711170473767409,0,-65
5,5.822054414414128,0,-68
5,8.547692812795777,0,-63
5,7.769023530868799,0,-64
5,6.898857521330947,0,-68
5,6.0374451199208545,0,-67
5,8.788485557454008,0,-61
5,8.033190685826536,0,-62
5,7.195044202177056,0,-65
5,6.373787692394001,0,-61
5,9.11218439043212,0,-60
5,8.386094357119248,0,-58
5,7.587034140093134,0,-53
5,6.813192755189767,0,-52
5,9.510327562018663,0,-61
5,8.817085943675744,0,-59
5,8.06086304402921,0,-57
5,7.33716712982793,0,-69
5,5.108845817520656,0,-45
5,4.223365253400397,0,-51
5,3.442599056657964,0,-49
5,2.673230716974276,0,-45
5,1.839203888264247,0,-48
5,1.182093542778582,0,-50
5,0.8318770012155067,0,-46
5,1.1952103670830732,0,-47
5,1.8555867058306206,0,-45
5,2.5957419409732942,0,-39
5,3.460402389977123,0,-43
5,5.040923174468492,0,-47
5,4.140943724240284,0,-45
5,3.3409712852099616,0,-50
5,2.541016200237614,0,-50
5,1.641119071335631,0,-50
5,0.8413952742760195,0,-48
5,0.051187975604658695,0,-48
5,0.8597259361436371,0,-47
5,1.6594586124849675,0,-45
5,2.4593651798427585,0,-41
5,3.3593132578333003,0,-46
5,5.115206000011202,0,-49
5,4.231056711860774,0,-50
5,3.452030576378866,0,-50
5,2.685365766804795,0,-49
5,1.8567977213360178,0,-53
5,1.2092857310127836,0,-49
5,0.8700840077277638,0,-49
5,1.2221107384092318,0,-47
5,1.8730266571001166,0,-46
5,2.6082375389293264,0,-45
5,3.469785517277932,0,-43
5,5.342261543036591,0,-49
5,4.502917595364054,0,-50
5,3.780336105680513,0,-50
5,3.0960644814319043,0,-49
5,2.4129077374851544,0,-46
5,1.9587746044117025,0,-47
5,1.7695966071850122,0,-48
5,1.9667182382314596,0,-47
5,2.4254184855122913,0,-46
5,3.0294106738996627,0,-45
5,3.7965560061151193,0,-45
5,5.657769813089155,0,-48
5,4.873075798131441,0,-51
5,4.214444439734245,0,-50
5,3.6133386413232005,0,-49
5,3.0483970563742044,0,-52
5,2.7032200825281336,0,-52
5,2.569449944220726,0,-49
5,2.7089816338040102,0,-49
5,3.0583092867726647,0,-46
5,3.556392820658651,0,-48
5,4.228999689201215,0,-45
5,6.119214429120786,0,-49
5,5.401971279634085,0,-58
5,4.816219254484167,0,-50
5,4.30007466313511,0,-49
5,3.8375969805293586,0,-48
5,3.569569271808651,0,-51
5,3.469365790387781,0,-47
5,3.5739344515456044,0,-50
5,3.8454754797316104,0,-53
5,4.252335342666372,0,-45
5,4.828961000352054,0,-47
5,6.803444819879183,0,-48
5,6.1663092602927705,0,-47
5,5.660215905320652,0,-50
5,5.228070226777504,0,-50
5,4.85481480311545,0,-52
5,4.645847713154339,0,-53
5,4.569307953628633,0,-48
5,4.649202474782684,0,-46
5,4.8610449342500335,0,-46
5,5.188875798674544,0,-48
5,5.671061675780115,0,-50
